store_id,date,day_of_week,is_weekend,is_public_holiday,is_school_term,is_retail_peak,demand_index,transaction_count,sales_amount
1,2024-07-01,0,False,False,True,False,84.23,84,2956.41
2,2024-07-01,0,False,False,True,False,121.05,121,5763.94
3,2024-07-01,0,False,False,True,False,101.55,102,5477.78
4,2024-07-01,0,False,False,True,False,139.96,140,5184.53
5,2024-07-01,0,False,False,True,False,126.4,126,5126.17
6,2024-07-01,0,False,False,True,False,144.17,144,5589.4
7,2024-07-01,0,False,False,True,False,139.75,140,5274.32
8,2024-07-01,0,False,False,True,False,122.61,123,4725.61
9,2024-07-01,0,False,False,True,False,77.5,77,2965.06
10,2024-07-01,0,False,False,True,False,96.52,97,4110.21
11,2024-07-01,0,False,False,True,False,179.33,179,6422.19
12,2024-07-01,0,False,False,True,False,109.81,110,5062.15
1,2024-07-02,1,False,False,True,False,110.82,111,5862.1
2,2024-07-02,1,False,False,True,False,165.65,166,8666.47
3,2024-07-02,1,False,False,True,False,80.35,80,4032.26
4,2024-07-02,1,False,False,True,False,108.64,109,5068.54
5,2024-07-02,1,False,False,True,False,116.2,116,5583.08
6,2024-07-02,1,False,False,True,False,154.28,154,7026.91
7,2024-07-02,1,False,False,True,False,134.04,134,5529.54
8,2024-07-02,1,False,False,True,False,106.12,106,5046.89
9,2024-07-02,1,False,False,True,False,71.01,71,2994.01
10,2024-07-02,1,False,False,True,False,154.16,154,7496.62
11,2024-07-02,1,False,False,True,False,193.84,194,6864.93
12,2024-07-02,1,False,False,True,False,116.28,116,5302.4
1,2024-07-03,2,False,False,True,False,82.84,83,3324.82
2,2024-07-03,2,False,False,True,False,176.7,177,6591.49
3,2024-07-03,2,False,False,True,False,66.01,66,3607.52
4,2024-07-03,2,False,False,True,False,131.19,131,4954.02
5,2024-07-03,2,False,False,True,False,112.66,113,4165.39
6,2024-07-03,2,False,False,True,False,169.7,170,6279.29
7,2024-07-03,2,False,False,True,False,124.68,125,4764.9
8,2024-07-03,2,False,False,True,False,154.12,154,6884.15
9,2024-07-03,2,False,False,True,False,83.11,83,4478.71
10,2024-07-03,2,False,False,True,False,124.87,125,6091.18
11,2024-07-03,2,False,False,True,False,181.17,181,7852.45
12,2024-07-03,2,False,False,True,False,107.84,108,5035.84
1,2024-07-04,3,False,False,True,False,117.02,117,6025.35
2,2024-07-04,3,False,False,True,False,153.79,154,8404.62
3,2024-07-04,3,False,False,True,False,100.68,101,5475.79
4,2024-07-04,3,False,False,True,False,103.61,104,3784.93
5,2024-07-04,3,False,False,True,False,202.4,202,7566.6
6,2024-07-04,3,False,False,True,False,172.48,172,8615.69
7,2024-07-04,3,False,False,True,False,131.33,131,5312.3
8,2024-07-04,3,False,False,True,False,116.56,117,5445.7
9,2024-07-04,3,False,False,True,False,94.93,95,4065.25
10,2024-07-04,3,False,False,True,False,125.6,126,6796.83
11,2024-07-04,3,False,False,True,False,203.33,203,9306.57
12,2024-07-04,3,False,False,True,False,94.67,95,4007.61
1,2024-07-05,4,False,False,True,False,119.19,119,5045.81
2,2024-07-05,4,False,False,True,False,161.71,162,6240.79
3,2024-07-05,4,False,False,True,False,64.59,65,2437.85
4,2024-07-05,4,False,False,True,False,121.5,121,4428.69
5,2024-07-05,4,False,False,True,False,192.26,192,7535.19
6,2024-07-05,4,False,False,True,False,121.45,121,5620.37
7,2024-07-05,4,False,False,True,False,165.82,166,7113.98
8,2024-07-05,4,False,False,True,False,122.28,122,5230.03
9,2024-07-05,4,False,False,True,False,110.54,111,5624.47
10,2024-07-05,4,False,False,True,False,158.92,159,8285.18
11,2024-07-05,4,False,False,True,False,150.24,150,6182.46
12,2024-07-05,4,False,False,True,False,162.14,162,8895.51
1,2024-07-06,5,True,False,False,True,212.06,212,9417.31
2,2024-07-06,5,True,False,False,True,307.38,307,10973.57
3,2024-07-06,5,True,False,False,True,149.97,150,7908.62
4,2024-07-06,5,True,False,False,True,264.42,264,12871.53
5,2024-07-06,5,True,False,False,True,253.51,254,9679.83
6,2024-07-06,5,True,False,False,True,261.48,261,11170.12
7,2024-07-06,5,True,False,False,True,171.44,171,8846.49
8,2024-07-06,5,True,False,False,True,157.72,158,6072.08
9,2024-07-06,5,True,False,False,True,89.56,90,3457.08
10,2024-07-06,5,True,False,False,True,230.38,230,12130.86
11,2024-07-06,5,True,False,False,True,264.61,265,9366.61
12,2024-07-06,5,True,False,False,True,222.65,223,12015.04
1,2024-07-07,6,True,False,False,True,139.0,139,6159.84
2,2024-07-07,6,True,False,False,True,224.75,225,11990.91
3,2024-07-07,6,True,False,False,True,129.84,130,5324.51
4,2024-07-07,6,True,False,False,True,214.3,214,9262.98
5,2024-07-07,6,True,False,False,True,415.07,415,20300.07
6,2024-07-07,6,True,False,False,True,203.07,203,8965.11
7,2024-07-07,6,True,False,False,True,159.0,159,6434.85
8,2024-07-07,6,True,False,False,True,252.48,252,10373.7
9,2024-07-07,6,True,False,False,True,146.63,147,6356.09
10,2024-07-07,6,True,False,False,True,171.61,172,6084.15
11,2024-07-07,6,True,False,False,True,240.79,241,10086.21
12,2024-07-07,6,True,False,False,True,156.3,156,6361.44
1,2024-07-08,0,False,False,False,True,86.53,87,4272.15
2,2024-07-08,0,False,False,False,True,194.64,195,7910.19
3,2024-07-08,0,False,False,False,True,76.61,77,4064.27
4,2024-07-08,0,False,False,False,True,134.37,134,5102.51
5,2024-07-08,0,False,False,False,True,114.57,115,4047.88
6,2024-07-08,0,False,False,False,True,198.06,198,6948.77
7,2024-07-08,0,False,False,False,True,134.76,135,4876.38
8,2024-07-08,0,False,False,False,True,141.48,141,6351.34
9,2024-07-08,0,False,False,False,True,98.2,98,3690.95
10,2024-07-08,0,False,False,False,True,121.51,122,5814.42
11,2024-07-08,0,False,False,False,True,199.89,200,9304.74
12,2024-07-08,0,False,False,False,True,139.59,140,5635.01
1,2024-07-09,1,False,False,False,True,114.67,115,5022.62
2,2024-07-09,1,False,False,False,True,189.79,190,8156.64
3,2024-07-09,1,False,False,False,True,119.09,119,5409.46
4,2024-07-09,1,False,False,False,True,134.02,134,6077.48
5,2024-07-09,1,False,False,False,True,227.48,227,9445.76
6,2024-07-09,1,False,False,False,True,205.36,205,8474.85
7,2024-07-09,1,False,False,False,True,121.55,122,5014.33
8,2024-07-09,1,False,False,False,True,135.93,136,6887.2
9,2024-07-09,1,False,False,False,True,112.33,112,5316.2
10,2024-07-09,1,False,False,False,True,120.68,121,4377.72
11,2024-07-09,1,False,False,False,True,219.56,220,9186.65
12,2024-07-09,1,False,False,False,True,104.37,104,4773.18
1,2024-07-10,2,False,False,False,True,125.79,126,6848.41
2,2024-07-10,2,False,False,False,True,210.32,210,9924.02
3,2024-07-10,2,False,False,False,True,103.88,104,3758.11
4,2024-07-10,2,False,False,False,True,175.36,175,7163.26
5,2024-07-10,2,False,False,False,True,127.68,128,4963.3
6,2024-07-10,2,False,False,False,True,172.93,173,6197.1
7,2024-07-10,2,False,False,False,True,120.41,120,4617.56
8,2024-07-10,2,False,False,False,True,139.26,139,7261.5
9,2024-07-10,2,False,False,False,True,114.32,114,4506.44
10,2024-07-10,2,False,False,False,True,181.07,181,7008.39
11,2024-07-10,2,False,False,False,True,209.4,209,8169.48
12,2024-07-10,2,False,False,False,True,186.04,186,7240.85
1,2024-07-11,3,False,False,False,True,76.68,77,3976.69
2,2024-07-11,3,False,False,False,True,224.63,225,11181.29
3,2024-07-11,3,False,False,False,True,112.58,113,4229.48
4,2024-07-11,3,False,False,False,True,137.63,138,6967.4
5,2024-07-11,3,False,False,False,True,238.27,238,10193.16
6,2024-07-11,3,False,False,False,True,163.09,163,8033.07
7,2024-07-11,3,False,False,False,True,179.0,179,7105.12
8,2024-07-11,3,False,False,False,True,189.4,189,8257.46
9,2024-07-11,3,False,False,False,True,108.08,108,5262.08
10,2024-07-11,3,False,False,False,True,206.55,207,9794.28
11,2024-07-11,3,False,False,False,True,267.68,268,12890.85
12,2024-07-11,3,False,False,False,True,190.43,190,10393.03
1,2024-07-12,4,False,False,False,True,116.99,117,6349.19
2,2024-07-12,4,False,False,False,True,292.24,292,15230.63
3,2024-07-12,4,False,False,False,True,211.24,211,9691.33
4,2024-07-12,4,False,False,False,True,188.79,189,8169.06
5,2024-07-12,4,False,False,False,True,279.89,280,11745.77
6,2024-07-12,4,False,False,False,True,186.07,186,7480.87
7,2024-07-12,4,False,False,False,True,161.79,162,7114.85
8,2024-07-12,4,False,False,False,True,180.84,181,9176.8
9,2024-07-12,4,False,False,False,True,127.56,128,5290.17
10,2024-07-12,4,False,False,False,True,203.62,204,8478.08
11,2024-07-12,4,False,False,False,True,194.9,195,7923.68
12,2024-07-12,4,False,False,False,True,201.12,201,7168.19
1,2024-07-13,5,True,False,False,True,123.49,123,5921.06
2,2024-07-13,5,True,False,False,True,293.86,294,11506.47
3,2024-07-13,5,True,False,False,True,169.73,170,6854.09
4,2024-07-13,5,True,False,False,True,202.82,203,10675.43
5,2024-07-13,5,True,False,False,True,341.01,341,18702.1
6,2024-07-13,5,True,False,False,True,339.85,340,15155.13
7,2024-07-13,5,True,False,False,True,193.08,193,8897.18
8,2024-07-13,5,True,False,False,True,215.35,215,7864.85
9,2024-07-13,5,True,False,False,True,153.81,154,6600.44
10,2024-07-13,5,True,False,False,True,219.67,220,10924.8
11,2024-07-13,5,True,False,False,True,265.83,266,12652.58
12,2024-07-13,5,True,False,False,True,190.33,190,9782.29
1,2024-07-14,6,True,False,False,True,124.58,125,6255.59
2,2024-07-14,6,True,False,False,True,322.17,322,17416.75
3,2024-07-14,6,True,False,False,True,142.91,143,5680.57
4,2024-07-14,6,True,False,False,True,202.5,202,10565.95
5,2024-07-14,6,True,False,False,True,259.91,260,12486.71
6,2024-07-14,6,True,False,False,True,226.78,227,11469.47
7,2024-07-14,6,True,False,False,True,197.21,197,10567.85
8,2024-07-14,6,True,False,False,True,192.97,193,9229.98
9,2024-07-14,6,True,False,False,True,131.7,132,7074.91
10,2024-07-14,6,True,False,False,True,181.2,181,6350.07
11,2024-07-14,6,True,False,False,True,254.03,254,13419.17
12,2024-07-14,6,True,False,False,True,204.96,205,10087.62
1,2024-07-15,0,False,False,False,True,93.74,94,4475.4
2,2024-07-15,0,False,False,False,True,140.39,140,6053.66
3,2024-07-15,0,False,False,False,True,95.07,95,3414.82
4,2024-07-15,0,False,False,False,True,117.2,117,5404.41
5,2024-07-15,0,False,False,False,True,193.6,194,10346.12
6,2024-07-15,0,False,False,False,True,129.1,129,5776.63
7,2024-07-15,0,False,False,False,True,124.08,124,5958.15
8,2024-07-15,0,False,False,False,True,106.86,107,4620.01
9,2024-07-15,0,False,False,False,True,82.43,82,4504.9
10,2024-07-15,0,False,False,False,True,97.02,97,4401.49
11,2024-07-15,0,False,False,False,True,181.99,182,6547.01
12,2024-07-15,0,False,False,False,True,153.55,154,7730.56
1,2024-07-16,1,False,False,False,True,94.45,94,4112.17
2,2024-07-16,1,False,False,False,True,221.75,222,9126.07
3,2024-07-16,1,False,False,False,True,105.74,106,5443.11
4,2024-07-16,1,False,False,False,True,132.93,133,6180.16
5,2024-07-16,1,False,False,False,True,126.81,127,4692.05
6,2024-07-16,1,False,False,False,True,163.73,164,6168.28
7,2024-07-16,1,False,False,False,True,161.01,161,7238.96
8,2024-07-16,1,False,False,False,True,116.12,116,6246.93
9,2024-07-16,1,False,False,False,True,72.74,73,3363.7
10,2024-07-16,1,False,False,False,True,120.82,121,4590.38
11,2024-07-16,1,False,False,False,True,151.19,151,5829.76
12,2024-07-16,1,False,False,False,True,156.85,157,6685.28
1,2024-07-17,2,False,False,False,True,97.17,97,3692.57
2,2024-07-17,2,False,False,False,True,184.13,184,10104.82
3,2024-07-17,2,False,False,False,True,96.28,96,4180.08
4,2024-07-17,2,False,False,False,True,105.79,106,5728.31
5,2024-07-17,2,False,False,False,True,210.72,211,7414.75
6,2024-07-17,2,False,False,False,True,181.48,181,9706.56
7,2024-07-17,2,False,False,False,True,140.71,141,5978.52
8,2024-07-17,2,False,False,False,True,132.77,133,5673.41
9,2024-07-17,2,False,False,False,True,90.58,91,3537.83
10,2024-07-17,2,False,False,False,True,93.24,93,5054.86
11,2024-07-17,2,False,False,False,True,179.89,180,8896.15
12,2024-07-17,2,False,False,False,True,152.84,153,7020.15
1,2024-07-18,3,False,False,False,True,97.88,98,4291.02
2,2024-07-18,3,False,False,False,True,190.75,191,10491.73
3,2024-07-18,3,False,False,False,True,133.7,134,5130.0
4,2024-07-18,3,False,False,False,True,147.17,147,5906.82
5,2024-07-18,3,False,False,False,True,181.41,181,7263.83
6,2024-07-18,3,False,False,False,True,193.5,193,7281.31
7,2024-07-18,3,False,False,False,True,156.41,156,6131.02
8,2024-07-18,3,False,False,False,True,143.25,143,6800.85
9,2024-07-18,3,False,False,False,True,114.31,114,5431.06
10,2024-07-18,3,False,False,False,True,134.48,134,5803.02
11,2024-07-18,3,False,False,False,True,209.31,209,8066.78
12,2024-07-18,3,False,False,False,True,146.9,147,6439.21
1,2024-07-19,4,False,False,False,True,154.76,155,5881.02
2,2024-07-19,4,False,False,False,True,213.59,214,7537.82
3,2024-07-19,4,False,False,False,True,124.62,125,4640.44
4,2024-07-19,4,False,False,False,True,200.09,200,8911.16
5,2024-07-19,4,False,False,False,True,282.33,282,14401.3
6,2024-07-19,4,False,False,False,True,326.34,326,12553.21
7,2024-07-19,4,False,False,False,True,137.88,138,7279.84
8,2024-07-19,4,False,False,False,True,130.7,131,5115.96
9,2024-07-19,4,False,False,False,True,136.14,136,6439.27
10,2024-07-19,4,False,False,False,True,222.13,222,9704.1
11,2024-07-19,4,False,False,False,True,245.7,246,11815.42
12,2024-07-19,4,False,False,False,True,219.63,220,11352.05
1,2024-07-20,5,True,False,False,True,157.23,157,7817.16
2,2024-07-20,5,True,False,False,True,179.81,180,6576.85
3,2024-07-20,5,True,False,False,True,187.2,187,8802.99
4,2024-07-20,5,True,False,False,True,223.58,224,9194.62
5,2024-07-20,5,True,False,False,True,297.7,298,11088.37
6,2024-07-20,5,True,False,False,True,338.62,339,14828.51
7,2024-07-20,5,True,False,False,True,223.79,224,8338.6
8,2024-07-20,5,True,False,False,True,225.48,225,9523.01
9,2024-07-20,5,True,False,False,True,133.6,134,6779.38
10,2024-07-20,5,True,False,False,True,194.88,195,8681.7
11,2024-07-20,5,True,False,False,True,313.61,314,13858.78
12,2024-07-20,5,True,False,False,True,247.53,248,9016.55
1,2024-07-21,6,True,False,False,True,106.57,107,4885.24
2,2024-07-21,6,True,False,False,True,166.59,167,8919.08
3,2024-07-21,6,True,False,False,True,184.6,185,7237.15
4,2024-07-21,6,True,False,False,True,193.41,193,7737.01
5,2024-07-21,6,True,False,False,True,231.32,231,10183.56
6,2024-07-21,6,True,False,False,True,250.23,250,11660.66
7,2024-07-21,6,True,False,False,True,237.28,237,11032.29
8,2024-07-21,6,True,False,False,True,193.44,193,9292.96
9,2024-07-21,6,True,False,False,True,133.43,133,5975.87
10,2024-07-21,6,True,False,False,True,209.23,209,8254.86
11,2024-07-21,6,True,False,False,True,252.93,253,10228.34
12,2024-07-21,6,True,False,False,True,222.56,223,9716.3
1,2024-07-22,0,False,False,True,False,99.97,100,4985.04
2,2024-07-22,0,False,False,True,False,188.34,188,8132.74
3,2024-07-22,0,False,False,True,False,98.23,98,5296.41
4,2024-07-22,0,False,False,True,False,118.32,118,4780.18
5,2024-07-22,0,False,False,True,False,132.16,132,6754.06
6,2024-07-22,0,False,False,True,False,167.7,168,8905.48
7,2024-07-22,0,False,False,True,False,122.06,122,4806.24
8,2024-07-22,0,False,False,True,False,143.8,144,6897.69
9,2024-07-22,0,False,False,True,False,82.09,82,4265.59
10,2024-07-22,0,False,False,True,False,106.51,107,5013.27
11,2024-07-22,0,False,False,True,False,138.95,139,7225.78
12,2024-07-22,0,False,False,True,False,113.89,114,4660.7
1,2024-07-23,1,False,False,True,False,92.17,92,4049.54
2,2024-07-23,1,False,False,True,False,190.61,191,9382.36
3,2024-07-23,1,False,False,True,False,62.29,62,2338.75
4,2024-07-23,1,False,False,True,False,165.9,166,6309.02
5,2024-07-23,1,False,False,True,False,141.4,141,5336.3
6,2024-07-23,1,False,False,True,False,133.41,133,7049.3
7,2024-07-23,1,False,False,True,False,103.7,104,3669.65
8,2024-07-23,1,False,False,True,False,129.43,129,7056.55
9,2024-07-23,1,False,False,True,False,84.29,84,4448.88
10,2024-07-23,1,False,False,True,False,117.85,118,4499.9
11,2024-07-23,1,False,False,True,False,153.55,154,7698.15
12,2024-07-23,1,False,False,True,False,116.47,116,6366.87
1,2024-07-24,2,False,False,True,False,111.66,112,4124.41
2,2024-07-24,2,False,False,True,False,116.71,117,5235.98
3,2024-07-24,2,False,False,True,False,123.28,123,4364.23
4,2024-07-24,2,False,False,True,False,143.2,143,6517.67
5,2024-07-24,2,False,False,True,False,148.37,148,6003.86
6,2024-07-24,2,False,False,True,False,164.09,164,7791.8
7,2024-07-24,2,False,False,True,False,158.56,159,6521.64
8,2024-07-24,2,False,False,True,False,149.48,149,7785.16
9,2024-07-24,2,False,False,True,False,84.88,85,3623.6
10,2024-07-24,2,False,False,True,False,133.9,134,4723.75
11,2024-07-24,2,False,False,True,False,193.42,193,8499.67
12,2024-07-24,2,False,False,True,False,116.96,117,6103.87
1,2024-07-25,3,False,False,True,False,86.05,86,3256.96
2,2024-07-25,3,False,False,True,False,211.05,211,8690.32
3,2024-07-25,3,False,False,True,False,95.36,95,4791.92
4,2024-07-25,3,False,False,True,False,138.87,139,7409.94
5,2024-07-25,3,False,False,True,False,187.42,187,10015.67
6,2024-07-25,3,False,False,True,False,157.68,158,7137.09
7,2024-07-25,3,False,False,True,False,163.22,163,7567.03
8,2024-07-25,3,False,False,True,False,158.92,159,7622.22
9,2024-07-25,3,False,False,True,False,111.07,111,4815.53
10,2024-07-25,3,False,False,True,False,141.26,141,5216.7
11,2024-07-25,3,False,False,True,False,240.67,241,9832.62
12,2024-07-25,3,False,False,True,False,168.02,168,7318.73
1,2024-07-26,4,False,False,True,False,101.65,102,5565.68
2,2024-07-26,4,False,False,True,False,203.57,204,10573.78
3,2024-07-26,4,False,False,True,False,117.69,118,5788.64
4,2024-07-26,4,False,False,True,False,173.42,173,7409.25
5,2024-07-26,4,False,False,True,False,190.32,190,9354.3
6,2024-07-26,4,False,False,True,False,180.37,180,7650.39
7,2024-07-26,4,False,False,True,False,195.63,196,7794.89
8,2024-07-26,4,False,False,True,False,168.46,168,7776.42
9,2024-07-26,4,False,False,True,False,122.68,123,4444.61
10,2024-07-26,4,False,False,True,False,123.45,123,4364.29
11,2024-07-26,4,False,False,True,False,196.25,196,8242.55
12,2024-07-26,4,False,False,True,False,162.96,163,8188.0
1,2024-07-27,5,True,False,True,False,143.99,144,6325.63
2,2024-07-27,5,True,False,True,False,169.87,170,6017.97
3,2024-07-27,5,True,False,True,False,221.08,221,8606.79
4,2024-07-27,5,True,False,True,False,178.26,178,6763.83
5,2024-07-27,5,True,False,True,False,264.86,265,11907.73
6,2024-07-27,5,True,False,True,False,277.73,278,11801.15
7,2024-07-27,5,True,False,True,False,203.14,203,9690.1
8,2024-07-27,5,True,False,True,False,160.01,160,7715.27
9,2024-07-27,5,True,False,True,False,119.62,120,6051.43
10,2024-07-27,5,True,False,True,False,202.45,202,10267.89
11,2024-07-27,5,True,False,True,False,256.2,256,10811.36
12,2024-07-27,5,True,False,True,False,242.62,243,9385.98
1,2024-07-28,6,True,False,True,False,115.42,115,5994.45
2,2024-07-28,6,True,False,True,False,248.86,249,12565.8
3,2024-07-28,6,True,False,True,False,77.86,78,3340.28
4,2024-07-28,6,True,False,True,False,161.88,162,8008.43
5,2024-07-28,6,True,False,True,False,230.57,231,12357.18
6,2024-07-28,6,True,False,True,False,175.34,175,7842.99
7,2024-07-28,6,True,False,True,False,130.88,131,7108.36
8,2024-07-28,6,True,False,True,False,169.64,170,7094.16
9,2024-07-28,6,True,False,True,False,103.55,104,5263.7
10,2024-07-28,6,True,False,True,False,130.09,130,5110.68
11,2024-07-28,6,True,False,True,False,229.77,230,12074.27
12,2024-07-28,6,True,False,True,False,174.36,174,6710.04
1,2024-07-29,0,False,False,True,False,75.54,76,3149.25
2,2024-07-29,0,False,False,True,False,137.15,137,6604.16
3,2024-07-29,0,False,False,True,False,114.71,115,5247.31
4,2024-07-29,0,False,False,True,False,95.28,95,4162.15
5,2024-07-29,0,False,False,True,False,163.0,163,8123.61
6,2024-07-29,0,False,False,True,False,150.52,151,7998.36
7,2024-07-29,0,False,False,True,False,120.69,121,4912.81
8,2024-07-29,0,False,False,True,False,131.04,131,5527.05
9,2024-07-29,0,False,False,True,False,81.34,81,3382.55
10,2024-07-29,0,False,False,True,False,80.42,80,3063.08
11,2024-07-29,0,False,False,True,False,151.24,151,5474.9
12,2024-07-29,0,False,False,True,False,119.63,120,5363.05
1,2024-07-30,1,False,False,True,False,64.54,65,3324.52
2,2024-07-30,1,False,False,True,False,130.72,131,6206.69
3,2024-07-30,1,False,False,True,False,94.74,95,4311.69
4,2024-07-30,1,False,False,True,False,154.85,155,8195.37
5,2024-07-30,1,False,False,True,False,135.25,135,6009.31
6,2024-07-30,1,False,False,True,False,189.07,189,7098.99
7,2024-07-30,1,False,False,True,False,133.44,133,5540.74
8,2024-07-30,1,False,False,True,False,177.65,178,8631.01
9,2024-07-30,1,False,False,True,False,83.26,83,4015.5
10,2024-07-30,1,False,False,True,False,156.61,157,6712.34
11,2024-07-30,1,False,False,True,False,176.7,177,7191.91
12,2024-07-30,1,False,False,True,False,139.21,139,5250.61
1,2024-07-31,2,False,False,True,False,88.09,88,4532.24
2,2024-07-31,2,False,False,True,False,136.75,137,5990.08
3,2024-07-31,2,False,False,True,False,111.31,111,4861.19
4,2024-07-31,2,False,False,True,False,148.04,148,6727.21
5,2024-07-31,2,False,False,True,False,156.49,156,6394.24
6,2024-07-31,2,False,False,True,False,151.51,152,5673.61
7,2024-07-31,2,False,False,True,False,139.97,140,6517.58
8,2024-07-31,2,False,False,True,False,143.84,144,7740.56
9,2024-07-31,2,False,False,True,False,125.41,125,5432.96
10,2024-07-31,2,False,False,True,False,150.69,151,7308.27
11,2024-07-31,2,False,False,True,False,136.65,137,6786.36
12,2024-07-31,2,False,False,True,False,151.85,152,6574.78
1,2024-08-01,3,False,False,True,False,98.97,99,5278.7
2,2024-08-01,3,False,False,True,False,144.92,145,7219.78
3,2024-08-01,3,False,False,True,False,145.22,145,6553.47
4,2024-08-01,3,False,False,True,False,144.23,144,5815.55
5,2024-08-01,3,False,False,True,False,162.86,163,7901.6
6,2024-08-01,3,False,False,True,False,239.73,240,12649.73
7,2024-08-01,3,False,False,True,False,152.87,153,8325.84
8,2024-08-01,3,False,False,True,False,132.42,132,7214.07
9,2024-08-01,3,False,False,True,False,80.11,80,4301.05
10,2024-08-01,3,False,False,True,False,112.6,113,4052.38
11,2024-08-01,3,False,False,True,False,166.98,167,7929.62
12,2024-08-01,3,False,False,True,False,123.68,124,5646.16
1,2024-08-02,4,False,False,True,False,109.07,109,4289.63
2,2024-08-02,4,False,False,True,False,219.57,220,8284.39
3,2024-08-02,4,False,False,True,False,137.68,138,6598.97
4,2024-08-02,4,False,False,True,False,170.61,171,8460.41
5,2024-08-02,4,False,False,True,False,225.1,225,8983.42
6,2024-08-02,4,False,False,True,False,242.1,242,10662.86
7,2024-08-02,4,False,False,True,False,177.67,178,7383.52
8,2024-08-02,4,False,False,True,False,205.72,206,7482.73
9,2024-08-02,4,False,False,True,False,116.8,117,5297.08
10,2024-08-02,4,False,False,True,False,208.41,208,10092.33
11,2024-08-02,4,False,False,True,False,245.87,246,9536.52
12,2024-08-02,4,False,False,True,False,163.81,164,6691.23
1,2024-08-03,5,True,False,True,False,148.76,149,7680.4
2,2024-08-03,5,True,False,True,False,241.33,241,9146.54
3,2024-08-03,5,True,False,True,False,116.44,116,4595.83
4,2024-08-03,5,True,False,True,False,166.14,166,9052.54
5,2024-08-03,5,True,False,True,False,167.06,167,8434.66
6,2024-08-03,5,True,False,True,False,329.42,329,15775.29
7,2024-08-03,5,True,False,True,False,183.81,184,6580.63
8,2024-08-03,5,True,False,True,False,145.75,146,6358.89
9,2024-08-03,5,True,False,True,False,129.32,129,6721.69
10,2024-08-03,5,True,False,True,False,225.27,225,9271.16
11,2024-08-03,5,True,False,True,False,178.39,178,8763.87
12,2024-08-03,5,True,False,True,False,166.0,166,6395.01
1,2024-08-04,6,True,False,True,False,107.8,108,4857.09
2,2024-08-04,6,True,False,True,False,227.45,227,10335.14
3,2024-08-04,6,True,False,True,False,148.26,148,6184.06
4,2024-08-04,6,True,False,True,False,185.49,185,7529.04
5,2024-08-04,6,True,False,True,False,196.84,197,7482.53
6,2024-08-04,6,True,False,True,False,247.95,248,9328.94
7,2024-08-04,6,True,False,True,False,205.19,205,9986.28
8,2024-08-04,6,True,False,True,False,129.59,130,5194.47
9,2024-08-04,6,True,False,True,False,107.22,107,4544.91
10,2024-08-04,6,True,False,True,False,182.67,183,8622.11
11,2024-08-04,6,True,False,True,False,242.1,242,13204.62
12,2024-08-04,6,True,False,True,False,137.67,138,5609.2
1,2024-08-05,0,False,False,True,False,93.34,93,3744.41
2,2024-08-05,0,False,False,True,False,213.78,214,10900.39
3,2024-08-05,0,False,False,True,False,86.42,86,3135.69
4,2024-08-05,0,False,False,True,False,138.32,138,6593.97
5,2024-08-05,0,False,False,True,False,144.42,144,5212.97
6,2024-08-05,0,False,False,True,False,173.25,173,6679.01
7,2024-08-05,0,False,False,True,False,137.47,137,5174.3
8,2024-08-05,0,False,False,True,False,114.12,114,5232.98
9,2024-08-05,0,False,False,True,False,113.86,114,5034.54
10,2024-08-05,0,False,False,True,False,99.96,100,5022.32
11,2024-08-05,0,False,False,True,False,183.71,184,7899.09
12,2024-08-05,0,False,False,True,False,113.1,113,5518.5
1,2024-08-06,1,False,False,True,False,88.58,89,3824.73
2,2024-08-06,1,False,False,True,False,162.39,162,7420.95
3,2024-08-06,1,False,False,True,False,82.56,83,4486.16
4,2024-08-06,1,False,False,True,False,137.23,137,5093.41
5,2024-08-06,1,False,False,True,False,125.64,126,6905.47
6,2024-08-06,1,False,False,True,False,169.07,169,6447.34
7,2024-08-06,1,False,False,True,False,130.82,131,6597.39
8,2024-08-06,1,False,False,True,False,110.67,111,5566.08
9,2024-08-06,1,False,False,True,False,80.64,81,4041.1
10,2024-08-06,1,False,False,True,False,103.86,104,3916.83
11,2024-08-06,1,False,False,True,False,212.61,213,7851.87
12,2024-08-06,1,False,False,True,False,100.77,101,5277.63
1,2024-08-07,2,False,False,True,False,89.59,90,4834.99
2,2024-08-07,2,False,False,True,False,122.6,123,5150.68
3,2024-08-07,2,False,False,True,False,97.71,98,4908.29
4,2024-08-07,2,False,False,True,False,114.36,114,4001.21
5,2024-08-07,2,False,False,True,False,127.24,127,4508.66
6,2024-08-07,2,False,False,True,False,199.09,199,7440.45
7,2024-08-07,2,False,False,True,False,106.64,107,4132.86
8,2024-08-07,2,False,False,True,False,149.77,150,6389.39
9,2024-08-07,2,False,False,True,False,101.74,102,4226.67
10,2024-08-07,2,False,False,True,False,117.12,117,4789.8
11,2024-08-07,2,False,False,True,False,132.32,132,5002.26
12,2024-08-07,2,False,False,True,False,140.64,141,6155.52
1,2024-08-08,3,False,False,True,False,87.88,88,4676.72
2,2024-08-08,3,False,False,True,False,191.76,192,8715.43
3,2024-08-08,3,False,False,True,False,107.42,107,5114.78
4,2024-08-08,3,False,False,True,False,133.08,133,4771.85
5,2024-08-08,3,False,False,True,False,217.26,217,9271.05
6,2024-08-08,3,False,False,True,False,173.58,174,9366.56
7,2024-08-08,3,False,False,True,False,138.49,138,5142.28
8,2024-08-08,3,False,False,True,False,95.2,95,3427.03
9,2024-08-08,3,False,False,True,False,68.53,69,3379.97
10,2024-08-08,3,False,False,True,False,146.3,146,7653.48
11,2024-08-08,3,False,False,True,False,184.14,184,10107.87
12,2024-08-08,3,False,False,True,False,114.98,115,5547.03
1,2024-08-09,4,False,False,True,False,97.58,98,4714.95
2,2024-08-09,4,False,False,True,False,168.44,168,7073.83
3,2024-08-09,4,False,False,True,False,95.47,95,3901.8
4,2024-08-09,4,False,False,True,False,167.39,167,7503.09
5,2024-08-09,4,False,False,True,False,239.7,240,8553.12
6,2024-08-09,4,False,False,True,False,209.45,209,10335.54
7,2024-08-09,4,False,False,True,False,150.82,151,5418.43
8,2024-08-09,4,False,False,True,False,139.38,139,5614.93
9,2024-08-09,4,False,False,True,False,159.19,159,6047.39
10,2024-08-09,4,False,False,True,False,114.53,115,4803.16
11,2024-08-09,4,False,False,True,False,236.55,237,9448.85
12,2024-08-09,4,False,False,True,False,194.4,194,7097.35
1,2024-08-10,5,True,False,True,False,176.1,176,9481.73
2,2024-08-10,5,True,False,True,False,274.87,275,12661.07
3,2024-08-10,5,True,False,True,False,160.27,160,8375.08
4,2024-08-10,5,True,False,True,False,208.0,208,10826.34
5,2024-08-10,5,True,False,True,False,275.93,276,9675.87
6,2024-08-10,5,True,False,True,False,243.79,244,11486.65
7,2024-08-10,5,True,False,True,False,130.07,130,5349.65
8,2024-08-10,5,True,False,True,False,142.39,142,6807.28
9,2024-08-10,5,True,False,True,False,108.41,108,4120.39
10,2024-08-10,5,True,False,True,False,211.48,211,9106.35
11,2024-08-10,5,True,False,True,False,285.3,285,10482.33
12,2024-08-10,5,True,False,True,False,186.11,186,9359.11
1,2024-08-11,6,True,False,True,False,104.04,104,5279.99
2,2024-08-11,6,True,False,True,False,228.69,229,12286.19
3,2024-08-11,6,True,False,True,False,93.25,93,3375.5
4,2024-08-11,6,True,False,True,False,174.35,174,6110.1
5,2024-08-11,6,True,False,True,False,191.84,192,8645.87
6,2024-08-11,6,True,False,True,False,199.17,199,9536.38
7,2024-08-11,6,True,False,True,False,184.7,185,9022.28
8,2024-08-11,6,True,False,True,False,183.96,184,8097.67
9,2024-08-11,6,True,False,True,False,100.66,101,4210.85
10,2024-08-11,6,True,False,True,False,147.14,147,5998.17
11,2024-08-11,6,True,False,True,False,204.88,205,11220.0
12,2024-08-11,6,True,False,True,False,154.15,154,7810.99
1,2024-08-12,0,False,False,True,False,92.12,92,3450.78
2,2024-08-12,0,False,False,True,False,100.68,101,3609.76
3,2024-08-12,0,False,False,True,False,76.12,76,3728.34
4,2024-08-12,0,False,False,True,False,138.48,138,5002.45
5,2024-08-12,0,False,False,True,False,131.54,132,5845.35
6,2024-08-12,0,False,False,True,False,151.91,152,6818.24
7,2024-08-12,0,False,False,True,False,127.52,128,5318.78
8,2024-08-12,0,False,False,True,False,104.42,104,3830.91
9,2024-08-12,0,False,False,True,False,108.43,108,5733.75
10,2024-08-12,0,False,False,True,False,126.92,127,5005.01
11,2024-08-12,0,False,False,True,False,141.63,142,5227.66
12,2024-08-12,0,False,False,True,False,65.33,65,3472.05
1,2024-08-13,1,False,False,True,False,103.59,104,3643.21
2,2024-08-13,1,False,False,True,False,207.32,207,10567.95
3,2024-08-13,1,False,False,True,False,90.81,91,4509.45
4,2024-08-13,1,False,False,True,False,63.57,64,2650.09
5,2024-08-13,1,False,False,True,False,169.63,170,8931.05
6,2024-08-13,1,False,False,True,False,138.65,139,5180.44
7,2024-08-13,1,False,False,True,False,123.42,123,5703.88
8,2024-08-13,1,False,False,True,False,114.65,115,4274.66
9,2024-08-13,1,False,False,True,False,85.1,85,3970.31
10,2024-08-13,1,False,False,True,False,120.6,121,6330.79
11,2024-08-13,1,False,False,True,False,210.11,210,8323.12
12,2024-08-13,1,False,False,True,False,110.08,110,5582.21
1,2024-08-14,2,False,False,True,False,71.89,72,3609.77
2,2024-08-14,2,False,False,True,False,165.85,166,6856.33
3,2024-08-14,2,False,False,True,False,83.71,84,3263.56
4,2024-08-14,2,False,False,True,False,112.17,112,4795.14
5,2024-08-14,2,False,False,True,False,185.05,185,6963.31
6,2024-08-14,2,False,False,True,False,187.35,187,8836.25
7,2024-08-14,2,False,False,True,False,159.86,160,5693.78
8,2024-08-14,2,False,False,True,False,127.34,127,5127.3
9,2024-08-14,2,False,False,True,False,78.24,78,3824.61
10,2024-08-14,2,False,False,True,False,134.84,135,6476.45
11,2024-08-14,2,False,False,True,False,167.78,168,8420.98
12,2024-08-14,2,False,False,True,False,112.68,113,4551.9
1,2024-08-15,3,False,False,True,False,96.5,96,5042.6
2,2024-08-15,3,False,False,True,False,210.17,210,10009.02
3,2024-08-15,3,False,False,True,False,103.97,104,5383.78
4,2024-08-15,3,False,False,True,False,171.2,171,6769.77
5,2024-08-15,3,False,False,True,False,202.24,202,7803.3
6,2024-08-15,3,False,False,True,False,124.27,124,5747.17
7,2024-08-15,3,False,False,True,False,131.73,132,6034.64
8,2024-08-15,3,False,False,True,False,110.34,110,4984.44
9,2024-08-15,3,False,False,True,False,95.91,96,4748.66
10,2024-08-15,3,False,False,True,False,171.36,171,6521.65
11,2024-08-15,3,False,False,True,False,168.58,169,7116.46
12,2024-08-15,3,False,False,True,False,137.37,137,6924.05
1,2024-08-16,4,False,False,True,False,95.34,95,4863.21
2,2024-08-16,4,False,False,True,False,251.76,252,10713.9
3,2024-08-16,4,False,False,True,False,145.66,146,5111.11
4,2024-08-16,4,False,False,True,False,154.26,154,7738.49
5,2024-08-16,4,False,False,True,False,174.59,175,6485.17
6,2024-08-16,4,False,False,True,False,202.06,202,9782.78
7,2024-08-16,4,False,False,True,False,142.49,142,6118.82
8,2024-08-16,4,False,False,True,False,177.76,178,6868.76
9,2024-08-16,4,False,False,True,False,106.48,106,5167.54
10,2024-08-16,4,False,False,True,False,70.97,71,3867.85
11,2024-08-16,4,False,False,True,False,217.8,218,11142.43
12,2024-08-16,4,False,False,True,False,173.1,173,7468.16
1,2024-08-17,5,True,False,True,False,146.32,146,6277.59
2,2024-08-17,5,True,False,True,False,187.91,188,8159.79
3,2024-08-17,5,True,False,True,False,100.86,101,5391.16
4,2024-08-17,5,True,False,True,False,257.64,258,13478.88
5,2024-08-17,5,True,False,True,False,273.41,273,11442.84
6,2024-08-17,5,True,False,True,False,272.86,273,10599.98
7,2024-08-17,5,True,False,True,False,235.26,235,8875.63
8,2024-08-17,5,True,False,True,False,264.42,264,9703.49
9,2024-08-17,5,True,False,True,False,136.47,136,6441.11
10,2024-08-17,5,True,False,True,False,193.65,194,10636.28
11,2024-08-17,5,True,False,True,False,248.1,248,10383.85
12,2024-08-17,5,True,False,True,False,165.92,166,8219.09
1,2024-08-18,6,True,False,True,False,103.61,104,3869.08
2,2024-08-18,6,True,False,True,False,294.75,295,11015.32
3,2024-08-18,6,True,False,True,False,124.89,125,4835.93
4,2024-08-18,6,True,False,True,False,194.34,194,10123.79
5,2024-08-18,6,True,False,True,False,185.0,185,8676.95
6,2024-08-18,6,True,False,True,False,232.54,233,8988.2
7,2024-08-18,6,True,False,True,False,153.14,153,5437.18
8,2024-08-18,6,True,False,True,False,106.13,106,5238.3
9,2024-08-18,6,True,False,True,False,119.94,120,4578.66
10,2024-08-18,6,True,False,True,False,150.38,150,6469.63
11,2024-08-18,6,True,False,True,False,208.48,208,11293.05
12,2024-08-18,6,True,False,True,False,178.95,179,9786.79
1,2024-08-19,0,False,False,True,False,61.81,62,2750.95
2,2024-08-19,0,False,False,True,False,108.22,108,3898.65
3,2024-08-19,0,False,False,True,False,69.32,69,2466.77
4,2024-08-19,0,False,False,True,False,133.69,134,6551.45
5,2024-08-19,0,False,False,True,False,148.82,149,6731.23
6,2024-08-19,0,False,False,True,False,180.03,180,8916.8
7,2024-08-19,0,False,False,True,False,100.38,100,4198.03
8,2024-08-19,0,False,False,True,False,122.8,123,5483.54
9,2024-08-19,0,False,False,True,False,88.62,89,3398.39
10,2024-08-19,0,False,False,True,False,160.45,160,6558.71
11,2024-08-19,0,False,False,True,False,153.62,154,6996.38
12,2024-08-19,0,False,False,True,False,109.45,109,5858.65
1,2024-08-20,1,False,False,True,False,83.15,83,4082.15
2,2024-08-20,1,False,False,True,False,182.12,182,8360.1
3,2024-08-20,1,False,False,True,False,79.42,79,2956.42
4,2024-08-20,1,False,False,True,False,117.18,117,4126.17
5,2024-08-20,1,False,False,True,False,148.64,149,7409.01
6,2024-08-20,1,False,False,True,False,143.99,144,7381.26
7,2024-08-20,1,False,False,True,False,94.35,94,4947.98
8,2024-08-20,1,False,False,True,False,125.67,126,5613.34
9,2024-08-20,1,False,False,True,False,104.88,105,4671.16
10,2024-08-20,1,False,False,True,False,94.23,94,4321.63
11,2024-08-20,1,False,False,True,False,169.69,170,6892.84
12,2024-08-20,1,False,False,True,False,152.5,153,8326.68
1,2024-08-21,2,False,False,True,False,99.39,99,5365.67
2,2024-08-21,2,False,False,True,False,198.59,199,7459.21
3,2024-08-21,2,False,False,True,False,61.07,61,3149.15
4,2024-08-21,2,False,False,True,False,150.4,150,7239.6
5,2024-08-21,2,False,False,True,False,170.97,171,7575.0
6,2024-08-21,2,False,False,True,False,128.94,129,5810.55
7,2024-08-21,2,False,False,True,False,112.7,113,5893.04
8,2024-08-21,2,False,False,True,False,140.41,140,5627.27
9,2024-08-21,2,False,False,True,False,110.65,111,4543.24
10,2024-08-21,2,False,False,True,False,173.23,173,6444.64
11,2024-08-21,2,False,False,True,False,132.54,133,6628.32
12,2024-08-21,2,False,False,True,False,156.49,156,6755.34
1,2024-08-22,3,False,False,True,False,77.79,78,3262.13
2,2024-08-22,3,False,False,True,False,200.36,200,8903.23
3,2024-08-22,3,False,False,True,False,108.88,109,5143.2
4,2024-08-22,3,False,False,True,False,113.02,113,4155.49
5,2024-08-22,3,False,False,True,False,217.5,218,10494.08
6,2024-08-22,3,False,False,True,False,162.05,162,7553.21
7,2024-08-22,3,False,False,True,False,125.98,126,5726.68
8,2024-08-22,3,False,False,True,False,198.17,198,9276.23
9,2024-08-22,3,False,False,True,False,97.8,98,4616.58
10,2024-08-22,3,False,False,True,False,132.21,132,6140.23
11,2024-08-22,3,False,False,True,False,153.09,153,6496.38
12,2024-08-22,3,False,False,True,False,102.12,102,5444.71
1,2024-08-23,4,False,False,True,False,93.18,93,4325.13
2,2024-08-23,4,False,False,True,False,122.71,123,5179.54
3,2024-08-23,4,False,False,True,False,128.41,128,6999.02
4,2024-08-23,4,False,False,True,False,178.7,179,8988.74
5,2024-08-23,4,False,False,True,False,248.01,248,10563.73
6,2024-08-23,4,False,False,True,False,242.94,243,12577.31
7,2024-08-23,4,False,False,True,False,119.38,119,5900.44
8,2024-08-23,4,False,False,True,False,176.68,177,7745.19
9,2024-08-23,4,False,False,True,False,119.9,120,5617.66
10,2024-08-23,4,False,False,True,False,166.29,166,8309.5
11,2024-08-23,4,False,False,True,False,208.86,209,10247.24
12,2024-08-23,4,False,False,True,False,184.74,185,9930.79
1,2024-08-24,5,True,False,True,False,177.21,177,7196.88
2,2024-08-24,5,True,False,True,False,275.88,276,12520.16
3,2024-08-24,5,True,False,True,False,131.95,132,6873.23
4,2024-08-24,5,True,False,True,False,185.33,185,8924.56
5,2024-08-24,5,True,False,True,False,261.11,261,9527.26
6,2024-08-24,5,True,False,True,False,215.49,215,8858.0
7,2024-08-24,5,True,False,True,False,155.69,156,8449.7
8,2024-08-24,5,True,False,True,False,173.49,173,6816.35
9,2024-08-24,5,True,False,True,False,133.85,134,6214.54
10,2024-08-24,5,True,False,True,False,203.67,204,9525.39
11,2024-08-24,5,True,False,True,False,276.52,277,12818.0
12,2024-08-24,5,True,False,True,False,232.57,233,11221.48
1,2024-08-25,6,True,False,True,False,107.89,108,4268.22
2,2024-08-25,6,True,False,True,False,244.32,244,9030.58
3,2024-08-25,6,True,False,True,False,125.47,125,5361.05
4,2024-08-25,6,True,False,True,False,143.81,144,7606.05
5,2024-08-25,6,True,False,True,False,225.42,225,11066.72
6,2024-08-25,6,True,False,True,False,216.31,216,8566.67
7,2024-08-25,6,True,False,True,False,144.15,144,5758.52
8,2024-08-25,6,True,False,True,False,182.64,183,8332.89
9,2024-08-25,6,True,False,True,False,123.67,124,5416.76
10,2024-08-25,6,True,False,True,False,145.01,145,5090.84
11,2024-08-25,6,True,False,True,False,207.09,207,9394.23
12,2024-08-25,6,True,False,True,False,130.17,130,4934.08
1,2024-08-26,0,False,False,True,False,83.75,84,4557.32
2,2024-08-26,0,False,False,True,False,167.06,167,8317.39
3,2024-08-26,0,False,False,True,False,104.67,105,5544.06
4,2024-08-26,0,False,False,True,False,142.94,143,5816.49
5,2024-08-26,0,False,False,True,False,151.15,151,6568.09
6,2024-08-26,0,False,False,True,False,111.2,111,4204.38
7,2024-08-26,0,False,False,True,False,92.49,92,3281.38
8,2024-08-26,0,False,False,True,False,92.54,93,4555.65
9,2024-08-26,0,False,False,True,False,80.0,80,3116.49
10,2024-08-26,0,False,False,True,False,117.05,117,5962.87
11,2024-08-26,0,False,False,True,False,190.24,190,9022.91
12,2024-08-26,0,False,False,True,False,141.34,141,6616.2
1,2024-08-27,1,False,False,True,False,87.88,88,3888.93
2,2024-08-27,1,False,False,True,False,151.52,152,8283.25
3,2024-08-27,1,False,False,True,False,88.56,89,4269.17
4,2024-08-27,1,False,False,True,False,147.18,147,6799.73
5,2024-08-27,1,False,False,True,False,166.98,167,6354.99
6,2024-08-27,1,False,False,True,False,136.71,137,7110.45
7,2024-08-27,1,False,False,True,False,140.63,141,7186.6
8,2024-08-27,1,False,False,True,False,120.74,121,5082.97
9,2024-08-27,1,False,False,True,False,76.93,77,2801.45
10,2024-08-27,1,False,False,True,False,123.09,123,5154.18
11,2024-08-27,1,False,False,True,False,139.09,139,5036.1
12,2024-08-27,1,False,False,True,False,94.29,94,4381.15
1,2024-08-28,2,False,False,True,False,96.97,97,4772.89
2,2024-08-28,2,False,False,True,False,151.89,152,6883.73
3,2024-08-28,2,False,False,True,False,82.65,83,3862.71
4,2024-08-28,2,False,False,True,False,86.53,87,3477.19
5,2024-08-28,2,False,False,True,False,135.1,135,5302.37
6,2024-08-28,2,False,False,True,False,139.06,139,6109.35
7,2024-08-28,2,False,False,True,False,122.52,123,6378.64
8,2024-08-28,2,False,False,True,False,139.42,139,7352.57
9,2024-08-28,2,False,False,True,False,113.72,114,6136.47
10,2024-08-28,2,False,False,True,False,162.43,162,7286.05
11,2024-08-28,2,False,False,True,False,221.7,222,10246.07
12,2024-08-28,2,False,False,True,False,166.5,166,7362.28
1,2024-08-29,3,False,False,True,False,111.94,112,4122.55
2,2024-08-29,3,False,False,True,False,188.16,188,7553.56
3,2024-08-29,3,False,False,True,False,92.11,92,4447.11
4,2024-08-29,3,False,False,True,False,119.04,119,4170.46
5,2024-08-29,3,False,False,True,False,152.38,152,5829.73
6,2024-08-29,3,False,False,True,False,143.04,143,7216.62
7,2024-08-29,3,False,False,True,False,116.22,116,5064.18
8,2024-08-29,3,False,False,True,False,148.75,149,6177.11
9,2024-08-29,3,False,False,True,False,96.22,96,5014.43
10,2024-08-29,3,False,False,True,False,92.66,93,3715.65
11,2024-08-29,3,False,False,True,False,204.91,205,9161.64
12,2024-08-29,3,False,False,True,False,129.76,130,5640.37
1,2024-08-30,4,False,False,True,False,127.67,128,4684.92
2,2024-08-30,4,False,False,True,False,217.26,217,10711.73
3,2024-08-30,4,False,False,True,False,92.04,92,4239.24
4,2024-08-30,4,False,False,True,False,201.3,201,10328.52
5,2024-08-30,4,False,False,True,False,215.45,215,10955.91
6,2024-08-30,4,False,False,True,False,160.62,161,7347.87
7,2024-08-30,4,False,False,True,False,154.45,154,8454.19
8,2024-08-30,4,False,False,True,False,138.0,138,6174.14
9,2024-08-30,4,False,False,True,False,126.1,126,6170.04
10,2024-08-30,4,False,False,True,False,119.19,119,4643.99
11,2024-08-30,4,False,False,True,False,174.45,174,7788.89
12,2024-08-30,4,False,False,True,False,159.13,159,7605.46
1,2024-08-31,5,True,False,True,False,114.17,114,5980.08
2,2024-08-31,5,True,False,True,False,184.96,185,8167.29
3,2024-08-31,5,True,False,True,False,128.8,129,6691.56
4,2024-08-31,5,True,False,True,False,213.57,214,9456.84
5,2024-08-31,5,True,False,True,False,241.05,241,11482.28
6,2024-08-31,5,True,False,True,False,273.09,273,10650.92
7,2024-08-31,5,True,False,True,False,191.87,192,10053.52
8,2024-08-31,5,True,False,True,False,232.14,232,10004.35
9,2024-08-31,5,True,False,True,False,180.86,181,7269.08
10,2024-08-31,5,True,False,True,False,97.82,98,3864.13
11,2024-08-31,5,True,False,True,False,193.9,194,8101.71
12,2024-08-31,5,True,False,True,False,153.22,153,7641.04
1,2024-09-01,6,True,False,True,False,105.27,105,3999.81
2,2024-09-01,6,True,False,True,False,255.56,256,10062.44
3,2024-09-01,6,True,False,True,False,142.52,143,6211.8
4,2024-09-01,6,True,False,True,False,150.24,150,7525.78
5,2024-09-01,6,True,False,True,False,241.03,241,11772.95
6,2024-09-01,6,True,False,True,False,196.69,197,7796.6
7,2024-09-01,6,True,False,True,False,116.85,117,6310.04
8,2024-09-01,6,True,False,True,False,183.52,184,6988.73
9,2024-09-01,6,True,False,True,False,105.46,105,4435.66
10,2024-09-01,6,True,False,True,False,179.33,179,7744.75
11,2024-09-01,6,True,False,True,False,298.48,298,15565.52
12,2024-09-01,6,True,False,True,False,183.05,183,9436.01
1,2024-09-02,0,False,False,True,False,103.54,104,4673.35
2,2024-09-02,0,False,False,True,False,136.33,136,6213.34
3,2024-09-02,0,False,False,True,False,88.69,89,4836.04
4,2024-09-02,0,False,False,True,False,138.95,139,7541.06
5,2024-09-02,0,False,False,True,False,162.75,163,6997.02
6,2024-09-02,0,False,False,True,False,143.33,143,5519.97
7,2024-09-02,0,False,False,True,False,90.42,90,3292.71
8,2024-09-02,0,False,False,True,False,132.35,132,5039.99
9,2024-09-02,0,False,False,True,False,75.2,75,4120.65
10,2024-09-02,0,False,False,True,False,123.62,124,5476.55
11,2024-09-02,0,False,False,True,False,127.77,128,6861.33
12,2024-09-02,0,False,False,True,False,114.33,114,5090.79
1,2024-09-03,1,False,False,True,False,104.84,105,4632.52
2,2024-09-03,1,False,False,True,False,102.76,103,4362.55
3,2024-09-03,1,False,False,True,False,87.54,88,4791.73
4,2024-09-03,1,False,False,True,False,132.85,133,7001.97
5,2024-09-03,1,False,False,True,False,148.2,148,7427.93
6,2024-09-03,1,False,False,True,False,151.17,151,6285.87
7,2024-09-03,1,False,False,True,False,123.11,123,6054.18
8,2024-09-03,1,False,False,True,False,115.72,116,4351.42
9,2024-09-03,1,False,False,True,False,89.08,89,3485.66
10,2024-09-03,1,False,False,True,False,145.74,146,5115.17
11,2024-09-03,1,False,False,True,False,169.11,169,6974.01
12,2024-09-03,1,False,False,True,False,141.34,141,6831.91
1,2024-09-04,2,False,False,True,False,82.0,82,4191.23
2,2024-09-04,2,False,False,True,False,108.8,109,4970.18
3,2024-09-04,2,False,False,True,False,128.69,129,6753.5
4,2024-09-04,2,False,False,True,False,128.07,128,5192.72
5,2024-09-04,2,False,False,True,False,138.24,138,5823.56
6,2024-09-04,2,False,False,True,False,159.16,159,6957.15
7,2024-09-04,2,False,False,True,False,123.07,123,6298.72
8,2024-09-04,2,False,False,True,False,139.82,140,7029.08
9,2024-09-04,2,False,False,True,False,131.45,131,5008.01
10,2024-09-04,2,False,False,True,False,159.26,159,8417.1
11,2024-09-04,2,False,False,True,False,175.38,175,7997.12
12,2024-09-04,2,False,False,True,False,136.25,136,6500.84
1,2024-09-05,3,False,False,True,False,83.57,84,3422.8
2,2024-09-05,3,False,False,True,False,160.88,161,7657.94
3,2024-09-05,3,False,False,True,False,92.28,92,4824.19
4,2024-09-05,3,False,False,True,False,162.23,162,7444.36
5,2024-09-05,3,False,False,True,False,264.31,264,12116.95
6,2024-09-05,3,False,False,True,False,210.08,210,11460.48
7,2024-09-05,3,False,False,True,False,155.21,155,6882.36
8,2024-09-05,3,False,False,True,False,134.19,134,6738.49
9,2024-09-05,3,False,False,True,False,88.03,88,4815.0
10,2024-09-05,3,False,False,True,False,143.28,143,7566.39
11,2024-09-05,3,False,False,True,False,238.05,238,12512.07
12,2024-09-05,3,False,False,True,False,178.02,178,8443.53
1,2024-09-06,4,False,False,True,False,116.9,117,5031.89
2,2024-09-06,4,False,False,True,False,293.22,293,13252.68
3,2024-09-06,4,False,False,True,False,84.14,84,3912.41
4,2024-09-06,4,False,False,True,False,162.32,162,8665.88
5,2024-09-06,4,False,False,True,False,172.67,173,9307.12
6,2024-09-06,4,False,False,True,False,206.37,206,9158.28
7,2024-09-06,4,False,False,True,False,161.68,162,7679.6
8,2024-09-06,4,False,False,True,False,172.0,172,6971.67
9,2024-09-06,4,False,False,True,False,137.63,138,6180.96
10,2024-09-06,4,False,False,True,False,134.34,134,5466.12
11,2024-09-06,4,False,False,True,False,266.21,266,13023.89
12,2024-09-06,4,False,False,True,False,161.22,161,5949.71
1,2024-09-07,5,True,False,True,False,154.6,155,7017.62
2,2024-09-07,5,True,False,True,False,232.14,232,12247.89
3,2024-09-07,5,True,False,True,False,138.02,138,6102.34
4,2024-09-07,5,True,False,True,False,206.59,207,8571.34
5,2024-09-07,5,True,False,True,False,229.62,230,11475.93
6,2024-09-07,5,True,False,True,False,248.61,249,8824.96
7,2024-09-07,5,True,False,True,False,193.17,193,10593.75
8,2024-09-07,5,True,False,True,False,194.79,195,8699.07
9,2024-09-07,5,True,False,True,False,121.88,122,5793.82
10,2024-09-07,5,True,False,True,False,208.13,208,7574.83
11,2024-09-07,5,True,False,True,False,290.41,290,14811.75
12,2024-09-07,5,True,False,True,False,149.14,149,6789.56
1,2024-09-08,6,True,False,True,False,141.76,142,6055.26
2,2024-09-08,6,True,False,True,False,207.98,208,7757.48
3,2024-09-08,6,True,False,True,False,81.65,82,3377.69
4,2024-09-08,6,True,False,True,False,137.5,138,7257.8
5,2024-09-08,6,True,False,True,False,216.47,216,9044.84
6,2024-09-08,6,True,False,True,False,309.1,309,13180.8
7,2024-09-08,6,True,False,True,False,201.04,201,10627.1
8,2024-09-08,6,True,False,True,False,184.78,185,9803.13
9,2024-09-08,6,True,False,True,False,150.02,150,7643.12
10,2024-09-08,6,True,False,True,False,166.57,167,7442.43
11,2024-09-08,6,True,False,True,False,211.85,212,8077.43
12,2024-09-08,6,True,False,True,False,163.81,164,6923.92
1,2024-09-09,0,False,False,True,False,95.24,95,5019.86
2,2024-09-09,0,False,False,True,False,118.25,118,5531.54
3,2024-09-09,0,False,False,True,False,111.43,111,4383.68
4,2024-09-09,0,False,False,True,False,106.63,107,4462.47
5,2024-09-09,0,False,False,True,False,124.22,124,4920.49
6,2024-09-09,0,False,False,True,False,127.33,127,6873.59
7,2024-09-09,0,False,False,True,False,98.49,98,5100.29
8,2024-09-09,0,False,False,True,False,121.89,122,4995.7
9,2024-09-09,0,False,False,True,False,125.92,126,4954.88
10,2024-09-09,0,False,False,True,False,126.34,126,4707.1
11,2024-09-09,0,False,False,True,False,197.04,197,8959.49
12,2024-09-09,0,False,False,True,False,165.48,165,7102.58
1,2024-09-10,1,False,False,True,False,85.59,86,3359.99
2,2024-09-10,1,False,False,True,False,202.69,203,10567.64
3,2024-09-10,1,False,False,True,False,90.81,91,4549.13
4,2024-09-10,1,False,False,True,False,112.02,112,5027.29
5,2024-09-10,1,False,False,True,False,205.6,206,11175.44
6,2024-09-10,1,False,False,True,False,141.47,141,5876.93
7,2024-09-10,1,False,False,True,False,139.61,140,5366.81
8,2024-09-10,1,False,False,True,False,92.24,92,3518.01
9,2024-09-10,1,False,False,True,False,84.71,85,3996.96
10,2024-09-10,1,False,False,True,False,116.6,117,5427.26
11,2024-09-10,1,False,False,True,False,222.52,223,10532.51
12,2024-09-10,1,False,False,True,False,110.88,111,5880.17
1,2024-09-11,2,False,False,True,False,108.81,109,4971.91
2,2024-09-11,2,False,False,True,False,171.43,171,8197.37
3,2024-09-11,2,False,False,True,False,77.11,77,2930.39
4,2024-09-11,2,False,False,True,False,112.08,112,5420.14
5,2024-09-11,2,False,False,True,False,162.82,163,8788.34
6,2024-09-11,2,False,False,True,False,196.13,196,8828.93
7,2024-09-11,2,False,False,True,False,175.15,175,9001.62
8,2024-09-11,2,False,False,True,False,142.97,143,7476.66
9,2024-09-11,2,False,False,True,False,88.65,89,3192.09
10,2024-09-11,2,False,False,True,False,122.57,123,6246.23
11,2024-09-11,2,False,False,True,False,189.43,189,8252.25
12,2024-09-11,2,False,False,True,False,126.71,127,4567.02
1,2024-09-12,3,False,False,True,False,122.65,123,6365.16
2,2024-09-12,3,False,False,True,False,201.14,201,10721.34
3,2024-09-12,3,False,False,True,False,112.51,113,5108.21
4,2024-09-12,3,False,False,True,False,132.3,132,7172.5
5,2024-09-12,3,False,False,True,False,181.71,182,9804.21
6,2024-09-12,3,False,False,True,False,181.77,182,8604.12
7,2024-09-12,3,False,False,True,False,147.14,147,7809.12
8,2024-09-12,3,False,False,True,False,188.48,188,8206.44
9,2024-09-12,3,False,False,True,False,107.88,108,5841.25
10,2024-09-12,3,False,False,True,False,145.39,145,5176.8
11,2024-09-12,3,False,False,True,False,162.49,162,8431.82
12,2024-09-12,3,False,False,True,False,121.6,122,6342.86
1,2024-09-13,4,False,False,True,False,100.07,100,4356.1
2,2024-09-13,4,False,False,True,False,269.5,269,10980.1
3,2024-09-13,4,False,False,True,False,121.7,122,5328.71
4,2024-09-13,4,False,False,True,False,156.28,156,7631.72
5,2024-09-13,4,False,False,True,False,241.53,242,12590.5
6,2024-09-13,4,False,False,True,False,169.07,169,9084.5
7,2024-09-13,4,False,False,True,False,175.9,176,7514.44
8,2024-09-13,4,False,False,True,False,154.16,154,6280.29
9,2024-09-13,4,False,False,True,False,115.2,115,5669.16
10,2024-09-13,4,False,False,True,False,129.36,129,4996.0
11,2024-09-13,4,False,False,True,False,218.83,219,10522.36
12,2024-09-13,4,False,False,True,False,161.34,161,5932.13
1,2024-09-14,5,True,False,True,False,147.2,147,7876.25
2,2024-09-14,5,True,False,True,False,180.06,180,7058.18
3,2024-09-14,5,True,False,True,False,201.73,202,8545.44
4,2024-09-14,5,True,False,True,False,206.47,206,10556.02
5,2024-09-14,5,True,False,True,False,225.8,226,9063.25
6,2024-09-14,5,True,False,True,False,213.25,213,11463.37
7,2024-09-14,5,True,False,True,False,156.7,157,6364.14
8,2024-09-14,5,True,False,True,False,218.01,218,8429.47
9,2024-09-14,5,True,False,True,False,125.1,125,6867.25
10,2024-09-14,5,True,False,True,False,253.17,253,11362.44
11,2024-09-14,5,True,False,True,False,225.23,225,9778.26
12,2024-09-14,5,True,False,True,False,217.86,218,10824.91
1,2024-09-15,6,True,False,True,False,153.45,153,7500.32
2,2024-09-15,6,True,False,True,False,222.42,222,10332.24
3,2024-09-15,6,True,False,True,False,119.02,119,5860.22
4,2024-09-15,6,True,False,True,False,204.12,204,7721.82
5,2024-09-15,6,True,False,True,False,171.88,172,8868.53
6,2024-09-15,6,True,False,True,False,200.32,200,10467.99
7,2024-09-15,6,True,False,True,False,153.12,153,5761.78
8,2024-09-15,6,True,False,True,False,220.15,220,8790.33
9,2024-09-15,6,True,False,True,False,158.77,159,5596.0
10,2024-09-15,6,True,False,True,False,163.0,163,6134.4
11,2024-09-15,6,True,False,True,False,177.91,178,9451.28
12,2024-09-15,6,True,False,True,False,180.31,180,7038.58
1,2024-09-16,0,False,False,True,False,100.61,101,4669.74
2,2024-09-16,0,False,False,True,False,138.27,138,5587.8
3,2024-09-16,0,False,False,True,False,86.39,86,4469.29
4,2024-09-16,0,False,False,True,False,115.75,116,5951.5
5,2024-09-16,0,False,False,True,False,164.12,164,8438.01
6,2024-09-16,0,False,False,True,False,130.36,130,5599.52
7,2024-09-16,0,False,False,True,False,105.49,105,4782.69
8,2024-09-16,0,False,False,True,False,122.66,123,5513.25
9,2024-09-16,0,False,False,True,False,87.2,87,3770.75
10,2024-09-16,0,False,False,True,False,190.8,191,8130.85
11,2024-09-16,0,False,False,True,False,100.44,100,3752.88
12,2024-09-16,0,False,False,True,False,131.66,132,5880.02
1,2024-09-17,1,False,False,True,False,81.06,81,3119.27
2,2024-09-17,1,False,False,True,False,212.57,213,9131.76
3,2024-09-17,1,False,False,True,False,91.69,92,5017.78
4,2024-09-17,1,False,False,True,False,90.66,91,4735.94
5,2024-09-17,1,False,False,True,False,179.07,179,8675.54
6,2024-09-17,1,False,False,True,False,157.5,158,7987.98
7,2024-09-17,1,False,False,True,False,113.39,113,3974.33
8,2024-09-17,1,False,False,True,False,118.61,119,5626.42
9,2024-09-17,1,False,False,True,False,90.44,90,3201.09
10,2024-09-17,1,False,False,True,False,119.42,119,4250.82
11,2024-09-17,1,False,False,True,False,206.29,206,11307.76
12,2024-09-17,1,False,False,True,False,141.67,142,5737.69
1,2024-09-18,2,False,False,True,False,93.0,93,4657.11
2,2024-09-18,2,False,False,True,False,162.27,162,6683.26
3,2024-09-18,2,False,False,True,False,84.99,85,3153.68
4,2024-09-18,2,False,False,True,False,158.43,158,6334.63
5,2024-09-18,2,False,False,True,False,214.47,214,7655.29
6,2024-09-18,2,False,False,True,False,184.69,185,9862.47
7,2024-09-18,2,False,False,True,False,153.67,154,8068.84
8,2024-09-18,2,False,False,True,False,115.48,115,5169.92
9,2024-09-18,2,False,False,True,False,99.74,100,4003.87
10,2024-09-18,2,False,False,True,False,122.12,122,6377.32
11,2024-09-18,2,False,False,True,False,200.14,200,7978.86
12,2024-09-18,2,False,False,True,False,143.26,143,7506.72
1,2024-09-19,3,False,False,True,False,113.57,114,5757.42
2,2024-09-19,3,False,False,True,False,192.24,192,8548.76
3,2024-09-19,3,False,False,True,False,92.6,93,4059.56
4,2024-09-19,3,False,False,True,False,139.43,139,5806.44
5,2024-09-19,3,False,False,True,False,182.15,182,9239.79
6,2024-09-19,3,False,False,True,False,212.59,213,8894.97
7,2024-09-19,3,False,False,True,False,110.02,110,5636.06
8,2024-09-19,3,False,False,True,False,156.4,156,7364.18
9,2024-09-19,3,False,False,True,False,112.87,113,5186.49
10,2024-09-19,3,False,False,True,False,145.65,146,6956.08
11,2024-09-19,3,False,False,True,False,218.6,219,10173.84
12,2024-09-19,3,False,False,True,False,144.53,145,6883.15
1,2024-09-20,4,False,False,True,False,133.64,134,5429.63
2,2024-09-20,4,False,False,True,False,104.96,105,4396.22
3,2024-09-20,4,False,False,True,False,111.77,112,4885.49
4,2024-09-20,4,False,False,True,False,148.69,149,6584.1
5,2024-09-20,4,False,False,True,False,190.45,190,8473.47
6,2024-09-20,4,False,False,True,False,241.64,242,10544.87
7,2024-09-20,4,False,False,True,False,168.59,169,6318.39
8,2024-09-20,4,False,False,True,False,151.3,151,5752.22
9,2024-09-20,4,False,False,True,False,105.45,105,5036.54
10,2024-09-20,4,False,False,True,False,230.76,231,10446.09
11,2024-09-20,4,False,False,True,False,150.91,151,7162.32
12,2024-09-20,4,False,False,True,False,136.65,137,6324.58
1,2024-09-21,5,True,False,True,False,115.17,115,5573.06
2,2024-09-21,5,True,False,True,False,185.47,185,9232.02
3,2024-09-21,5,True,False,True,False,93.4,93,3480.91
4,2024-09-21,5,True,False,True,False,258.78,259,12701.49
5,2024-09-21,5,True,False,True,False,206.1,206,9235.43
6,2024-09-21,5,True,False,True,False,233.68,234,9219.7
7,2024-09-21,5,True,False,True,False,167.46,167,7215.7
8,2024-09-21,5,True,False,True,False,231.24,231,10028.27
9,2024-09-21,5,True,False,True,False,159.8,160,6430.12
10,2024-09-21,5,True,False,True,False,164.1,164,7145.08
11,2024-09-21,5,True,False,True,False,267.85,268,10370.32
12,2024-09-21,5,True,False,True,False,237.29,237,12441.74
1,2024-09-22,6,True,False,True,False,127.64,128,6847.24
2,2024-09-22,6,True,False,True,False,234.41,234,11911.7
3,2024-09-22,6,True,False,True,False,136.52,137,6554.42
4,2024-09-22,6,True,False,True,False,149.33,149,5263.1
5,2024-09-22,6,True,False,True,False,210.71,211,11084.26
6,2024-09-22,6,True,False,True,False,204.78,205,8844.48
7,2024-09-22,6,True,False,True,False,168.97,169,6577.52
8,2024-09-22,6,True,False,True,False,142.36,142,4985.93
9,2024-09-22,6,True,False,True,False,101.42,101,5395.78
10,2024-09-22,6,True,False,True,False,181.79,182,6992.9
11,2024-09-22,6,True,False,True,False,229.99,230,10814.85
12,2024-09-22,6,True,False,True,False,157.03,157,8106.11
1,2024-09-23,0,False,False,True,False,123.93,124,4341.27
2,2024-09-23,0,False,False,True,False,204.2,204,7174.99
3,2024-09-23,0,False,False,True,False,61.15,61,2313.07
4,2024-09-23,0,False,False,True,False,118.06,118,5303.66
5,2024-09-23,0,False,False,True,False,167.07,167,6413.7
6,2024-09-23,0,False,False,True,False,145.26,145,5871.15
7,2024-09-23,0,False,False,True,False,124.22,124,4871.44
8,2024-09-23,0,False,False,True,False,92.63,93,4684.29
9,2024-09-23,0,False,False,True,False,51.42,51,2058.24
10,2024-09-23,0,False,False,True,False,143.12,143,5550.96
11,2024-09-23,0,False,False,True,False,152.65,153,5474.25
12,2024-09-23,0,False,False,True,False,103.65,104,4538.42
1,2024-09-24,1,False,False,True,False,85.85,86,3609.41
2,2024-09-24,1,False,False,True,False,134.98,135,5503.67
3,2024-09-24,1,False,False,True,False,84.15,84,3193.2
4,2024-09-24,1,False,False,True,False,145.53,146,7948.04
5,2024-09-24,1,False,False,True,False,138.81,139,7637.03
6,2024-09-24,1,False,False,True,False,173.63,174,9493.19
7,2024-09-24,1,False,False,True,False,147.68,148,5482.3
8,2024-09-24,1,False,False,True,False,107.12,107,4539.93
9,2024-09-24,1,False,False,True,False,92.82,93,3268.11
10,2024-09-24,1,False,False,True,False,127.83,128,5154.82
11,2024-09-24,1,False,False,True,False,174.61,175,8150.7
12,2024-09-24,1,False,False,True,False,105.01,105,5498.19
1,2024-09-25,2,False,False,True,False,110.17,110,4273.17
2,2024-09-25,2,False,False,True,False,193.58,194,10221.01
3,2024-09-25,2,False,False,True,False,100.69,101,3834.72
4,2024-09-25,2,False,False,True,False,139.08,139,6974.58
5,2024-09-25,2,False,False,True,False,159.22,159,7910.1
6,2024-09-25,2,False,False,True,False,167.92,168,7659.44
7,2024-09-25,2,False,False,True,False,128.71,129,5715.54
8,2024-09-25,2,False,False,True,False,143.57,144,5735.38
9,2024-09-25,2,False,False,True,False,110.27,110,5011.73
10,2024-09-25,2,False,False,True,False,124.08,124,6620.36
11,2024-09-25,2,False,False,True,False,201.66,202,9043.69
12,2024-09-25,2,False,False,True,False,154.89,155,7160.37
1,2024-09-26,3,False,False,True,False,102.7,103,4430.42
2,2024-09-26,3,False,False,True,False,229.84,230,8726.39
3,2024-09-26,3,False,False,True,False,74.17,74,3927.6
4,2024-09-26,3,False,False,True,False,204.44,204,10404.09
5,2024-09-26,3,False,False,True,False,141.26,141,5397.39
6,2024-09-26,3,False,False,True,False,159.86,160,7380.61
7,2024-09-26,3,False,False,True,False,147.49,147,7926.05
8,2024-09-26,3,False,False,True,False,95.99,96,3560.38
9,2024-09-26,3,False,False,True,False,108.35,108,4289.02
10,2024-09-26,3,False,False,True,False,152.04,152,6261.1
11,2024-09-26,3,False,False,True,False,225.92,226,12155.05
12,2024-09-26,3,False,False,True,False,128.67,129,5346.06
1,2024-09-27,4,False,False,True,False,84.87,85,3877.14
2,2024-09-27,4,False,False,True,False,175.54,176,7598.13
3,2024-09-27,4,False,False,True,False,154.55,155,8481.88
4,2024-09-27,4,False,False,True,False,123.91,124,6222.74
5,2024-09-27,4,False,False,True,False,217.03,217,9492.47
6,2024-09-27,4,False,False,True,False,284.69,285,11591.59
7,2024-09-27,4,False,False,True,False,153.39,153,5844.32
8,2024-09-27,4,False,False,True,False,178.99,179,7628.65
9,2024-09-27,4,False,False,True,False,96.85,97,4461.47
10,2024-09-27,4,False,False,True,False,207.1,207,9968.76
11,2024-09-27,4,False,False,True,False,164.05,164,8032.58
12,2024-09-27,4,False,False,True,False,213.3,213,10546.43
1,2024-09-28,5,True,False,False,True,179.47,179,8232.16
2,2024-09-28,5,True,False,False,True,313.09,313,14829.69
3,2024-09-28,5,True,False,False,True,162.21,162,6409.92
4,2024-09-28,5,True,False,False,True,255.34,255,12035.12
5,2024-09-28,5,True,False,False,True,312.21,312,13630.89
6,2024-09-28,5,True,False,False,True,348.35,348,15616.6
7,2024-09-28,5,True,False,False,True,213.55,214,7981.09
8,2024-09-28,5,True,False,False,True,234.19,234,8327.03
9,2024-09-28,5,True,False,False,True,130.07,130,6374.32
10,2024-09-28,5,True,False,False,True,307.83,308,13239.58
11,2024-09-28,5,True,False,False,True,362.26,362,13118.54
12,2024-09-28,5,True,False,False,True,199.45,199,7806.84
1,2024-09-29,6,True,False,False,True,173.62,174,6233.09
2,2024-09-29,6,True,False,False,True,199.97,200,8331.44
3,2024-09-29,6,True,False,False,True,112.55,113,4135.42
4,2024-09-29,6,True,False,False,True,233.39,233,10868.14
5,2024-09-29,6,True,False,False,True,162.47,162,8524.83
6,2024-09-29,6,True,False,False,True,317.32,317,17014.43
7,2024-09-29,6,True,False,False,True,173.62,174,7154.3
8,2024-09-29,6,True,False,False,True,175.56,176,9479.19
9,2024-09-29,6,True,False,False,True,117.24,117,6018.96
10,2024-09-29,6,True,False,False,True,226.74,227,9363.61
11,2024-09-29,6,True,False,False,True,364.13,364,13229.07
12,2024-09-29,6,True,False,False,True,208.2,208,7398.14
1,2024-09-30,0,False,False,False,True,117.69,118,5925.76
2,2024-09-30,0,False,False,False,True,165.59,166,7336.04
3,2024-09-30,0,False,False,False,True,113.17,113,4288.51
4,2024-09-30,0,False,False,False,True,131.15,131,5294.82
5,2024-09-30,0,False,False,False,True,139.32,139,6986.03
6,2024-09-30,0,False,False,False,True,140.59,141,6400.58
7,2024-09-30,0,False,False,False,True,130.5,130,6977.84
8,2024-09-30,0,False,False,False,True,145.96,146,7433.3
9,2024-09-30,0,False,False,False,True,64.95,65,2642.37
10,2024-09-30,0,False,False,False,True,125.74,126,5421.78
11,2024-09-30,0,False,False,False,True,258.32,258,9230.79
12,2024-09-30,0,False,False,False,True,155.51,156,8063.91
1,2024-10-01,1,False,False,False,True,99.41,99,4504.83
2,2024-10-01,1,False,False,False,True,304.79,305,16395.02
3,2024-10-01,1,False,False,False,True,124.12,124,6409.81
4,2024-10-01,1,False,False,False,True,172.55,173,9509.55
5,2024-10-01,1,False,False,False,True,211.72,212,10592.49
6,2024-10-01,1,False,False,False,True,211.28,211,10697.32
7,2024-10-01,1,False,False,False,True,173.85,174,7872.04
8,2024-10-01,1,False,False,False,True,164.85,165,5928.16
9,2024-10-01,1,False,False,False,True,146.24,146,7429.95
10,2024-10-01,1,False,False,False,True,138.28,138,5227.68
11,2024-10-01,1,False,False,False,True,162.18,162,8677.75
12,2024-10-01,1,False,False,False,True,152.46,152,6132.96
1,2024-10-02,2,False,False,False,True,97.2,97,5064.59
2,2024-10-02,2,False,False,False,True,194.18,194,9710.48
3,2024-10-02,2,False,False,False,True,144.05,144,5724.65
4,2024-10-02,2,False,False,False,True,163.82,164,6959.6
5,2024-10-02,2,False,False,False,True,263.12,263,10889.4
6,2024-10-02,2,False,False,False,True,206.23,206,9531.82
7,2024-10-02,2,False,False,False,True,134.16,134,7269.48
8,2024-10-02,2,False,False,False,True,170.36,170,6719.25
9,2024-10-02,2,False,False,False,True,114.79,115,4984.68
10,2024-10-02,2,False,False,False,True,187.14,187,6929.09
11,2024-10-02,2,False,False,False,True,218.52,219,7727.16
12,2024-10-02,2,False,False,False,True,164.56,165,6159.79
1,2024-10-03,3,False,False,False,True,118.66,119,5199.38
2,2024-10-03,3,False,False,False,True,229.38,229,10611.45
3,2024-10-03,3,False,False,False,True,117.85,118,6129.76
4,2024-10-03,3,False,False,False,True,159.0,159,7687.33
5,2024-10-03,3,False,False,False,True,192.93,193,10400.83
6,2024-10-03,3,False,False,False,True,211.27,211,10888.56
7,2024-10-03,3,False,False,False,True,140.51,141,5851.67
8,2024-10-03,3,False,False,False,True,197.29,197,10497.62
9,2024-10-03,3,False,False,False,True,142.72,143,5220.86
10,2024-10-03,3,False,False,False,True,201.8,202,10522.32
11,2024-10-03,3,False,False,False,True,229.83,230,8765.13
12,2024-10-03,3,False,False,False,True,149.36,149,7979.03
1,2024-10-04,4,False,False,False,True,139.01,139,5068.57
2,2024-10-04,4,False,False,False,True,239.59,240,11139.22
3,2024-10-04,4,False,False,False,True,144.91,145,7698.27
4,2024-10-04,4,False,False,False,True,243.91,244,11043.85
5,2024-10-04,4,False,False,False,True,361.12,361,15664.59
6,2024-10-04,4,False,False,False,True,255.92,256,10998.82
7,2024-10-04,4,False,False,False,True,208.66,209,10174.8
8,2024-10-04,4,False,False,False,True,192.79,193,7577.71
9,2024-10-04,4,False,False,False,True,125.99,126,6340.35
10,2024-10-04,4,False,False,False,True,220.48,220,8617.74
11,2024-10-04,4,False,False,False,True,310.5,311,11033.28
12,2024-10-04,4,False,False,False,True,227.41,227,10108.84
1,2024-10-05,5,True,False,False,True,158.9,159,5612.15
2,2024-10-05,5,True,False,False,True,220.58,221,8764.41
3,2024-10-05,5,True,False,False,True,157.33,157,6964.01
4,2024-10-05,5,True,False,False,True,254.55,255,11174.75
5,2024-10-05,5,True,False,False,True,262.5,262,13639.75
6,2024-10-05,5,True,False,False,True,246.25,246,10916.05
7,2024-10-05,5,True,False,False,True,204.59,205,8975.62
8,2024-10-05,5,True,False,False,True,255.29,255,12065.01
9,2024-10-05,5,True,False,False,True,145.85,146,6645.98
10,2024-10-05,5,True,False,False,True,191.89,192,7812.9
11,2024-10-05,5,True,False,False,True,279.86,280,13933.63
12,2024-10-05,5,True,False,False,True,285.4,285,13797.82
1,2024-10-06,6,True,False,False,True,150.16,150,6843.25
2,2024-10-06,6,True,False,False,True,304.07,304,16660.52
3,2024-10-06,6,True,False,False,True,150.15,150,5983.53
4,2024-10-06,6,True,False,False,True,186.8,187,7161.32
5,2024-10-06,6,True,False,False,True,259.2,259,12307.03
6,2024-10-06,6,True,False,False,True,188.11,188,9509.68
7,2024-10-06,6,True,False,False,True,219.44,219,11202.23
8,2024-10-06,6,True,False,False,True,200.08,200,10868.43
9,2024-10-06,6,True,False,False,True,112.41,112,5618.79
10,2024-10-06,6,True,False,False,True,220.73,221,10487.6
11,2024-10-06,6,True,False,False,True,313.25,313,13006.04
12,2024-10-06,6,True,False,False,True,215.75,216,10731.17
1,2024-10-07,0,False,False,False,True,117.23,117,6031.58
2,2024-10-07,0,False,False,False,True,184.24,184,7842.89
3,2024-10-07,0,False,False,False,True,99.88,100,4203.94
4,2024-10-07,0,False,False,False,True,207.26,207,7998.64
5,2024-10-07,0,False,False,False,True,195.3,195,6913.84
6,2024-10-07,0,False,False,False,True,185.27,185,9224.72
7,2024-10-07,0,False,False,False,True,200.87,201,10979.45
8,2024-10-07,0,False,False,False,True,163.92,164,7189.85
9,2024-10-07,0,False,False,False,True,88.29,88,3408.4
10,2024-10-07,0,False,False,False,True,137.03,137,6170.06
11,2024-10-07,0,False,False,False,True,183.35,183,9359.75
12,2024-10-07,0,False,False,False,True,151.42,151,6937.34
1,2024-10-08,1,False,False,False,True,94.28,94,5105.95
2,2024-10-08,1,False,False,False,True,185.01,185,9134.09
3,2024-10-08,1,False,False,False,True,113.83,114,6196.65
4,2024-10-08,1,False,False,False,True,180.04,180,7496.41
5,2024-10-08,1,False,False,False,True,214.16,214,9657.28
6,2024-10-08,1,False,False,False,True,191.73,192,10326.17
7,2024-10-08,1,False,False,False,True,180.73,181,7269.31
8,2024-10-08,1,False,False,False,True,173.77,174,7515.31
9,2024-10-08,1,False,False,False,True,103.08,103,4917.86
10,2024-10-08,1,False,False,False,True,114.01,114,4700.35
11,2024-10-08,1,False,False,False,True,211.19,211,8819.64
12,2024-10-08,1,False,False,False,True,142.17,142,6368.98
1,2024-10-09,2,False,False,False,True,104.81,105,5094.96
2,2024-10-09,2,False,False,False,True,239.72,240,11568.48
3,2024-10-09,2,False,False,False,True,106.64,107,4936.88
4,2024-10-09,2,False,False,False,True,158.8,159,7885.37
5,2024-10-09,2,False,False,False,True,237.82,238,10388.82
6,2024-10-09,2,False,False,False,True,194.99,195,8031.77
7,2024-10-09,2,False,False,False,True,115.52,116,5821.75
8,2024-10-09,2,False,False,False,True,137.25,137,7144.82
9,2024-10-09,2,False,False,False,True,94.2,94,4337.28
10,2024-10-09,2,False,False,False,True,151.63,152,6853.69
11,2024-10-09,2,False,False,False,True,145.0,145,5442.63
12,2024-10-09,2,False,False,False,True,117.71,118,5119.36
1,2024-10-10,3,False,False,False,True,145.64,146,6831.8
2,2024-10-10,3,False,False,False,True,148.51,149,5425.57
3,2024-10-10,3,False,False,False,True,124.95,125,4808.78
4,2024-10-10,3,False,False,False,True,183.12,183,6832.78
5,2024-10-10,3,False,False,False,True,250.37,250,9973.72
6,2024-10-10,3,False,False,False,True,219.29,219,9987.81
7,2024-10-10,3,False,False,False,True,213.47,213,10177.68
8,2024-10-10,3,False,False,False,True,140.52,141,6860.31
9,2024-10-10,3,False,False,False,True,123.19,123,5595.19
10,2024-10-10,3,False,False,False,True,153.51,154,8350.42
11,2024-10-10,3,False,False,False,True,144.19,144,5225.65
12,2024-10-10,3,False,False,False,True,186.6,187,8358.43
1,2024-10-11,4,False,False,False,True,141.97,142,7669.48
2,2024-10-11,4,False,False,False,True,203.36,203,7407.54
3,2024-10-11,4,False,False,False,True,157.35,157,7522.71
4,2024-10-11,4,False,False,False,True,155.55,156,6312.91
5,2024-10-11,4,False,False,False,True,203.74,204,7203.52
6,2024-10-11,4,False,False,False,True,214.4,214,10266.54
7,2024-10-11,4,False,False,False,True,210.48,210,9629.4
8,2024-10-11,4,False,False,False,True,214.73,215,11818.76
9,2024-10-11,4,False,False,False,True,163.9,164,8142.32
10,2024-10-11,4,False,False,False,True,181.15,181,7720.94
11,2024-10-11,4,False,False,False,True,195.5,195,10310.93
12,2024-10-11,4,False,False,False,True,190.34,190,9104.12
1,2024-10-12,5,True,False,False,True,181.32,181,8449.53
2,2024-10-12,5,True,False,False,True,256.05,256,11742.94
3,2024-10-12,5,True,False,False,True,163.97,164,6257.55
4,2024-10-12,5,True,False,False,True,237.24,237,8324.85
5,2024-10-12,5,True,False,False,True,276.31,276,13836.05
6,2024-10-12,5,True,False,False,True,278.93,279,11082.49
7,2024-10-12,5,True,False,False,True,233.05,233,10320.67
8,2024-10-12,5,True,False,False,True,205.17,205,7917.45
9,2024-10-12,5,True,False,False,True,221.11,221,11596.58
10,2024-10-12,5,True,False,False,True,192.43,192,8403.51
11,2024-10-12,5,True,False,False,True,366.6,367,14831.67
12,2024-10-12,5,True,False,False,True,257.64,258,13105.01
1,2024-10-13,6,True,False,False,True,147.15,147,6726.34
2,2024-10-13,6,True,False,False,True,259.24,259,11055.72
3,2024-10-13,6,True,False,False,True,195.95,196,7138.44
4,2024-10-13,6,True,False,False,True,150.97,151,7904.39
5,2024-10-13,6,True,False,False,True,269.19,269,14327.48
6,2024-10-13,6,True,False,False,True,199.6,200,9618.64
7,2024-10-13,6,True,False,False,True,204.59,205,10110.84
8,2024-10-13,6,True,False,False,True,196.03,196,9931.87
9,2024-10-13,6,True,False,False,True,168.18,168,6768.88
10,2024-10-13,6,True,False,False,True,214.27,214,9584.41
11,2024-10-13,6,True,False,False,True,296.0,296,15854.49
12,2024-10-13,6,True,False,False,True,202.83,203,7579.12
1,2024-10-14,0,False,False,True,False,76.28,76,2943.13
2,2024-10-14,0,False,False,True,False,180.29,180,9735.75
3,2024-10-14,0,False,False,True,False,111.19,111,5312.65
4,2024-10-14,0,False,False,True,False,139.06,139,6198.68
5,2024-10-14,0,False,False,True,False,163.41,163,8723.84
6,2024-10-14,0,False,False,True,False,207.4,207,10707.09
7,2024-10-14,0,False,False,True,False,133.1,133,6322.08
8,2024-10-14,0,False,False,True,False,131.87,132,4767.81
9,2024-10-14,0,False,False,True,False,110.24,110,3881.79
10,2024-10-14,0,False,False,True,False,126.76,127,4746.95
11,2024-10-14,0,False,False,True,False,185.8,186,8665.39
12,2024-10-14,0,False,False,True,False,135.16,135,6834.22
1,2024-10-15,1,False,False,True,False,96.22,96,4748.16
2,2024-10-15,1,False,False,True,False,159.91,160,7697.32
3,2024-10-15,1,False,False,True,False,49.03,49,1934.66
4,2024-10-15,1,False,False,True,False,123.99,124,6661.94
5,2024-10-15,1,False,False,True,False,153.88,154,6788.98
6,2024-10-15,1,False,False,True,False,142.08,142,6775.29
7,2024-10-15,1,False,False,True,False,109.07,109,3974.21
8,2024-10-15,1,False,False,True,False,137.89,138,5029.02
9,2024-10-15,1,False,False,True,False,109.31,109,4635.18
10,2024-10-15,1,False,False,True,False,118.46,118,4408.64
11,2024-10-15,1,False,False,True,False,171.89,172,8511.6
12,2024-10-15,1,False,False,True,False,176.46,176,6281.2
1,2024-10-16,2,False,False,True,False,93.07,93,3959.68
2,2024-10-16,2,False,False,True,False,240.98,241,9801.88
3,2024-10-16,2,False,False,True,False,82.99,83,3248.7
4,2024-10-16,2,False,False,True,False,104.94,105,5427.56
5,2024-10-16,2,False,False,True,False,162.41,162,8810.46
6,2024-10-16,2,False,False,True,False,221.04,221,9629.79
7,2024-10-16,2,False,False,True,False,113.03,113,4167.13
8,2024-10-16,2,False,False,True,False,154.64,155,7191.71
9,2024-10-16,2,False,False,True,False,90.89,91,4408.27
10,2024-10-16,2,False,False,True,False,202.81,203,8349.39
11,2024-10-16,2,False,False,True,False,146.51,147,5575.86
12,2024-10-16,2,False,False,True,False,124.3,124,6114.89
1,2024-10-17,3,False,False,True,False,103.72,104,5608.9
2,2024-10-17,3,False,False,True,False,189.05,189,7032.79
3,2024-10-17,3,False,False,True,False,127.34,127,4662.69
4,2024-10-17,3,False,False,True,False,129.19,129,6907.48
5,2024-10-17,3,False,False,True,False,208.53,209,10928.14
6,2024-10-17,3,False,False,True,False,217.42,217,9504.99
7,2024-10-17,3,False,False,True,False,182.63,183,8867.45
8,2024-10-17,3,False,False,True,False,161.74,162,5982.73
9,2024-10-17,3,False,False,True,False,85.26,85,3892.68
10,2024-10-17,3,False,False,True,False,176.28,176,7073.37
11,2024-10-17,3,False,False,True,False,137.69,138,6726.71
12,2024-10-17,3,False,False,True,False,132.6,133,7303.96
1,2024-10-18,4,False,False,True,False,119.02,119,5970.39
2,2024-10-18,4,False,False,True,False,196.13,196,9001.71
3,2024-10-18,4,False,False,True,False,139.98,140,5046.39
4,2024-10-18,4,False,False,True,False,209.84,210,8436.7
5,2024-10-18,4,False,False,True,False,210.4,210,10341.71
6,2024-10-18,4,False,False,True,False,247.26,247,11325.68
7,2024-10-18,4,False,False,True,False,184.68,185,8391.37
8,2024-10-18,4,False,False,True,False,180.02,180,9130.61
9,2024-10-18,4,False,False,True,False,110.51,111,3993.94
10,2024-10-18,4,False,False,True,False,223.81,224,11035.38
11,2024-10-18,4,False,False,True,False,262.8,263,12909.35
12,2024-10-18,4,False,False,True,False,168.06,168,8764.43
1,2024-10-19,5,True,False,True,False,142.52,143,5788.19
2,2024-10-19,5,True,False,True,False,315.07,315,14229.54
3,2024-10-19,5,True,False,True,False,124.74,125,5484.22
4,2024-10-19,5,True,False,True,False,315.6,316,15403.05
5,2024-10-19,5,True,False,True,False,198.47,198,9328.31
6,2024-10-19,5,True,False,True,False,271.59,272,13398.73
7,2024-10-19,5,True,False,True,False,212.55,213,7935.29
8,2024-10-19,5,True,False,True,False,212.72,213,8230.98
9,2024-10-19,5,True,False,True,False,141.3,141,7135.61
10,2024-10-19,5,True,False,True,False,184.66,185,8472.37
11,2024-10-19,5,True,False,True,False,280.9,281,12795.57
12,2024-10-19,5,True,False,True,False,182.23,182,7020.33
1,2024-10-20,6,True,False,True,False,139.66,140,5481.97
2,2024-10-20,6,True,False,True,False,251.35,251,11763.96
3,2024-10-20,6,True,False,True,False,157.35,157,7454.0
4,2024-10-20,6,True,False,True,False,185.33,185,8566.04
5,2024-10-20,6,True,False,True,False,251.07,251,9266.04
6,2024-10-20,6,True,False,True,False,216.37,216,8923.92
7,2024-10-20,6,True,False,True,False,155.0,155,7141.55
8,2024-10-20,6,True,False,True,False,211.38,211,8583.41
9,2024-10-20,6,True,False,True,False,121.12,121,4638.69
10,2024-10-20,6,True,False,True,False,208.05,208,11207.1
11,2024-10-20,6,True,False,True,False,185.85,186,8634.5
12,2024-10-20,6,True,False,True,False,127.77,128,6816.08
1,2024-10-21,0,False,False,True,False,126.83,127,5935.94
2,2024-10-21,0,False,False,True,False,164.24,164,7160.91
3,2024-10-21,0,False,False,True,False,83.9,84,4143.45
4,2024-10-21,0,False,False,True,False,106.3,106,4428.12
5,2024-10-21,0,False,False,True,False,149.83,150,6199.93
6,2024-10-21,0,False,False,True,False,195.22,195,8010.46
7,2024-10-21,0,False,False,True,False,130.68,131,6238.27
8,2024-10-21,0,False,False,True,False,143.65,144,5514.84
9,2024-10-21,0,False,False,True,False,102.76,103,5529.77
10,2024-10-21,0,False,False,True,False,124.28,124,4659.1
11,2024-10-21,0,False,False,True,False,150.26,150,5584.4
12,2024-10-21,0,False,False,True,False,97.73,98,3689.46
1,2024-10-22,1,False,False,True,False,79.36,79,2789.78
2,2024-10-22,1,False,False,True,False,150.0,150,5703.83
3,2024-10-22,1,False,False,True,False,87.74,88,4119.25
4,2024-10-22,1,False,False,True,False,144.82,145,5643.46
5,2024-10-22,1,False,False,True,False,155.27,155,8388.88
6,2024-10-22,1,False,False,True,False,155.0,155,5823.08
7,2024-10-22,1,False,False,True,False,126.57,127,6184.65
8,2024-10-22,1,False,False,True,False,112.9,113,4115.67
9,2024-10-22,1,False,False,True,False,79.83,80,4061.33
10,2024-10-22,1,False,False,True,False,122.27,122,6369.93
11,2024-10-22,1,False,False,True,False,188.75,189,9434.43
12,2024-10-22,1,False,False,True,False,146.37,146,7104.06
1,2024-10-23,2,False,False,True,False,91.33,91,3393.45
2,2024-10-23,2,False,False,True,False,207.42,207,7824.38
3,2024-10-23,2,False,False,True,False,75.75,76,3753.3
4,2024-10-23,2,False,False,True,False,147.15,147,6302.81
5,2024-10-23,2,False,False,True,False,193.47,193,7099.22
6,2024-10-23,2,False,False,True,False,211.14,211,10461.88
7,2024-10-23,2,False,False,True,False,120.01,120,4600.45
8,2024-10-23,2,False,False,True,False,161.38,161,6989.67
9,2024-10-23,2,False,False,True,False,85.8,86,3760.96
10,2024-10-23,2,False,False,True,False,129.26,129,4659.48
11,2024-10-23,2,False,False,True,False,198.61,199,8535.55
12,2024-10-23,2,False,False,True,False,116.95,117,4721.72
1,2024-10-24,3,False,False,True,False,107.0,107,4823.8
2,2024-10-24,3,False,False,True,False,161.3,161,7557.67
3,2024-10-24,3,False,False,True,False,93.19,93,3428.53
4,2024-10-24,3,False,False,True,False,145.31,145,5192.32
5,2024-10-24,3,False,False,True,False,183.73,184,9126.52
6,2024-10-24,3,False,False,True,False,159.32,159,6001.78
7,2024-10-24,3,False,False,True,False,156.5,157,6159.17
8,2024-10-24,3,False,False,True,False,162.41,162,6462.78
9,2024-10-24,3,False,False,True,False,99.43,99,3825.04
10,2024-10-24,3,False,False,True,False,180.34,180,8602.89
11,2024-10-24,3,False,False,True,False,169.64,170,9028.36
12,2024-10-24,3,False,False,True,False,136.48,136,6276.3
1,2024-10-25,4,False,False,True,False,98.84,99,3791.35
2,2024-10-25,4,False,False,True,False,229.62,230,10009.13
3,2024-10-25,4,False,False,True,False,124.53,125,5663.52
4,2024-10-25,4,False,False,True,False,179.05,179,9529.78
5,2024-10-25,4,False,False,True,False,254.19,254,11614.35
6,2024-10-25,4,False,False,True,False,272.34,272,9999.13
7,2024-10-25,4,False,False,True,False,250.57,251,10528.47
8,2024-10-25,4,False,False,True,False,181.15,181,6808.07
9,2024-10-25,4,False,False,True,False,140.51,141,4992.05
10,2024-10-25,4,False,False,True,False,154.68,155,7563.4
11,2024-10-25,4,False,False,True,False,197.13,197,8261.31
12,2024-10-25,4,False,False,True,False,137.55,138,5096.42
1,2024-10-26,5,True,False,True,False,209.08,209,10612.61
2,2024-10-26,5,True,False,True,False,258.5,258,12308.11
3,2024-10-26,5,True,False,True,False,165.73,166,8258.79
4,2024-10-26,5,True,False,True,False,275.2,275,13867.88
5,2024-10-26,5,True,False,True,False,222.78,223,11669.83
6,2024-10-26,5,True,False,True,False,257.91,258,11682.46
7,2024-10-26,5,True,False,True,False,226.59,227,9379.19
8,2024-10-26,5,True,False,True,False,226.49,226,11166.79
9,2024-10-26,5,True,False,True,False,140.46,140,6410.53
10,2024-10-26,5,True,False,True,False,175.29,175,7933.38
11,2024-10-26,5,True,False,True,False,258.81,259,10665.91
12,2024-10-26,5,True,False,True,False,135.64,136,6701.09
1,2024-10-27,6,True,False,True,False,137.72,138,6427.92
2,2024-10-27,6,True,False,True,False,281.62,282,14363.33
3,2024-10-27,6,True,False,True,False,152.7,153,6103.34
4,2024-10-27,6,True,False,True,False,161.93,162,5901.77
5,2024-10-27,6,True,False,True,False,225.57,226,11592.49
6,2024-10-27,6,True,False,True,False,211.98,212,10675.7
7,2024-10-27,6,True,False,True,False,170.82,171,8869.75
8,2024-10-27,6,True,False,True,False,166.82,167,6644.29
9,2024-10-27,6,True,False,True,False,108.05,108,5471.59
10,2024-10-27,6,True,False,True,False,212.01,212,9711.1
11,2024-10-27,6,True,False,True,False,181.05,181,9547.29
12,2024-10-27,6,True,False,True,False,286.67,287,14456.47
1,2024-10-28,0,False,True,True,False,132.35,132,7126.89
2,2024-10-28,0,False,True,True,False,328.37,328,11597.83
3,2024-10-28,0,False,True,True,False,98.32,98,3529.83
4,2024-10-28,0,False,True,True,False,164.99,165,7104.17
5,2024-10-28,0,False,True,True,False,292.94,293,10677.78
6,2024-10-28,0,False,True,True,False,205.62,206,8541.59
7,2024-10-28,0,False,True,True,False,180.09,180,6821.72
8,2024-10-28,0,False,True,True,False,155.99,156,6596.95
9,2024-10-28,0,False,True,True,False,136.17,136,7294.8
10,2024-10-28,0,False,True,True,False,170.12,170,6757.57
11,2024-10-28,0,False,True,True,False,267.45,267,11117.1
12,2024-10-28,0,False,True,True,False,202.93,203,8563.38
1,2024-10-29,1,False,False,True,False,102.0,102,4002.26
2,2024-10-29,1,False,False,True,False,164.77,165,7024.05
3,2024-10-29,1,False,False,True,False,107.36,107,5279.54
4,2024-10-29,1,False,False,True,False,147.51,148,8043.64
5,2024-10-29,1,False,False,True,False,181.99,182,9686.89
6,2024-10-29,1,False,False,True,False,221.15,221,10285.38
7,2024-10-29,1,False,False,True,False,144.71,145,7546.26
8,2024-10-29,1,False,False,True,False,129.77,130,5982.53
9,2024-10-29,1,False,False,True,False,109.79,110,4534.65
10,2024-10-29,1,False,False,True,False,100.92,101,5391.56
11,2024-10-29,1,False,False,True,False,133.97,134,5046.63
12,2024-10-29,1,False,False,True,False,134.38,134,7353.05
1,2024-10-30,2,False,False,True,False,126.74,127,6483.52
2,2024-10-30,2,False,False,True,False,142.5,143,6030.1
3,2024-10-30,2,False,False,True,False,110.3,110,5820.86
4,2024-10-30,2,False,False,True,False,124.82,125,5006.91
5,2024-10-30,2,False,False,True,False,191.61,192,7250.83
6,2024-10-30,2,False,False,True,False,169.51,170,8787.97
7,2024-10-30,2,False,False,True,False,148.77,149,6442.27
8,2024-10-30,2,False,False,True,False,131.43,131,6239.75
9,2024-10-30,2,False,False,True,False,126.19,126,5422.42
10,2024-10-30,2,False,False,True,False,145.52,146,6867.61
11,2024-10-30,2,False,False,True,False,120.68,121,4393.23
12,2024-10-30,2,False,False,True,False,150.13,150,7481.3
1,2024-10-31,3,False,False,True,False,114.6,115,4176.68
2,2024-10-31,3,False,False,True,False,225.82,226,9238.76
3,2024-10-31,3,False,False,True,False,133.19,133,6866.88
4,2024-10-31,3,False,False,True,False,113.0,113,5743.24
5,2024-10-31,3,False,False,True,False,176.58,177,7690.36
6,2024-10-31,3,False,False,True,False,220.69,221,11263.04
7,2024-10-31,3,False,False,True,False,143.22,143,6051.76
8,2024-10-31,3,False,False,True,False,154.22,154,8111.05
9,2024-10-31,3,False,False,True,False,96.72,97,5001.39
10,2024-10-31,3,False,False,True,False,161.55,162,7479.97
11,2024-10-31,3,False,False,True,False,213.65,214,9199.78
12,2024-10-31,3,False,False,True,False,146.17,146,6960.52
1,2024-11-01,4,False,False,True,False,156.82,157,8101.68
2,2024-11-01,4,False,False,True,False,293.41,293,10737.83
3,2024-11-01,4,False,False,True,False,112.51,113,4236.28
4,2024-11-01,4,False,False,True,False,166.13,166,9069.39
5,2024-11-01,4,False,False,True,False,189.44,189,10119.53
6,2024-11-01,4,False,False,True,False,226.46,226,8432.73
7,2024-11-01,4,False,False,True,False,195.81,196,9061.29
8,2024-11-01,4,False,False,True,False,179.91,180,9882.43
9,2024-11-01,4,False,False,True,False,147.42,147,5708.63
10,2024-11-01,4,False,False,True,False,176.66,177,8917.65
11,2024-11-01,4,False,False,True,False,282.04,282,10157.19
12,2024-11-01,4,False,False,True,False,201.06,201,9995.59
1,2024-11-02,5,True,False,True,False,180.07,180,8239.6
2,2024-11-02,5,True,False,True,False,305.38,305,13301.13
3,2024-11-02,5,True,False,True,False,143.19,143,6368.1
4,2024-11-02,5,True,False,True,False,191.59,192,10246.51
5,2024-11-02,5,True,False,True,False,265.06,265,12186.16
6,2024-11-02,5,True,False,True,False,273.27,273,9735.8
7,2024-11-02,5,True,False,True,False,263.48,263,13599.59
8,2024-11-02,5,True,False,True,False,213.23,213,8859.93
9,2024-11-02,5,True,False,True,False,114.54,115,4342.45
10,2024-11-02,5,True,False,True,False,210.08,210,8260.83
11,2024-11-02,5,True,False,True,False,356.95,357,19153.67
12,2024-11-02,5,True,False,True,False,214.34,214,7698.05
1,2024-11-03,6,True,False,True,False,118.88,119,4251.83
2,2024-11-03,6,True,False,True,False,224.06,224,9961.41
3,2024-11-03,6,True,False,True,False,108.05,108,5510.38
4,2024-11-03,6,True,False,True,False,137.56,138,6737.97
5,2024-11-03,6,True,False,True,False,370.34,370,14393.87
6,2024-11-03,6,True,False,True,False,268.71,269,11906.29
7,2024-11-03,6,True,False,True,False,194.84,195,9084.38
8,2024-11-03,6,True,False,True,False,213.99,214,8532.02
9,2024-11-03,6,True,False,True,False,135.7,136,6481.9
10,2024-11-03,6,True,False,True,False,137.5,138,5186.84
11,2024-11-03,6,True,False,True,False,244.92,245,11051.48
12,2024-11-03,6,True,False,True,False,199.9,200,9009.44
1,2024-11-04,0,False,False,True,False,96.63,97,4927.88
2,2024-11-04,0,False,False,True,False,139.53,140,7385.35
3,2024-11-04,0,False,False,True,False,72.48,72,3215.22
4,2024-11-04,0,False,False,True,False,107.12,107,3851.04
5,2024-11-04,0,False,False,True,False,146.4,146,5824.35
6,2024-11-04,0,False,False,True,False,173.13,173,6119.16
7,2024-11-04,0,False,False,True,False,174.32,174,7863.78
8,2024-11-04,0,False,False,True,False,131.33,131,5276.46
9,2024-11-04,0,False,False,True,False,108.61,109,5850.45
10,2024-11-04,0,False,False,True,False,149.68,150,7264.23
11,2024-11-04,0,False,False,True,False,203.54,204,9058.42
12,2024-11-04,0,False,False,True,False,147.18,147,6489.14
1,2024-11-05,1,False,False,True,False,97.97,98,5031.75
2,2024-11-05,1,False,False,True,False,149.65,150,7281.82
3,2024-11-05,1,False,False,True,False,91.16,91,4284.7
4,2024-11-05,1,False,False,True,False,137.79,138,6218.42
5,2024-11-05,1,False,False,True,False,144.44,144,5091.87
6,2024-11-05,1,False,False,True,False,192.35,192,10093.78
7,2024-11-05,1,False,False,True,False,149.87,150,6516.26
8,2024-11-05,1,False,False,True,False,128.65,129,6937.25
9,2024-11-05,1,False,False,True,False,107.32,107,4362.57
10,2024-11-05,1,False,False,True,False,139.37,139,6700.31
11,2024-11-05,1,False,False,True,False,190.11,190,6894.99
12,2024-11-05,1,False,False,True,False,146.34,146,6293.66
1,2024-11-06,2,False,False,True,False,91.49,91,4570.2
2,2024-11-06,2,False,False,True,False,161.88,162,8797.72
3,2024-11-06,2,False,False,True,False,119.15,119,4844.92
4,2024-11-06,2,False,False,True,False,174.91,175,9602.2
5,2024-11-06,2,False,False,True,False,178.24,178,6314.79
6,2024-11-06,2,False,False,True,False,211.47,211,10062.49
7,2024-11-06,2,False,False,True,False,142.12,142,5249.04
8,2024-11-06,2,False,False,True,False,155.66,156,6711.36
9,2024-11-06,2,False,False,True,False,133.62,134,6570.14
10,2024-11-06,2,False,False,True,False,185.64,186,7208.51
11,2024-11-06,2,False,False,True,False,169.3,169,8222.77
12,2024-11-06,2,False,False,True,False,119.15,119,4773.94
1,2024-11-07,3,False,False,True,False,119.31,119,4475.12
2,2024-11-07,3,False,False,True,False,175.16,175,8359.76
3,2024-11-07,3,False,False,True,False,96.28,96,3786.45
4,2024-11-07,3,False,False,True,False,125.17,125,5750.29
5,2024-11-07,3,False,False,True,False,254.62,255,9241.46
6,2024-11-07,3,False,False,True,False,189.17,189,8330.5
7,2024-11-07,3,False,False,True,False,159.63,160,6306.47
8,2024-11-07,3,False,False,True,False,103.86,104,4520.32
9,2024-11-07,3,False,False,True,False,134.52,135,7104.76
10,2024-11-07,3,False,False,True,False,100.7,101,3803.1
11,2024-11-07,3,False,False,True,False,284.86,285,13998.25
12,2024-11-07,3,False,False,True,False,162.53,163,6514.38
1,2024-11-08,4,False,False,True,False,107.89,108,4875.8
2,2024-11-08,4,False,False,True,False,286.87,287,11574.52
3,2024-11-08,4,False,False,True,False,94.37,94,3589.23
4,2024-11-08,4,False,False,True,False,152.05,152,7342.73
5,2024-11-08,4,False,False,True,False,254.51,255,11746.44
6,2024-11-08,4,False,False,True,False,276.81,277,12538.14
7,2024-11-08,4,False,False,True,False,181.59,182,8670.97
8,2024-11-08,4,False,False,True,False,118.88,119,5861.35
9,2024-11-08,4,False,False,True,False,169.45,169,6230.7
10,2024-11-08,4,False,False,True,False,195.72,196,9950.48
11,2024-11-08,4,False,False,True,False,217.66,218,10119.91
12,2024-11-08,4,False,False,True,False,148.15,148,7652.87
1,2024-11-09,5,True,False,True,False,117.48,117,5464.6
2,2024-11-09,5,True,False,True,False,266.34,266,13435.16
3,2024-11-09,5,True,False,True,False,156.81,157,6329.43
4,2024-11-09,5,True,False,True,False,199.44,199,8706.0
5,2024-11-09,5,True,False,True,False,186.16,186,9790.13
6,2024-11-09,5,True,False,True,False,252.28,252,11375.47
7,2024-11-09,5,True,False,True,False,199.13,199,8978.26
8,2024-11-09,5,True,False,True,False,302.38,302,15177.72
9,2024-11-09,5,True,False,True,False,141.92,142,6216.31
10,2024-11-09,5,True,False,True,False,273.98,274,12295.8
11,2024-11-09,5,True,False,True,False,230.8,231,8617.68
12,2024-11-09,5,True,False,True,False,189.26,189,7261.6
1,2024-11-10,6,True,False,True,False,131.07,131,5674.12
2,2024-11-10,6,True,False,True,False,205.13,205,7583.38
3,2024-11-10,6,True,False,True,False,117.44,117,4362.47
4,2024-11-10,6,True,False,True,False,160.63,161,6372.26
5,2024-11-10,6,True,False,True,False,291.39,291,15229.79
6,2024-11-10,6,True,False,True,False,263.27,263,12161.26
7,2024-11-10,6,True,False,True,False,155.19,155,8475.6
8,2024-11-10,6,True,False,True,False,175.67,176,7322.59
9,2024-11-10,6,True,False,True,False,140.35,140,6742.59
10,2024-11-10,6,True,False,True,False,196.73,197,10167.18
11,2024-11-10,6,True,False,True,False,229.35,229,11128.99
12,2024-11-10,6,True,False,True,False,175.68,176,7184.37
1,2024-11-11,0,False,False,True,False,106.59,107,5215.16
2,2024-11-11,0,False,False,True,False,145.59,146,5195.58
3,2024-11-11,0,False,False,True,False,71.42,71,2730.68
4,2024-11-11,0,False,False,True,False,122.34,122,6252.44
5,2024-11-11,0,False,False,True,False,224.59,225,10102.88
6,2024-11-11,0,False,False,True,False,160.02,160,6307.86
7,2024-11-11,0,False,False,True,False,87.64,88,4201.24
8,2024-11-11,0,False,False,True,False,116.58,117,5716.21
9,2024-11-11,0,False,False,True,False,77.45,77,3735.49
10,2024-11-11,0,False,False,True,False,105.45,105,5479.78
11,2024-11-11,0,False,False,True,False,163.85,164,6694.32
12,2024-11-11,0,False,False,True,False,129.39,129,4579.2
1,2024-11-12,1,False,False,True,False,102.75,103,4824.75
2,2024-11-12,1,False,False,True,False,191.95,192,10282.68
3,2024-11-12,1,False,False,True,False,99.04,99,5005.13
4,2024-11-12,1,False,False,True,False,172.26,172,6130.04
5,2024-11-12,1,False,False,True,False,161.8,162,6570.04
6,2024-11-12,1,False,False,True,False,121.7,122,5578.83
7,2024-11-12,1,False,False,True,False,110.05,110,5168.5
8,2024-11-12,1,False,False,True,False,175.71,176,8896.73
9,2024-11-12,1,False,False,True,False,122.8,123,5739.48
10,2024-11-12,1,False,False,True,False,127.39,127,6758.83
11,2024-11-12,1,False,False,True,False,187.6,188,9857.75
12,2024-11-12,1,False,False,True,False,92.16,92,3639.25
1,2024-11-13,2,False,False,True,False,100.27,100,4662.15
2,2024-11-13,2,False,False,True,False,189.5,189,8192.17
3,2024-11-13,2,False,False,True,False,81.2,81,3882.64
4,2024-11-13,2,False,False,True,False,135.87,136,6245.98
5,2024-11-13,2,False,False,True,False,262.82,263,10467.51
6,2024-11-13,2,False,False,True,False,175.48,175,9009.29
7,2024-11-13,2,False,False,True,False,116.67,117,5318.4
8,2024-11-13,2,False,False,True,False,167.32,167,9126.28
9,2024-11-13,2,False,False,True,False,118.66,119,4270.57
10,2024-11-13,2,False,False,True,False,139.05,139,7441.54
11,2024-11-13,2,False,False,True,False,191.51,192,9059.58
12,2024-11-13,2,False,False,True,False,148.18,148,7128.28
1,2024-11-14,3,False,False,True,False,110.69,111,4210.01
2,2024-11-14,3,False,False,True,False,204.17,204,7185.46
3,2024-11-14,3,False,False,True,False,111.37,111,3940.9
4,2024-11-14,3,False,False,True,False,136.82,137,5105.81
5,2024-11-14,3,False,False,True,False,148.06,148,7750.41
6,2024-11-14,3,False,False,True,False,221.03,221,8584.08
7,2024-11-14,3,False,False,True,False,140.81,141,6782.06
8,2024-11-14,3,False,False,True,False,171.73,172,6549.93
9,2024-11-14,3,False,False,True,False,119.25,119,4438.04
10,2024-11-14,3,False,False,True,False,201.41,201,9224.29
11,2024-11-14,3,False,False,True,False,205.98,206,7607.42
12,2024-11-14,3,False,False,True,False,193.3,193,8915.6
1,2024-11-15,4,False,False,True,False,129.18,129,4806.04
2,2024-11-15,4,False,False,True,False,208.53,209,11196.23
3,2024-11-15,4,False,False,True,False,121.6,122,5806.88
4,2024-11-15,4,False,False,True,False,224.59,225,8690.11
5,2024-11-15,4,False,False,True,False,220.28,220,9614.13
6,2024-11-15,4,False,False,True,False,262.02,262,11490.69
7,2024-11-15,4,False,False,True,False,128.71,129,6205.38
8,2024-11-15,4,False,False,True,False,179.41,179,8421.5
9,2024-11-15,4,False,False,True,False,136.29,136,7224.81
10,2024-11-15,4,False,False,True,False,176.02,176,7731.94
11,2024-11-15,4,False,False,True,False,196.73,197,9155.05
12,2024-11-15,4,False,False,True,False,205.26,205,7341.81
1,2024-11-16,5,True,False,True,False,177.1,177,7468.57
2,2024-11-16,5,True,False,True,False,257.85,258,11726.21
3,2024-11-16,5,True,False,True,False,176.05,176,8777.68
4,2024-11-16,5,True,False,True,False,212.46,212,11542.18
5,2024-11-16,5,True,False,True,False,211.55,212,7533.68
6,2024-11-16,5,True,False,True,False,245.13,245,9877.11
7,2024-11-16,5,True,False,True,False,185.54,186,8684.59
8,2024-11-16,5,True,False,True,False,154.89,155,8106.89
9,2024-11-16,5,True,False,True,False,131.86,132,4656.8
10,2024-11-16,5,True,False,True,False,215.7,216,10800.08
11,2024-11-16,5,True,False,True,False,269.46,269,13498.31
12,2024-11-16,5,True,False,True,False,208.38,208,9237.46
1,2024-11-17,6,True,False,True,False,153.78,154,8028.48
2,2024-11-17,6,True,False,True,False,280.63,281,13768.8
3,2024-11-17,6,True,False,True,False,124.75,125,5047.1
4,2024-11-17,6,True,False,True,False,99.4,99,3703.09
5,2024-11-17,6,True,False,True,False,174.38,174,9282.16
6,2024-11-17,6,True,False,True,False,277.45,277,12952.27
7,2024-11-17,6,True,False,True,False,158.34,158,7722.0
8,2024-11-17,6,True,False,True,False,208.59,209,9975.48
9,2024-11-17,6,True,False,True,False,112.84,113,5669.23
10,2024-11-17,6,True,False,True,False,203.58,204,8558.19
11,2024-11-17,6,True,False,True,False,261.97,262,14048.74
12,2024-11-17,6,True,False,True,False,222.19,222,9880.18
1,2024-11-18,0,False,False,True,False,81.85,82,2893.02
2,2024-11-18,0,False,False,True,False,152.98,153,8049.12
3,2024-11-18,0,False,False,True,False,95.05,95,3971.66
4,2024-11-18,0,False,False,True,False,132.17,132,6720.44
5,2024-11-18,0,False,False,True,False,119.8,120,6474.85
6,2024-11-18,0,False,False,True,False,171.24,171,7141.37
7,2024-11-18,0,False,False,True,False,133.91,134,6775.36
8,2024-11-18,0,False,False,True,False,114.94,115,4910.42
9,2024-11-18,0,False,False,True,False,72.58,73,3750.15
10,2024-11-18,0,False,False,True,False,164.49,164,6539.69
11,2024-11-18,0,False,False,True,False,152.94,153,6199.66
12,2024-11-18,0,False,False,True,False,110.52,111,5875.77
1,2024-11-19,1,False,False,True,False,85.17,85,4529.31
2,2024-11-19,1,False,False,True,False,206.89,207,7902.02
3,2024-11-19,1,False,False,True,False,99.61,100,3620.41
4,2024-11-19,1,False,False,True,False,98.97,99,4488.65
5,2024-11-19,1,False,False,True,False,211.05,211,8092.44
6,2024-11-19,1,False,False,True,False,175.99,176,7284.44
7,2024-11-19,1,False,False,True,False,122.47,122,6295.68
8,2024-11-19,1,False,False,True,False,146.73,147,7362.27
9,2024-11-19,1,False,False,True,False,107.01,107,3969.46
10,2024-11-19,1,False,False,True,False,120.48,120,4482.95
11,2024-11-19,1,False,False,True,False,191.47,191,10428.01
12,2024-11-19,1,False,False,True,False,149.52,150,8172.6
1,2024-11-20,2,False,False,True,False,109.2,109,4654.08
2,2024-11-20,2,False,False,True,False,129.88,130,5927.42
3,2024-11-20,2,False,False,True,False,96.89,97,4912.96
4,2024-11-20,2,False,False,True,False,140.69,141,7153.02
5,2024-11-20,2,False,False,True,False,153.34,153,8407.96
6,2024-11-20,2,False,False,True,False,181.29,181,9879.12
7,2024-11-20,2,False,False,True,False,154.8,155,7081.19
8,2024-11-20,2,False,False,True,False,161.09,161,7629.68
9,2024-11-20,2,False,False,True,False,110.39,110,5085.15
10,2024-11-20,2,False,False,True,False,128.96,129,4533.35
11,2024-11-20,2,False,False,True,False,179.09,179,9648.67
12,2024-11-20,2,False,False,True,False,177.83,178,8746.81
1,2024-11-21,3,False,False,True,False,133.53,134,5548.3
2,2024-11-21,3,False,False,True,False,227.88,228,8633.98
3,2024-11-21,3,False,False,True,False,118.59,119,5181.79
4,2024-11-21,3,False,False,True,False,172.71,173,9494.8
5,2024-11-21,3,False,False,True,False,212.5,212,7712.58
6,2024-11-21,3,False,False,True,False,191.45,191,9142.03
7,2024-11-21,3,False,False,True,False,181.69,182,8597.02
8,2024-11-21,3,False,False,True,False,158.54,159,8251.08
9,2024-11-21,3,False,False,True,False,98.06,98,4634.6
10,2024-11-21,3,False,False,True,False,192.35,192,8342.65
11,2024-11-21,3,False,False,True,False,190.75,191,7718.15
12,2024-11-21,3,False,False,True,False,152.87,153,6085.39
1,2024-11-22,4,False,False,True,False,70.2,70,3510.37
2,2024-11-22,4,False,False,True,False,251.12,251,12150.03
3,2024-11-22,4,False,False,True,False,98.37,98,3589.81
4,2024-11-22,4,False,False,True,False,117.87,118,6365.08
5,2024-11-22,4,False,False,True,False,216.23,216,8182.2
6,2024-11-22,4,False,False,True,False,216.91,217,9642.74
7,2024-11-22,4,False,False,True,False,165.48,165,6299.76
8,2024-11-22,4,False,False,True,False,134.34,134,6850.84
9,2024-11-22,4,False,False,True,False,90.78,91,3614.05
10,2024-11-22,4,False,False,True,False,173.49,173,6239.56
11,2024-11-22,4,False,False,True,False,161.9,162,6693.59
12,2024-11-22,4,False,False,True,False,193.5,193,7525.56
1,2024-11-23,5,True,False,True,False,169.74,170,9076.26
2,2024-11-23,5,True,False,True,False,303.12,303,11577.19
3,2024-11-23,5,True,False,True,False,227.43,227,8944.23
4,2024-11-23,5,True,False,True,False,248.45,248,11735.86
5,2024-11-23,5,True,False,True,False,257.15,257,9476.4
6,2024-11-23,5,True,False,True,False,320.49,320,11851.64
7,2024-11-23,5,True,False,True,False,143.03,143,7601.69
8,2024-11-23,5,True,False,True,False,172.8,173,7609.74
9,2024-11-23,5,True,False,True,False,135.12,135,4853.73
10,2024-11-23,5,True,False,True,False,165.49,165,8174.05
11,2024-11-23,5,True,False,True,False,222.04,222,10294.7
12,2024-11-23,5,True,False,True,False,188.95,189,8113.47
1,2024-11-24,6,True,False,True,False,138.05,138,5322.53
2,2024-11-24,6,True,False,True,False,126.81,127,6796.37
3,2024-11-24,6,True,False,True,False,125.92,126,6125.55
4,2024-11-24,6,True,False,True,False,171.09,171,9342.53
5,2024-11-24,6,True,False,True,False,321.98,322,15836.51
6,2024-11-24,6,True,False,True,False,262.2,262,12331.91
7,2024-11-24,6,True,False,True,False,176.24,176,9533.99
8,2024-11-24,6,True,False,True,False,143.3,143,5781.82
9,2024-11-24,6,True,False,True,False,122.02,122,5797.1
10,2024-11-24,6,True,False,True,False,134.51,135,6657.88
11,2024-11-24,6,True,False,True,False,196.85,197,10600.84
12,2024-11-24,6,True,False,True,False,148.48,148,6736.12
1,2024-11-25,0,False,False,True,False,100.15,100,3684.71
2,2024-11-25,0,False,False,True,False,160.4,160,6867.41
3,2024-11-25,0,False,False,True,False,77.97,78,3850.46
4,2024-11-25,0,False,False,True,False,139.27,139,7532.12
5,2024-11-25,0,False,False,True,False,173.54,174,8401.15
6,2024-11-25,0,False,False,True,False,171.01,171,8356.23
7,2024-11-25,0,False,False,True,False,100.94,101,4230.55
8,2024-11-25,0,False,False,True,False,121.14,121,5439.85
9,2024-11-25,0,False,False,True,False,97.11,97,3979.37
10,2024-11-25,0,False,False,True,False,138.8,139,5144.51
11,2024-11-25,0,False,False,True,False,153.17,153,6346.87
12,2024-11-25,0,False,False,True,False,169.95,170,6595.81
1,2024-11-26,1,False,False,True,False,113.56,114,4402.65
2,2024-11-26,1,False,False,True,False,155.01,155,7367.99
3,2024-11-26,1,False,False,True,False,104.39,104,3657.78
4,2024-11-26,1,False,False,True,False,146.18,146,7502.79
5,2024-11-26,1,False,False,True,False,193.1,193,7116.79
6,2024-11-26,1,False,False,True,False,212.83,213,11109.51
7,2024-11-26,1,False,False,True,False,124.75,125,4805.7
8,2024-11-26,1,False,False,True,False,142.14,142,7288.48
9,2024-11-26,1,False,False,True,False,98.86,99,3692.55
10,2024-11-26,1,False,False,True,False,162.44,162,6937.36
11,2024-11-26,1,False,False,True,False,183.82,184,7257.47
12,2024-11-26,1,False,False,True,False,170.67,171,8919.63
1,2024-11-27,2,False,False,True,False,101.04,101,5057.02
2,2024-11-27,2,False,False,True,False,184.0,184,7382.2
3,2024-11-27,2,False,False,True,False,80.15,80,3982.51
4,2024-11-27,2,False,False,True,False,136.72,137,5242.3
5,2024-11-27,2,False,False,True,False,145.59,146,7390.01
6,2024-11-27,2,False,False,True,False,245.31,245,9902.15
7,2024-11-27,2,False,False,True,False,147.32,147,5632.48
8,2024-11-27,2,False,False,True,False,144.94,145,5379.41
9,2024-11-27,2,False,False,True,False,96.86,97,4282.51
10,2024-11-27,2,False,False,True,False,141.5,142,7401.69
11,2024-11-27,2,False,False,True,False,154.3,154,6283.15
12,2024-11-27,2,False,False,True,False,170.12,170,8168.48
1,2024-11-28,3,False,False,True,False,103.93,104,5202.43
2,2024-11-28,3,False,False,True,False,228.36,228,8240.22
3,2024-11-28,3,False,False,True,False,120.83,121,5526.1
4,2024-11-28,3,False,False,True,False,151.83,152,7255.12
5,2024-11-28,3,False,False,True,False,218.69,219,10251.41
6,2024-11-28,3,False,False,True,False,231.66,232,10747.97
7,2024-11-28,3,False,False,True,False,161.51,162,5834.7
8,2024-11-28,3,False,False,True,False,115.36,115,4485.68
9,2024-11-28,3,False,False,True,False,73.75,74,3976.01
10,2024-11-28,3,False,False,True,False,148.92,149,7260.44
11,2024-11-28,3,False,False,True,False,192.6,193,8559.29
12,2024-11-28,3,False,False,True,False,141.1,141,5576.33
1,2024-11-29,4,False,False,True,False,137.99,138,7173.5
2,2024-11-29,4,False,False,True,False,216.42,216,10046.98
3,2024-11-29,4,False,False,True,False,123.14,123,5122.13
4,2024-11-29,4,False,False,True,False,195.65,196,10365.11
5,2024-11-29,4,False,False,True,False,218.86,219,10603.83
6,2024-11-29,4,False,False,True,False,205.12,205,9192.07
7,2024-11-29,4,False,False,True,False,171.16,171,9296.41
8,2024-11-29,4,False,False,True,False,191.69,192,8369.99
9,2024-11-29,4,False,False,True,False,108.62,109,3847.12
10,2024-11-29,4,False,False,True,False,158.35,158,7381.93
11,2024-11-29,4,False,False,True,False,264.88,265,13479.64
12,2024-11-29,4,False,False,True,False,153.77,154,5916.5
1,2024-11-30,5,True,False,True,False,119.71,120,4575.6
2,2024-11-30,5,True,False,True,False,279.88,280,15327.81
3,2024-11-30,5,True,False,True,False,156.41,156,6070.96
4,2024-11-30,5,True,False,True,False,249.88,250,10178.57
5,2024-11-30,5,True,False,True,False,267.09,267,11396.63
6,2024-11-30,5,True,False,True,False,277.79,278,12665.32
7,2024-11-30,5,True,False,True,False,223.33,223,11884.63
8,2024-11-30,5,True,False,True,False,250.22,250,10970.34
9,2024-11-30,5,True,False,True,False,138.27,138,6802.99
10,2024-11-30,5,True,False,True,False,188.68,189,10243.12
11,2024-11-30,5,True,False,True,False,262.43,262,9421.32
12,2024-11-30,5,True,False,True,False,172.42,172,7988.43
1,2024-12-01,6,True,False,True,False,187.04,187,8938.54
2,2024-12-01,6,True,False,True,False,353.54,354,18597.02
3,2024-12-01,6,True,False,True,False,141.89,142,6902.4
4,2024-12-01,6,True,False,True,False,241.34,241,12670.24
5,2024-12-01,6,True,False,True,False,293.57,294,10822.25
6,2024-12-01,6,True,False,True,False,266.55,267,11905.46
7,2024-12-01,6,True,False,True,False,236.35,236,11562.51
8,2024-12-01,6,True,False,True,False,197.0,197,9352.01
9,2024-12-01,6,True,False,True,False,113.55,114,4291.86
10,2024-12-01,6,True,False,True,False,160.41,160,7179.42
11,2024-12-01,6,True,False,True,False,271.4,271,11525.86
12,2024-12-01,6,True,False,True,False,303.64,304,13556.86
1,2024-12-02,0,False,False,True,False,128.71,129,4525.1
2,2024-12-02,0,False,False,True,False,173.89,174,7391.2
3,2024-12-02,0,False,False,True,False,102.94,103,5648.49
4,2024-12-02,0,False,False,True,False,147.26,147,5447.24
5,2024-12-02,0,False,False,True,False,175.82,176,9593.4
6,2024-12-02,0,False,False,True,False,189.51,190,8502.21
7,2024-12-02,0,False,False,True,False,164.19,164,8517.25
8,2024-12-02,0,False,False,True,False,127.76,128,6841.16
9,2024-12-02,0,False,False,True,False,133.86,134,5683.55
10,2024-12-02,0,False,False,True,False,184.49,184,9461.46
11,2024-12-02,0,False,False,True,False,207.22,207,10058.5
12,2024-12-02,0,False,False,True,False,153.54,154,6799.7
1,2024-12-03,1,False,False,True,False,107.96,108,4096.62
2,2024-12-03,1,False,False,True,False,225.58,226,11078.81
3,2024-12-03,1,False,False,True,False,117.08,117,4933.08
4,2024-12-03,1,False,False,True,False,163.19,163,6998.1
5,2024-12-03,1,False,False,True,False,274.62,275,10708.4
6,2024-12-03,1,False,False,True,False,230.35,230,12328.64
7,2024-12-03,1,False,False,True,False,127.85,128,6717.64
8,2024-12-03,1,False,False,True,False,141.42,141,7410.13
9,2024-12-03,1,False,False,True,False,111.02,111,4402.32
10,2024-12-03,1,False,False,True,False,156.71,157,6165.27
11,2024-12-03,1,False,False,True,False,188.57,189,9621.72
12,2024-12-03,1,False,False,True,False,178.09,178,8925.59
1,2024-12-04,2,False,False,True,False,154.12,154,7722.04
2,2024-12-04,2,False,False,True,False,255.17,255,11838.25
3,2024-12-04,2,False,False,True,False,131.22,131,5713.54
4,2024-12-04,2,False,False,True,False,127.7,128,5181.42
5,2024-12-04,2,False,False,True,False,216.89,217,11130.69
6,2024-12-04,2,False,False,True,False,217.51,218,8439.5
7,2024-12-04,2,False,False,True,False,158.58,159,5574.8
8,2024-12-04,2,False,False,True,False,203.63,204,10474.09
9,2024-12-04,2,False,False,True,False,100.61,101,4032.45
10,2024-12-04,2,False,False,True,False,209.8,210,9288.35
11,2024-12-04,2,False,False,True,False,207.24,207,7308.85
12,2024-12-04,2,False,False,True,False,150.08,150,7503.82
1,2024-12-05,3,False,False,True,False,120.73,121,4956.46
2,2024-12-05,3,False,False,True,False,250.9,251,12300.37
3,2024-12-05,3,False,False,True,False,105.22,105,4988.99
4,2024-12-05,3,False,False,True,False,189.06,189,8212.02
5,2024-12-05,3,False,False,True,False,231.71,232,12664.19
6,2024-12-05,3,False,False,True,False,208.17,208,9114.78
7,2024-12-05,3,False,False,True,False,204.33,204,10775.34
8,2024-12-05,3,False,False,True,False,179.34,179,7520.33
9,2024-12-05,3,False,False,True,False,103.12,103,5325.09
10,2024-12-05,3,False,False,True,False,215.01,215,7805.39
11,2024-12-05,3,False,False,True,False,303.87,304,10770.33
12,2024-12-05,3,False,False,True,False,204.44,204,8465.52
1,2024-12-06,4,False,False,True,False,168.44,168,6756.95
2,2024-12-06,4,False,False,True,False,268.53,269,10363.14
3,2024-12-06,4,False,False,True,False,117.68,118,6295.78
4,2024-12-06,4,False,False,True,False,190.61,191,7487.5
5,2024-12-06,4,False,False,True,False,378.81,379,20080.79
6,2024-12-06,4,False,False,True,False,253.1,253,10098.22
7,2024-12-06,4,False,False,True,False,260.96,261,9540.3
8,2024-12-06,4,False,False,True,False,240.65,241,11337.39
9,2024-12-06,4,False,False,True,False,149.04,149,6406.17
10,2024-12-06,4,False,False,True,False,200.64,201,8536.81
11,2024-12-06,4,False,False,True,False,360.08,360,16020.54
12,2024-12-06,4,False,False,True,False,219.21,219,11847.64
1,2024-12-07,5,True,False,True,False,217.62,218,10179.89
2,2024-12-07,5,True,False,True,False,423.71,424,18072.76
3,2024-12-07,5,True,False,True,False,250.83,251,8882.3
4,2024-12-07,5,True,False,True,False,221.28,221,8306.37
5,2024-12-07,5,True,False,True,False,308.09,308,12492.18
6,2024-12-07,5,True,False,True,False,345.52,346,12829.89
7,2024-12-07,5,True,False,True,False,224.37,224,11652.78
8,2024-12-07,5,True,False,True,False,255.53,256,13560.26
9,2024-12-07,5,True,False,True,False,175.38,175,8946.37
10,2024-12-07,5,True,False,True,False,188.3,188,9196.34
11,2024-12-07,5,True,False,True,False,388.81,389,15951.08
12,2024-12-07,5,True,False,True,False,211.47,211,8691.14
1,2024-12-08,6,True,False,True,False,219.91,220,12075.09
2,2024-12-08,6,True,False,True,False,353.16,353,13194.44
3,2024-12-08,6,True,False,True,False,145.5,145,6780.38
4,2024-12-08,6,True,False,True,False,311.22,311,10930.69
5,2024-12-08,6,True,False,True,False,320.23,320,11814.47
6,2024-12-08,6,True,False,True,False,312.61,313,12219.59
7,2024-12-08,6,True,False,True,False,258.97,259,10365.47
8,2024-12-08,6,True,False,True,False,191.42,191,9362.5
9,2024-12-08,6,True,False,True,False,165.45,165,6239.2
10,2024-12-08,6,True,False,True,False,214.12,214,9850.93
11,2024-12-08,6,True,False,True,False,227.08,227,11416.88
12,2024-12-08,6,True,False,True,False,251.92,252,12359.65
1,2024-12-09,0,False,False,True,False,128.15,128,6641.43
2,2024-12-09,0,False,False,True,False,189.73,190,9763.66
3,2024-12-09,0,False,False,True,False,158.98,159,5999.64
4,2024-12-09,0,False,False,True,False,177.6,178,6479.82
5,2024-12-09,0,False,False,True,False,166.27,166,8240.9
6,2024-12-09,0,False,False,True,False,210.44,210,7867.48
7,2024-12-09,0,False,False,True,False,108.85,109,5392.83
8,2024-12-09,0,False,False,True,False,160.68,161,7618.72
9,2024-12-09,0,False,False,True,False,156.79,157,7118.14
10,2024-12-09,0,False,False,True,False,194.38,194,7689.09
11,2024-12-09,0,False,False,True,False,193.18,193,6980.65
12,2024-12-09,0,False,False,True,False,192.96,193,9814.08
1,2024-12-10,1,False,False,True,False,113.04,113,5900.55
2,2024-12-10,1,False,False,True,False,260.49,260,10619.84
3,2024-12-10,1,False,False,True,False,116.97,117,6236.64
4,2024-12-10,1,False,False,True,False,225.78,226,7944.96
5,2024-12-10,1,False,False,True,False,232.11,232,9878.49
6,2024-12-10,1,False,False,True,False,191.36,191,9648.5
7,2024-12-10,1,False,False,True,False,125.57,126,6781.96
8,2024-12-10,1,False,False,True,False,240.79,241,11770.45
9,2024-12-10,1,False,False,True,False,95.98,96,4117.34
10,2024-12-10,1,False,False,True,False,186.12,186,7646.1
11,2024-12-10,1,False,False,True,False,221.08,221,10778.17
12,2024-12-10,1,False,False,True,False,193.88,194,8386.58
1,2024-12-11,2,False,False,True,False,138.02,138,5418.97
2,2024-12-11,2,False,False,True,False,232.22,232,8301.1
3,2024-12-11,2,False,False,True,False,81.88,82,3412.78
4,2024-12-11,2,False,False,True,False,167.08,167,6547.61
5,2024-12-11,2,False,False,True,False,294.9,295,11650.98
6,2024-12-11,2,False,False,True,False,239.0,239,10324.52
7,2024-12-11,2,False,False,True,False,177.59,178,8967.09
8,2024-12-11,2,False,False,True,False,169.84,170,7856.18
9,2024-12-11,2,False,False,True,False,128.83,129,6214.25
10,2024-12-11,2,False,False,True,False,190.41,190,8572.23
11,2024-12-11,2,False,False,True,False,248.84,249,10149.9
12,2024-12-11,2,False,False,True,False,136.81,137,7453.95
1,2024-12-12,3,False,False,True,False,153.17,153,6889.67
2,2024-12-12,3,False,False,True,False,233.3,233,9873.27
3,2024-12-12,3,False,False,True,False,115.9,116,5964.68
4,2024-12-12,3,False,False,True,False,176.85,177,6558.35
5,2024-12-12,3,False,False,True,False,198.75,199,9452.83
6,2024-12-12,3,False,False,True,False,233.23,233,10275.25
7,2024-12-12,3,False,False,True,False,229.22,229,8158.15
8,2024-12-12,3,False,False,True,False,234.5,234,11020.61
9,2024-12-12,3,False,False,True,False,150.67,151,6035.7
10,2024-12-12,3,False,False,True,False,238.93,239,11759.64
11,2024-12-12,3,False,False,True,False,219.01,219,8782.94
12,2024-12-12,3,False,False,True,False,191.97,192,10121.67
1,2024-12-13,4,False,False,True,False,144.34,144,5309.39
2,2024-12-13,4,False,False,True,False,239.67,240,12832.63
3,2024-12-13,4,False,False,True,False,104.3,104,3681.46
4,2024-12-13,4,False,False,True,False,247.36,247,8703.03
5,2024-12-13,4,False,False,True,False,233.38,233,10739.47
6,2024-12-13,4,False,False,True,False,296.9,297,10456.73
7,2024-12-13,4,False,False,True,False,213.36,213,9832.96
8,2024-12-13,4,False,False,True,False,230.5,231,10119.98
9,2024-12-13,4,False,False,True,False,134.54,135,6592.35
10,2024-12-13,4,False,False,True,False,203.62,204,11006.16
11,2024-12-13,4,False,False,True,False,273.32,273,11517.4
12,2024-12-13,4,False,False,True,False,237.45,237,10183.78
1,2024-12-14,5,True,False,True,False,122.19,122,5264.25
2,2024-12-14,5,True,False,True,False,478.87,479,26144.61
3,2024-12-14,5,True,False,True,False,167.64,168,6542.58
4,2024-12-14,5,True,False,True,False,175.24,175,9551.05
5,2024-12-14,5,True,False,True,False,386.16,386,16263.74
6,2024-12-14,5,True,False,True,False,329.89,330,16419.86
7,2024-12-14,5,True,False,True,False,155.85,156,8094.24
8,2024-12-14,5,True,False,True,False,149.43,149,5322.5
9,2024-12-14,5,True,False,True,False,126.56,127,5200.61
10,2024-12-14,5,True,False,True,False,306.91,307,14383.12
11,2024-12-14,5,True,False,True,False,321.7,322,14833.24
12,2024-12-14,5,True,False,True,False,316.31,316,14509.31
1,2024-12-15,6,True,False,True,True,185.4,185,7720.1
2,2024-12-15,6,True,False,True,True,317.71,318,16826.36
3,2024-12-15,6,True,False,True,True,195.4,195,8690.05
4,2024-12-15,6,True,False,True,True,340.82,341,12339.55
5,2024-12-15,6,True,False,True,True,390.86,391,19521.26
6,2024-12-15,6,True,False,True,True,356.52,357,16019.77
7,2024-12-15,6,True,False,True,True,328.84,329,17381.12
8,2024-12-15,6,True,False,True,True,216.37,216,11421.71
9,2024-12-15,6,True,False,True,True,130.06,130,6749.06
10,2024-12-15,6,True,False,True,True,319.4,319,16597.0
11,2024-12-15,6,True,False,True,True,387.2,387,16369.61
12,2024-12-15,6,True,False,True,True,247.32,247,9571.55
1,2024-12-16,0,False,False,True,True,90.05,90,4410.94
2,2024-12-16,0,False,False,True,True,179.15,179,7899.55
3,2024-12-16,0,False,False,True,True,98.28,98,4609.1
4,2024-12-16,0,False,False,True,True,200.85,201,10731.32
5,2024-12-16,0,False,False,True,True,221.72,222,10448.46
6,2024-12-16,0,False,False,True,True,213.19,213,7963.34
7,2024-12-16,0,False,False,True,True,172.84,173,8505.64
8,2024-12-16,0,False,False,True,True,155.51,156,7346.37
9,2024-12-16,0,False,False,True,True,134.39,134,6531.37
10,2024-12-16,0,False,False,True,True,140.33,140,7405.58
11,2024-12-16,0,False,False,True,True,150.66,151,7848.74
12,2024-12-16,0,False,False,True,True,206.28,206,8517.5
1,2024-12-17,1,False,False,True,True,158.93,159,7718.56
2,2024-12-17,1,False,False,True,True,255.46,255,11692.16
3,2024-12-17,1,False,False,True,True,134.61,135,5786.46
4,2024-12-17,1,False,False,True,True,191.23,191,6758.07
5,2024-12-17,1,False,False,True,True,262.08,262,12900.47
6,2024-12-17,1,False,False,True,True,250.51,251,10312.83
7,2024-12-17,1,False,False,True,True,210.93,211,9637.29
8,2024-12-17,1,False,False,True,True,193.79,194,7708.46
9,2024-12-17,1,False,False,True,True,141.76,142,6001.89
10,2024-12-17,1,False,False,True,True,154.5,154,6816.03
11,2024-12-17,1,False,False,True,True,223.14,223,10095.68
12,2024-12-17,1,False,False,True,True,195.15,195,8932.76
1,2024-12-18,2,False,False,True,True,145.92,146,6898.88
2,2024-12-18,2,False,False,True,True,343.93,344,16521.21
3,2024-12-18,2,False,False,True,True,150.59,151,7376.35
4,2024-12-18,2,False,False,True,True,229.06,229,9332.24
5,2024-12-18,2,False,False,True,True,263.34,263,10920.62
6,2024-12-18,2,False,False,True,True,278.8,279,13190.96
7,2024-12-18,2,False,False,True,True,235.31,235,8840.34
8,2024-12-18,2,False,False,True,True,311.13,311,14037.4
9,2024-12-18,2,False,False,True,True,120.89,121,4982.62
10,2024-12-18,2,False,False,True,True,200.95,201,7675.54
11,2024-12-18,2,False,False,True,True,214.22,214,9628.19
12,2024-12-18,2,False,False,True,True,108.81,109,5171.76
1,2024-12-19,3,False,False,True,True,159.04,159,8470.75
2,2024-12-19,3,False,False,True,True,266.79,267,10355.48
3,2024-12-19,3,False,False,True,True,131.87,132,5783.34
4,2024-12-19,3,False,False,True,True,253.09,253,13716.45
5,2024-12-19,3,False,False,True,True,299.51,300,16312.81
6,2024-12-19,3,False,False,True,True,288.43,288,12880.75
7,2024-12-19,3,False,False,True,True,188.38,188,7460.22
8,2024-12-19,3,False,False,True,True,155.46,155,6065.52
9,2024-12-19,3,False,False,True,True,146.15,146,7628.08
10,2024-12-19,3,False,False,True,True,198.09,198,9618.71
11,2024-12-19,3,False,False,True,True,300.59,301,10619.12
12,2024-12-19,3,False,False,True,True,202.31,202,8182.56
1,2024-12-20,4,False,False,True,True,195.33,195,9217.02
2,2024-12-20,4,False,False,True,True,383.0,383,17285.03
3,2024-12-20,4,False,False,True,True,213.69,214,11603.4
4,2024-12-20,4,False,False,True,True,219.24,219,11234.22
5,2024-12-20,4,False,False,True,True,446.84,447,17125.58
6,2024-12-20,4,False,False,True,True,236.36,236,9203.73
7,2024-12-20,4,False,False,True,True,239.5,239,9413.07
8,2024-12-20,4,False,False,True,True,204.86,205,8233.2
9,2024-12-20,4,False,False,True,True,209.81,210,10002.87
10,2024-12-20,4,False,False,True,True,244.9,245,12807.93
11,2024-12-20,4,False,False,True,True,318.39,318,17310.16
12,2024-12-20,4,False,False,True,True,278.11,278,11821.3
1,2024-12-21,5,True,False,False,True,222.0,222,10201.2
2,2024-12-21,5,True,False,False,True,395.82,396,14573.84
3,2024-12-21,5,True,False,False,True,208.01,208,8887.22
4,2024-12-21,5,True,False,False,True,206.02,206,9944.15
5,2024-12-21,5,True,False,False,True,458.03,458,23826.49
6,2024-12-21,5,True,False,False,True,429.78,430,18342.32
7,2024-12-21,5,True,False,False,True,365.27,365,15167.58
8,2024-12-21,5,True,False,False,True,212.11,212,11079.31
9,2024-12-21,5,True,False,False,True,185.76,186,9150.78
10,2024-12-21,5,True,False,False,True,299.6,300,12954.42
11,2024-12-21,5,True,False,False,True,364.32,364,16356.25
12,2024-12-21,5,True,False,False,True,328.33,328,13480.61
1,2024-12-22,6,True,False,False,True,184.57,185,8481.75
2,2024-12-22,6,True,False,False,True,371.51,372,13616.34
3,2024-12-22,6,True,False,False,True,194.36,194,10508.91
4,2024-12-22,6,True,False,False,True,254.27,254,12210.22
5,2024-12-22,6,True,False,False,True,322.65,323,15674.73
6,2024-12-22,6,True,False,False,True,332.52,333,18176.35
7,2024-12-22,6,True,False,False,True,245.98,246,13361.26
8,2024-12-22,6,True,False,False,True,285.82,286,13796.6
9,2024-12-22,6,True,False,False,True,203.8,204,10854.77
10,2024-12-22,6,True,False,False,True,227.14,227,9116.78
11,2024-12-22,6,True,False,False,True,377.7,378,14888.29
12,2024-12-22,6,True,False,False,True,237.47,237,12202.04
1,2024-12-23,0,False,False,False,True,126.46,126,5303.98
2,2024-12-23,0,False,False,False,True,260.19,260,9329.77
3,2024-12-23,0,False,False,False,True,101.41,101,3868.47
4,2024-12-23,0,False,False,False,True,179.8,180,9072.96
5,2024-12-23,0,False,False,False,True,209.45,209,8810.06
6,2024-12-23,0,False,False,False,True,233.01,233,9139.5
7,2024-12-23,0,False,False,False,True,178.59,179,9688.32
8,2024-12-23,0,False,False,False,True,156.73,157,7914.31
9,2024-12-23,0,False,False,False,True,155.92,156,6794.96
10,2024-12-23,0,False,False,False,True,218.0,218,8841.33
11,2024-12-23,0,False,False,False,True,319.64,320,16573.1
12,2024-12-23,0,False,False,False,True,229.94,230,11649.53
1,2024-12-24,1,False,False,False,True,238.01,238,10951.04
2,2024-12-24,1,False,False,False,True,309.61,310,13346.12
3,2024-12-24,1,False,False,False,True,137.39,137,5796.41
4,2024-12-24,1,False,False,False,True,173.19,173,9480.17
5,2024-12-24,1,False,False,False,True,226.62,227,10457.34
6,2024-12-24,1,False,False,False,True,198.15,198,10688.54
7,2024-12-24,1,False,False,False,True,191.87,192,10157.16
8,2024-12-24,1,False,False,False,True,240.47,240,10150.26
9,2024-12-24,1,False,False,False,True,163.44,163,6177.5
10,2024-12-24,1,False,False,False,True,211.78,212,9005.78
11,2024-12-24,1,False,False,False,True,196.1,196,10440.33
12,2024-12-24,1,False,False,False,True,211.54,212,7917.91
1,2024-12-25,2,False,True,False,True,196.55,197,10670.97
2,2024-12-25,2,False,True,False,True,311.87,312,11132.95
3,2024-12-25,2,False,True,False,True,244.14,244,10682.64
4,2024-12-25,2,False,True,False,True,243.42,243,12284.62
5,2024-12-25,2,False,True,False,True,264.51,265,14306.65
6,2024-12-25,2,False,True,False,True,358.07,358,13866.08
7,2024-12-25,2,False,True,False,True,239.45,239,8869.73
8,2024-12-25,2,False,True,False,True,272.34,272,10485.03
9,2024-12-25,2,False,True,False,True,211.88,212,7607.21
10,2024-12-25,2,False,True,False,True,201.71,202,9594.85
11,2024-12-25,2,False,True,False,True,346.62,347,14642.56
12,2024-12-25,2,False,True,False,True,281.66,282,14009.73
1,2024-12-26,3,False,True,False,True,238.02,238,13009.97
2,2024-12-26,3,False,True,False,True,333.54,334,12226.34
3,2024-12-26,3,False,True,False,True,175.43,175,7673.22
4,2024-12-26,3,False,True,False,True,343.47,343,12644.66
5,2024-12-26,3,False,True,False,True,258.62,259,13601.05
6,2024-12-26,3,False,True,False,True,337.16,337,15663.6
7,2024-12-26,3,False,True,False,True,387.03,387,21064.64
8,2024-12-26,3,False,True,False,True,301.24,301,15630.62
9,2024-12-26,3,False,True,False,True,174.96,175,6326.09
10,2024-12-26,3,False,True,False,True,350.35,350,17434.37
11,2024-12-26,3,False,True,False,True,374.11,374,18834.81
12,2024-12-26,3,False,True,False,True,271.64,272,12113.97
1,2024-12-27,4,False,False,False,True,194.94,195,8926.92
2,2024-12-27,4,False,False,False,True,373.06,373,17952.21
3,2024-12-27,4,False,False,False,True,177.37,177,9101.27
4,2024-12-27,4,False,False,False,True,236.36,236,11136.06
5,2024-12-27,4,False,False,False,True,369.35,369,17689.15
6,2024-12-27,4,False,False,False,True,247.6,248,9710.91
7,2024-12-27,4,False,False,False,True,196.97,197,9773.29
8,2024-12-27,4,False,False,False,True,217.91,218,8101.74
9,2024-12-27,4,False,False,False,True,208.71,209,9490.88
10,2024-12-27,4,False,False,False,True,169.6,170,7519.44
11,2024-12-27,4,False,False,False,True,289.36,289,13158.61
12,2024-12-27,4,False,False,False,True,246.19,246,13437.63
1,2024-12-28,5,True,False,False,True,257.43,257,9577.17
2,2024-12-28,5,True,False,False,True,398.08,398,20177.28
3,2024-12-28,5,True,False,False,True,186.58,187,8855.3
4,2024-12-28,5,True,False,False,True,262.58,263,13018.08
5,2024-12-28,5,True,False,False,True,275.56,276,9664.26
6,2024-12-28,5,True,False,False,True,264.76,265,9300.24
7,2024-12-28,5,True,False,False,True,333.62,334,13398.23
8,2024-12-28,5,True,False,False,True,237.84,238,10271.74
9,2024-12-28,5,True,False,False,True,205.73,206,10978.71
10,2024-12-28,5,True,False,False,True,295.96,296,15222.73
11,2024-12-28,5,True,False,False,True,406.73,407,20197.95
12,2024-12-28,5,True,False,False,True,277.56,278,11144.82
1,2024-12-29,6,True,False,False,True,189.25,189,9141.64
2,2024-12-29,6,True,False,False,True,375.0,375,18418.15
3,2024-12-29,6,True,False,False,True,208.19,208,7418.93
4,2024-12-29,6,True,False,False,True,283.49,283,12137.72
5,2024-12-29,6,True,False,False,True,230.66,231,8716.89
6,2024-12-29,6,True,False,False,True,362.04,362,17813.71
7,2024-12-29,6,True,False,False,True,237.36,237,10697.45
8,2024-12-29,6,True,False,False,True,324.68,325,15112.39
9,2024-12-29,6,True,False,False,True,274.37,274,13342.03
10,2024-12-29,6,True,False,False,True,324.13,324,12048.21
11,2024-12-29,6,True,False,False,True,311.38,311,16463.61
12,2024-12-29,6,True,False,False,True,233.55,234,11698.27
1,2024-12-30,0,False,False,False,True,135.33,135,6546.91
2,2024-12-30,0,False,False,False,True,278.7,279,10486.89
3,2024-12-30,0,False,False,False,True,123.58,124,6006.79
4,2024-12-30,0,False,False,False,True,212.47,212,7901.55
5,2024-12-30,0,False,False,False,True,260.96,261,14067.07
6,2024-12-30,0,False,False,False,True,306.75,307,13371.03
7,2024-12-30,0,False,False,False,True,195.27,195,7196.64
8,2024-12-30,0,False,False,False,True,153.53,154,5813.33
9,2024-12-30,0,False,False,False,True,152.61,153,6320.81
10,2024-12-30,0,False,False,False,True,172.09,172,6374.6
11,2024-12-30,0,False,False,False,True,208.49,208,9112.4
12,2024-12-30,0,False,False,False,True,148.07,148,5849.52
1,2024-12-31,1,False,False,False,True,148.98,149,5681.52
2,2024-12-31,1,False,False,False,True,236.47,236,9316.57
3,2024-12-31,1,False,False,False,True,90.2,90,3185.57
4,2024-12-31,1,False,False,False,True,187.51,188,7433.3
5,2024-12-31,1,False,False,False,True,237.98,238,10902.68
6,2024-12-31,1,False,False,False,True,196.45,196,8704.16
7,2024-12-31,1,False,False,False,True,232.82,233,12088.1
8,2024-12-31,1,False,False,False,True,187.46,187,7284.51
9,2024-12-31,1,False,False,False,True,159.15,159,8302.04
10,2024-12-31,1,False,False,False,True,163.2,163,6412.79
11,2024-12-31,1,False,False,False,True,268.07,268,13113.17
12,2024-12-31,1,False,False,False,True,247.02,247,9587.15
1,2025-01-01,2,False,True,False,True,96.57,97,3571.31
2,2025-01-01,2,False,True,False,True,155.78,156,5472.97
3,2025-01-01,2,False,True,False,True,86.46,86,4125.35
4,2025-01-01,2,False,True,False,True,184.32,184,8387.29
5,2025-01-01,2,False,True,False,True,225.95,226,9949.3
6,2025-01-01,2,False,True,False,True,224.72,225,8470.83
7,2025-01-01,2,False,True,False,True,197.28,197,9622.08
8,2025-01-01,2,False,True,False,True,145.53,146,5642.13
9,2025-01-01,2,False,True,False,True,128.41,128,5676.29
10,2025-01-01,2,False,True,False,True,207.27,207,8064.86
11,2025-01-01,2,False,True,False,True,249.88,250,9662.24
12,2025-01-01,2,False,True,False,True,196.1,196,10408.96
1,2025-01-02,3,False,True,False,True,152.54,153,6473.61
2,2025-01-02,3,False,True,False,True,300.99,301,12514.3
3,2025-01-02,3,False,True,False,True,123.96,124,5292.63
4,2025-01-02,3,False,True,False,True,176.49,176,8040.96
5,2025-01-02,3,False,True,False,True,272.64,273,14683.45
6,2025-01-02,3,False,True,False,True,207.48,207,10771.5
7,2025-01-02,3,False,True,False,True,162.09,162,7008.71
8,2025-01-02,3,False,True,False,True,160.55,161,8558.98
9,2025-01-02,3,False,True,False,True,145.07,145,5373.72
10,2025-01-02,3,False,True,False,True,192.97,193,9764.86
11,2025-01-02,3,False,True,False,True,252.66,253,8996.65
12,2025-01-02,3,False,True,False,True,153.65,154,6543.01
1,2025-01-03,4,False,False,False,True,105.33,105,4282.86
2,2025-01-03,4,False,False,False,True,188.35,188,9743.86
3,2025-01-03,4,False,False,False,True,144.6,145,6669.57
4,2025-01-03,4,False,False,False,True,111.22,111,4583.32
5,2025-01-03,4,False,False,False,True,220.12,220,8428.18
6,2025-01-03,4,False,False,False,True,233.53,234,11302.62
7,2025-01-03,4,False,False,False,True,203.31,203,7180.52
8,2025-01-03,4,False,False,False,True,152.17,152,5898.43
9,2025-01-03,4,False,False,False,True,122.23,122,5288.48
10,2025-01-03,4,False,False,False,True,165.72,166,6361.74
11,2025-01-03,4,False,False,False,True,248.33,248,12210.07
12,2025-01-03,4,False,False,False,True,174.18,174,8800.74
1,2025-01-04,5,True,False,False,True,119.39,119,6255.73
2,2025-01-04,5,True,False,False,True,227.11,227,11437.14
3,2025-01-04,5,True,False,False,True,169.28,169,7916.27
4,2025-01-04,5,True,False,False,True,195.12,195,7545.41
5,2025-01-04,5,True,False,False,True,239.11,239,10147.65
6,2025-01-04,5,True,False,False,True,209.23,209,9663.53
7,2025-01-04,5,True,False,False,True,173.15,173,8361.33
8,2025-01-04,5,True,False,False,True,148.39,148,6326.63
9,2025-01-04,5,True,False,False,True,131.48,131,6751.71
10,2025-01-04,5,True,False,False,True,177.34,177,9692.18
11,2025-01-04,5,True,False,False,True,413.08,413,21528.17
12,2025-01-04,5,True,False,False,True,231.59,232,9552.95
1,2025-01-05,6,True,False,False,True,103.41,103,5484.82
2,2025-01-05,6,True,False,False,True,260.49,260,10984.18
3,2025-01-05,6,True,False,False,True,126.96,127,4606.88
4,2025-01-05,6,True,False,False,True,99.03,99,4935.75
5,2025-01-05,6,True,False,False,True,197.04,197,10217.8
6,2025-01-05,6,True,False,False,True,170.65,171,7749.56
7,2025-01-05,6,True,False,False,True,223.12,223,10427.4
8,2025-01-05,6,True,False,False,True,152.84,153,7405.34
9,2025-01-05,6,True,False,False,True,124.97,125,5183.75
10,2025-01-05,6,True,False,False,True,130.25,130,5913.17
11,2025-01-05,6,True,False,False,True,223.11,223,10981.47
12,2025-01-05,6,True,False,False,True,244.37,244,12755.99
1,2025-01-06,0,False,False,False,True,89.53,90,3268.31
2,2025-01-06,0,False,False,False,True,162.69,163,8327.89
3,2025-01-06,0,False,False,False,True,96.82,97,5145.91
4,2025-01-06,0,False,False,False,True,126.63,127,6524.08
5,2025-01-06,0,False,False,False,True,171.56,172,8593.82
6,2025-01-06,0,False,False,False,True,179.11,179,7793.96
7,2025-01-06,0,False,False,False,True,111.73,112,5814.47
8,2025-01-06,0,False,False,False,True,127.07,127,4466.56
9,2025-01-06,0,False,False,False,True,107.14,107,5040.81
10,2025-01-06,0,False,False,False,True,116.16,116,4798.73
11,2025-01-06,0,False,False,False,True,191.92,192,8543.25
12,2025-01-06,0,False,False,False,True,119.0,119,4328.12
1,2025-01-07,1,False,False,False,True,92.78,93,4916.53
2,2025-01-07,1,False,False,False,True,178.6,179,7909.27
3,2025-01-07,1,False,False,False,True,70.67,71,3356.22
4,2025-01-07,1,False,False,False,True,146.67,147,7373.17
5,2025-01-07,1,False,False,False,True,189.74,190,8717.61
6,2025-01-07,1,False,False,False,True,132.45,132,6712.81
7,2025-01-07,1,False,False,False,True,158.77,159,8558.37
8,2025-01-07,1,False,False,False,True,171.02,171,8379.57
9,2025-01-07,1,False,False,False,True,97.02,97,3431.54
10,2025-01-07,1,False,False,False,True,141.77,142,7633.04
11,2025-01-07,1,False,False,False,True,209.28,209,10668.32
12,2025-01-07,1,False,False,False,True,128.33,128,4586.58
1,2025-01-08,2,False,False,False,True,87.53,88,4315.76
2,2025-01-08,2,False,False,False,True,137.82,138,6626.01
3,2025-01-08,2,False,False,False,True,105.59,106,3885.58
4,2025-01-08,2,False,False,False,True,98.44,98,3674.52
5,2025-01-08,2,False,False,False,True,234.49,234,12616.02
6,2025-01-08,2,False,False,False,True,194.84,195,9451.93
7,2025-01-08,2,False,False,False,True,125.01,125,6247.96
8,2025-01-08,2,False,False,False,True,140.28,140,6916.54
9,2025-01-08,2,False,False,False,True,76.49,76,3592.42
10,2025-01-08,2,False,False,False,True,110.63,111,5493.61
11,2025-01-08,2,False,False,False,True,169.98,170,7531.33
12,2025-01-08,2,False,False,False,True,137.37,137,7466.62
1,2025-01-09,3,False,False,False,True,110.21,110,4442.99
2,2025-01-09,3,False,False,False,True,192.12,192,10463.52
3,2025-01-09,3,False,False,False,True,108.43,108,5533.49
4,2025-01-09,3,False,False,False,True,136.02,136,6313.4
5,2025-01-09,3,False,False,False,True,259.5,259,9306.85
6,2025-01-09,3,False,False,False,True,224.31,224,10097.36
7,2025-01-09,3,False,False,False,True,161.63,162,6172.84
8,2025-01-09,3,False,False,False,True,141.64,142,6859.19
9,2025-01-09,3,False,False,False,True,90.4,90,3546.27
10,2025-01-09,3,False,False,False,True,135.23,135,6956.98
11,2025-01-09,3,False,False,False,True,219.19,219,10042.75
12,2025-01-09,3,False,False,False,True,170.08,170,5971.97
1,2025-01-10,4,False,False,False,True,78.57,79,3853.23
2,2025-01-10,4,False,False,False,True,238.37,238,10992.26
3,2025-01-10,4,False,False,False,True,173.93,174,7835.19
4,2025-01-10,4,False,False,False,True,138.64,139,4971.09
5,2025-01-10,4,False,False,False,True,229.58,230,9733.16
6,2025-01-10,4,False,False,False,True,229.56,230,8328.32
7,2025-01-10,4,False,False,False,True,187.77,188,7768.69
8,2025-01-10,4,False,False,False,True,162.21,162,7877.18
9,2025-01-10,4,False,False,False,True,124.22,124,5555.45
10,2025-01-10,4,False,False,False,True,192.08,192,8828.38
11,2025-01-10,4,False,False,False,True,162.51,163,6123.5
12,2025-01-10,4,False,False,False,True,165.02,165,8975.25
1,2025-01-11,5,True,False,False,True,151.84,152,8134.55
2,2025-01-11,5,True,False,False,True,340.67,341,15517.51
3,2025-01-11,5,True,False,False,True,127.58,128,6329.08
4,2025-01-11,5,True,False,False,True,236.86,237,11615.12
5,2025-01-11,5,True,False,False,True,258.27,258,9888.08
6,2025-01-11,5,True,False,False,True,219.0,219,11077.5
7,2025-01-11,5,True,False,False,True,199.18,199,9491.66
8,2025-01-11,5,True,False,False,True,190.09,190,6891.15
9,2025-01-11,5,True,False,False,True,126.88,127,6513.53
10,2025-01-11,5,True,False,False,True,207.4,207,10682.83
11,2025-01-11,5,True,False,False,True,236.74,237,8324.63
12,2025-01-11,5,True,False,False,True,134.81,135,5769.94
1,2025-01-12,6,True,False,False,True,97.49,97,4673.65
2,2025-01-12,6,True,False,False,True,196.65,197,8488.92
3,2025-01-12,6,True,False,False,True,144.92,145,7551.36
4,2025-01-12,6,True,False,False,True,190.62,191,10154.24
5,2025-01-12,6,True,False,False,True,306.97,307,11061.62
6,2025-01-12,6,True,False,False,True,247.91,248,8806.32
7,2025-01-12,6,True,False,False,True,229.02,229,9958.99
8,2025-01-12,6,True,False,False,True,144.58,145,6279.31
9,2025-01-12,6,True,False,False,True,121.16,121,5570.25
10,2025-01-12,6,True,False,False,True,187.77,188,8049.97
11,2025-01-12,6,True,False,False,True,255.9,256,9507.95
12,2025-01-12,6,True,False,False,True,161.22,161,8676.27
1,2025-01-13,0,False,False,False,True,99.86,100,4736.3
2,2025-01-13,0,False,False,False,True,155.0,155,5892.21
3,2025-01-13,0,False,False,False,True,81.12,81,3123.78
4,2025-01-13,0,False,False,False,True,105.01,105,5308.37
5,2025-01-13,0,False,False,False,True,151.33,151,7559.75
6,2025-01-13,0,False,False,False,True,174.84,175,7889.39
7,2025-01-13,0,False,False,False,True,95.14,95,4863.85
8,2025-01-13,0,False,False,False,True,103.43,103,5357.07
9,2025-01-13,0,False,False,False,True,85.61,86,3515.25
10,2025-01-13,0,False,False,False,True,148.9,149,7839.85
11,2025-01-13,0,False,False,False,True,161.67,162,8100.38
12,2025-01-13,0,False,False,False,True,166.13,166,7354.47
1,2025-01-14,1,False,False,False,True,112.5,112,5313.89
2,2025-01-14,1,False,False,False,True,186.39,186,7027.06
3,2025-01-14,1,False,False,False,True,76.45,76,3951.08
4,2025-01-14,1,False,False,False,True,107.96,108,3796.21
5,2025-01-14,1,False,False,False,True,127.08,127,6134.46
6,2025-01-14,1,False,False,False,True,194.11,194,8677.67
7,2025-01-14,1,False,False,False,True,110.87,111,4857.39
8,2025-01-14,1,False,False,False,True,100.49,100,3879.85
9,2025-01-14,1,False,False,False,True,100.45,100,4934.86
10,2025-01-14,1,False,False,False,True,150.19,150,6064.04
11,2025-01-14,1,False,False,False,True,201.91,202,7934.95
12,2025-01-14,1,False,False,False,True,121.96,122,4960.53
1,2025-01-15,2,False,False,False,True,124.22,124,5755.5
2,2025-01-15,2,False,False,False,True,192.53,193,7976.83
3,2025-01-15,2,False,False,False,True,133.14,133,6098.27
4,2025-01-15,2,False,False,False,True,195.61,196,9982.51
5,2025-01-15,2,False,False,False,True,201.35,201,8760.22
6,2025-01-15,2,False,False,False,True,170.82,171,7932.92
7,2025-01-15,2,False,False,False,True,159.4,159,8384.88
8,2025-01-15,2,False,False,False,True,137.46,137,6966.9
9,2025-01-15,2,False,False,False,True,104.14,104,4925.13
10,2025-01-15,2,False,False,False,True,126.94,127,5730.64
11,2025-01-15,2,False,False,False,True,154.99,155,6699.73
12,2025-01-15,2,False,False,False,True,178.36,178,8450.66
1,2025-01-16,3,False,False,False,False,117.61,118,4594.95
2,2025-01-16,3,False,False,False,False,188.22,188,6659.49
3,2025-01-16,3,False,False,False,False,121.17,121,5289.11
4,2025-01-16,3,False,False,False,False,149.72,150,7282.06
5,2025-01-16,3,False,False,False,False,184.4,184,9274.95
6,2025-01-16,3,False,False,False,False,197.95,198,6932.08
7,2025-01-16,3,False,False,False,False,176.84,177,7155.9
8,2025-01-16,3,False,False,False,False,103.34,103,5170.23
9,2025-01-16,3,False,False,False,False,90.07,90,3627.99
10,2025-01-16,3,False,False,False,False,138.67,139,5299.92
11,2025-01-16,3,False,False,False,False,168.42,168,7811.07
12,2025-01-16,3,False,False,False,False,91.79,92,3891.03
1,2025-01-17,4,False,False,False,False,114.0,114,4182.02
2,2025-01-17,4,False,False,False,False,199.73,200,8577.41
3,2025-01-17,4,False,False,False,False,84.84,85,3401.9
4,2025-01-17,4,False,False,False,False,159.48,159,7612.27
5,2025-01-17,4,False,False,False,False,149.07,149,8089.41
6,2025-01-17,4,False,False,False,False,230.87,231,9611.17
7,2025-01-17,4,False,False,False,False,167.8,168,8189.45
8,2025-01-17,4,False,False,False,False,108.11,108,5042.84
9,2025-01-17,4,False,False,False,False,97.43,97,4432.27
10,2025-01-17,4,False,False,False,False,131.57,132,4794.97
11,2025-01-17,4,False,False,False,False,180.57,181,7109.37
12,2025-01-17,4,False,False,False,False,152.32,152,5492.76
1,2025-01-18,5,True,False,False,False,128.21,128,6405.65
2,2025-01-18,5,True,False,False,False,173.46,173,8934.02
3,2025-01-18,5,True,False,False,False,143.72,144,7539.97
4,2025-01-18,5,True,False,False,False,116.25,116,4348.95
5,2025-01-18,5,True,False,False,False,213.27,213,11669.3
6,2025-01-18,5,True,False,False,False,219.73,220,9972.91
7,2025-01-18,5,True,False,False,False,147.57,148,6325.19
8,2025-01-18,5,True,False,False,False,158.9,159,6791.01
9,2025-01-18,5,True,False,False,False,115.08,115,4508.24
10,2025-01-18,5,True,False,False,False,112.5,112,4109.49
11,2025-01-18,5,True,False,False,False,181.66,182,7317.32
12,2025-01-18,5,True,False,False,False,196.06,196,9886.94
1,2025-01-19,6,True,False,False,False,108.1,108,5499.53
2,2025-01-19,6,True,False,False,False,210.63,211,11413.33
3,2025-01-19,6,True,False,False,False,137.25,137,4941.12
4,2025-01-19,6,True,False,False,False,142.73,143,6069.39
5,2025-01-19,6,True,False,False,False,191.26,191,8031.01
6,2025-01-19,6,True,False,False,False,249.36,249,12026.47
7,2025-01-19,6,True,False,False,False,186.29,186,7480.04
8,2025-01-19,6,True,False,False,False,152.15,152,7390.84
9,2025-01-19,6,True,False,False,False,148.73,149,6753.11
10,2025-01-19,6,True,False,False,False,170.85,171,6559.06
11,2025-01-19,6,True,False,False,False,201.26,201,7488.66
12,2025-01-19,6,True,False,False,False,133.83,134,5447.61
1,2025-01-20,0,False,True,False,False,129.35,129,5807.49
2,2025-01-20,0,False,True,False,False,167.14,167,6393.65
3,2025-01-20,0,False,True,False,False,107.56,108,5911.44
4,2025-01-20,0,False,True,False,False,182.92,183,7894.74
5,2025-01-20,0,False,True,False,False,271.8,272,12002.2
6,2025-01-20,0,False,True,False,False,175.78,176,9206.22
7,2025-01-20,0,False,True,False,False,160.39,160,7011.71
8,2025-01-20,0,False,True,False,False,201.42,201,9821.79
9,2025-01-20,0,False,True,False,False,110.11,110,4719.99
10,2025-01-20,0,False,True,False,False,185.68,186,6672.31
11,2025-01-20,0,False,True,False,False,204.96,205,9342.42
12,2025-01-20,0,False,True,False,False,173.98,174,7939.75
1,2025-01-21,1,False,False,False,False,77.5,77,3485.75
2,2025-01-21,1,False,False,False,False,154.84,155,5729.63
3,2025-01-21,1,False,False,False,False,50.34,50,1811.14
4,2025-01-21,1,False,False,False,False,148.99,149,8057.2
5,2025-01-21,1,False,False,False,False,124.72,125,6140.25
6,2025-01-21,1,False,False,False,False,137.36,137,6124.51
7,2025-01-21,1,False,False,False,False,84.91,85,2982.92
8,2025-01-21,1,False,False,False,False,155.72,156,8263.48
9,2025-01-21,1,False,False,False,False,83.03,83,3204.84
10,2025-01-21,1,False,False,False,False,126.07,126,5428.71
11,2025-01-21,1,False,False,False,False,144.38,144,6085.59
12,2025-01-21,1,False,False,False,False,146.59,147,7917.05
1,2025-01-22,2,False,False,False,False,115.53,116,5743.17
2,2025-01-22,2,False,False,False,False,165.24,165,7192.56
3,2025-01-22,2,False,False,False,False,116.8,117,4465.25
4,2025-01-22,2,False,False,False,False,111.66,112,4634.53
5,2025-01-22,2,False,False,False,False,154.83,155,6928.04
6,2025-01-22,2,False,False,False,False,222.44,222,10510.34
7,2025-01-22,2,False,False,False,False,75.69,76,3116.76
8,2025-01-22,2,False,False,False,False,113.81,114,4134.66
9,2025-01-22,2,False,False,False,False,82.41,82,4079.58
10,2025-01-22,2,False,False,False,False,105.14,105,5401.74
11,2025-01-22,2,False,False,False,False,143.01,143,7611.36
12,2025-01-22,2,False,False,False,False,137.87,138,5081.66
1,2025-01-23,3,False,False,False,False,91.67,92,3789.2
2,2025-01-23,3,False,False,False,False,162.02,162,6362.3
3,2025-01-23,3,False,False,False,False,70.69,71,3003.9
4,2025-01-23,3,False,False,False,False,69.41,69,2959.12
5,2025-01-23,3,False,False,False,False,238.35,238,9565.34
6,2025-01-23,3,False,False,False,False,130.75,131,4597.11
7,2025-01-23,3,False,False,False,False,103.87,104,4228.85
8,2025-01-23,3,False,False,False,False,125.64,126,6112.92
9,2025-01-23,3,False,False,False,False,69.69,70,3320.01
10,2025-01-23,3,False,False,False,False,147.02,147,5501.27
11,2025-01-23,3,False,False,False,False,118.7,119,5148.05
12,2025-01-23,3,False,False,False,False,139.98,140,7173.63
1,2025-01-24,4,False,False,False,False,85.92,86,4089.35
2,2025-01-24,4,False,False,False,False,233.01,233,10409.96
3,2025-01-24,4,False,False,False,False,107.72,108,5535.23
4,2025-01-24,4,False,False,False,False,124.58,125,5130.95
5,2025-01-24,4,False,False,False,False,198.66,199,7490.17
6,2025-01-24,4,False,False,False,False,156.85,157,5967.97
7,2025-01-24,4,False,False,False,False,101.92,102,4480.35
8,2025-01-24,4,False,False,False,False,120.01,120,5722.87
9,2025-01-24,4,False,False,False,False,123.27,123,6059.08
10,2025-01-24,4,False,False,False,False,128.37,128,5997.58
11,2025-01-24,4,False,False,False,False,114.57,115,4457.44
12,2025-01-24,4,False,False,False,False,142.2,142,7149.89
1,2025-01-25,5,True,False,False,False,136.8,137,6530.77
2,2025-01-25,5,True,False,False,False,142.34,142,6462.23
3,2025-01-25,5,True,False,False,False,141.09,141,6174.64
4,2025-01-25,5,True,False,False,False,156.63,157,7230.9
5,2025-01-25,5,True,False,False,False,230.29,230,10938.91
6,2025-01-25,5,True,False,False,False,180.06,180,6714.89
7,2025-01-25,5,True,False,False,False,173.3,173,7435.13
8,2025-01-25,5,True,False,False,False,182.67,183,7484.17
9,2025-01-25,5,True,False,False,False,143.94,144,6976.39
10,2025-01-25,5,True,False,False,False,149.42,149,8150.28
11,2025-01-25,5,True,False,False,False,194.16,194,9336.32
12,2025-01-25,5,True,False,False,False,116.43,116,4856.55
1,2025-01-26,6,True,False,False,False,90.71,91,3405.33
2,2025-01-26,6,True,False,False,False,231.02,231,11342.52
3,2025-01-26,6,True,False,False,False,119.9,120,6077.67
4,2025-01-26,6,True,False,False,False,150.82,151,7941.56
5,2025-01-26,6,True,False,False,False,207.41,207,9440.99
6,2025-01-26,6,True,False,False,False,135.34,135,7176.1
7,2025-01-26,6,True,False,False,False,194.14,194,10294.71
8,2025-01-26,6,True,False,False,False,191.72,192,10525.1
9,2025-01-26,6,True,False,False,False,107.94,108,4958.79
10,2025-01-26,6,True,False,False,False,149.69,150,5824.53
11,2025-01-26,6,True,False,False,False,210.45,210,10047.74
12,2025-01-26,6,True,False,False,False,167.06,167,8110.04
1,2025-01-27,0,False,False,True,False,95.24,95,4949.78
2,2025-01-27,0,False,False,True,False,176.56,177,6770.55
3,2025-01-27,0,False,False,True,False,45.63,46,2156.13
4,2025-01-27,0,False,False,True,False,133.49,133,6418.23
5,2025-01-27,0,False,False,True,False,100.57,101,3964.92
6,2025-01-27,0,False,False,True,False,120.9,121,4716.19
7,2025-01-27,0,False,False,True,False,98.99,99,3662.87
8,2025-01-27,0,False,False,True,False,120.11,120,4847.47
9,2025-01-27,0,False,False,True,False,65.57,66,2942.59
10,2025-01-27,0,False,False,True,False,91.69,92,3251.62
11,2025-01-27,0,False,False,True,False,170.92,171,6610.1
12,2025-01-27,0,False,False,True,False,93.51,94,3725.45
1,2025-01-28,1,False,False,True,False,90.82,91,4888.44
2,2025-01-28,1,False,False,True,False,165.85,166,7490.57
3,2025-01-28,1,False,False,True,False,89.84,90,3606.17
4,2025-01-28,1,False,False,True,False,89.42,89,3292.48
5,2025-01-28,1,False,False,True,False,159.0,159,7252.14
6,2025-01-28,1,False,False,True,False,175.8,176,6797.6
7,2025-01-28,1,False,False,True,False,145.02,145,6190.31
8,2025-01-28,1,False,False,True,False,121.85,122,4640.5
9,2025-01-28,1,False,False,True,False,95.71,96,4113.98
10,2025-01-28,1,False,False,True,False,112.44,112,5380.87
11,2025-01-28,1,False,False,True,False,137.51,138,6395.92
12,2025-01-28,1,False,False,True,False,136.71,137,6166.96
1,2025-01-29,2,False,False,True,False,84.22,84,3580.05
2,2025-01-29,2,False,False,True,False,142.48,142,7452.29
3,2025-01-29,2,False,False,True,False,80.66,81,2964.53
4,2025-01-29,2,False,False,True,False,134.96,135,7407.25
5,2025-01-29,2,False,False,True,False,143.17,143,5061.16
6,2025-01-29,2,False,False,True,False,181.19,181,8902.84
7,2025-01-29,2,False,False,True,False,133.41,133,5917.73
8,2025-01-29,2,False,False,True,False,154.94,155,7175.08
9,2025-01-29,2,False,False,True,False,85.53,86,3457.03
10,2025-01-29,2,False,False,True,False,142.26,142,5764.02
11,2025-01-29,2,False,False,True,False,177.86,178,7250.55
12,2025-01-29,2,False,False,True,False,105.04,105,4189.78
1,2025-01-30,3,False,False,True,False,105.62,106,4890.98
2,2025-01-30,3,False,False,True,False,169.98,170,6188.16
3,2025-01-30,3,False,False,True,False,81.16,81,3879.55
4,2025-01-30,3,False,False,True,False,143.14,143,6836.5
5,2025-01-30,3,False,False,True,False,182.62,183,8863.21
6,2025-01-30,3,False,False,True,False,156.8,157,6820.27
7,2025-01-30,3,False,False,True,False,144.68,145,5944.51
8,2025-01-30,3,False,False,True,False,87.51,88,3149.52
9,2025-01-30,3,False,False,True,False,90.11,90,4603.12
10,2025-01-30,3,False,False,True,False,102.27,102,4325.97
11,2025-01-30,3,False,False,True,False,170.67,171,7283.96
12,2025-01-30,3,False,False,True,False,118.2,118,5931.42
1,2025-01-31,4,False,False,True,False,86.45,86,4317.08
2,2025-01-31,4,False,False,True,False,218.61,219,8995.06
3,2025-01-31,4,False,False,True,False,78.71,79,4083.35
4,2025-01-31,4,False,False,True,False,154.11,154,7159.81
5,2025-01-31,4,False,False,True,False,279.59,280,13543.9
6,2025-01-31,4,False,False,True,False,206.84,207,11261.34
7,2025-01-31,4,False,False,True,False,145.01,145,5701.68
8,2025-01-31,4,False,False,True,False,110.21,110,5759.41
9,2025-01-31,4,False,False,True,False,101.02,101,4621.35
10,2025-01-31,4,False,False,True,False,168.51,169,7214.74
11,2025-01-31,4,False,False,True,False,143.8,144,7584.25
12,2025-01-31,4,False,False,True,False,116.82,117,4203.33
1,2025-02-01,5,True,False,True,False,125.25,125,5434.55
2,2025-02-01,5,True,False,True,False,231.1,231,8097.66
3,2025-02-01,5,True,False,True,False,140.34,140,4919.64
4,2025-02-01,5,True,False,True,False,121.16,121,4904.51
5,2025-02-01,5,True,False,True,False,256.47,256,13466.29
6,2025-02-01,5,True,False,True,False,207.85,208,10246.91
7,2025-02-01,5,True,False,True,False,144.03,144,6784.74
8,2025-02-01,5,True,False,True,False,164.19,164,7831.87
9,2025-02-01,5,True,False,True,False,109.06,109,4555.93
10,2025-02-01,5,True,False,True,False,189.93,190,8258.91
11,2025-02-01,5,True,False,True,False,252.46,252,13758.36
12,2025-02-01,5,True,False,True,False,174.09,174,7569.81
1,2025-02-02,6,True,False,True,False,98.72,99,5223.63
2,2025-02-02,6,True,False,True,False,169.8,170,6558.01
3,2025-02-02,6,True,False,True,False,92.42,92,4591.77
4,2025-02-02,6,True,False,True,False,137.3,137,7262.26
5,2025-02-02,6,True,False,True,False,193.96,194,8795.93
6,2025-02-02,6,True,False,True,False,184.74,185,9508.92
7,2025-02-02,6,True,False,True,False,167.36,167,8592.62
8,2025-02-02,6,True,False,True,False,151.66,152,8286.19
9,2025-02-02,6,True,False,True,False,115.89,116,5667.87
10,2025-02-02,6,True,False,True,False,135.94,136,6689.27
11,2025-02-02,6,True,False,True,False,231.07,231,12247.51
12,2025-02-02,6,True,False,True,False,190.76,191,7913.68
1,2025-02-03,0,False,True,True,False,137.55,138,5419.59
2,2025-02-03,0,False,True,True,False,279.18,279,11954.89
3,2025-02-03,0,False,True,True,False,92.62,93,3600.95
4,2025-02-03,0,False,True,True,False,178.06,178,7346.76
5,2025-02-03,0,False,True,True,False,265.73,266,11111.35
6,2025-02-03,0,False,True,True,False,212.93,213,9337.98
7,2025-02-03,0,False,True,True,False,147.04,147,6689.61
8,2025-02-03,0,False,True,True,False,111.43,111,4312.59
9,2025-02-03,0,False,True,True,False,94.53,95,4310.68
10,2025-02-03,0,False,True,True,False,215.53,216,8570.38
11,2025-02-03,0,False,True,True,False,270.58,271,9891.64
12,2025-02-03,0,False,True,True,False,239.74,240,12997.48
1,2025-02-04,1,False,False,True,False,80.43,80,4167.77
2,2025-02-04,1,False,False,True,False,194.99,195,10001.94
3,2025-02-04,1,False,False,True,False,112.28,112,5378.19
4,2025-02-04,1,False,False,True,False,146.46,146,7565.37
5,2025-02-04,1,False,False,True,False,166.9,167,8748.58
6,2025-02-04,1,False,False,True,False,151.89,152,6203.82
7,2025-02-04,1,False,False,True,False,97.7,98,4547.77
8,2025-02-04,1,False,False,True,False,117.71,118,4425.77
9,2025-02-04,1,False,False,True,False,66.92,67,3001.1
10,2025-02-04,1,False,False,True,False,135.21,135,6671.12
11,2025-02-04,1,False,False,True,False,181.12,181,8148.65
12,2025-02-04,1,False,False,True,False,136.94,137,7263.27
1,2025-02-05,2,False,False,True,False,107.26,107,5119.41
2,2025-02-05,2,False,False,True,False,131.57,132,4987.77
3,2025-02-05,2,False,False,True,False,103.49,103,5401.75
4,2025-02-05,2,False,False,True,False,117.96,118,6171.26
5,2025-02-05,2,False,False,True,False,185.39,185,8039.35
6,2025-02-05,2,False,False,True,False,173.28,173,9343.05
7,2025-02-05,2,False,False,True,False,126.0,126,6496.45
8,2025-02-05,2,False,False,True,False,81.68,82,4144.58
9,2025-02-05,2,False,False,True,False,109.47,109,5961.79
10,2025-02-05,2,False,False,True,False,180.38,180,8612.16
11,2025-02-05,2,False,False,True,False,182.72,183,8364.05
12,2025-02-05,2,False,False,True,False,133.92,134,5491.55
1,2025-02-06,3,False,True,True,False,170.68,171,7968.37
2,2025-02-06,3,False,True,True,False,299.96,300,14768.05
3,2025-02-06,3,False,True,True,False,125.56,126,5997.54
4,2025-02-06,3,False,True,True,False,247.4,247,13567.1
5,2025-02-06,3,False,True,True,False,232.94,233,12412.67
6,2025-02-06,3,False,True,True,False,332.95,333,16403.26
7,2025-02-06,3,False,True,True,False,205.08,205,10734.82
8,2025-02-06,3,False,True,True,False,197.0,197,7988.08
9,2025-02-06,3,False,True,True,False,152.71,153,7246.2
10,2025-02-06,3,False,True,True,False,134.69,135,7306.2
11,2025-02-06,3,False,True,True,False,259.98,260,10163.07
12,2025-02-06,3,False,True,True,False,206.22,206,10571.91
1,2025-02-07,4,False,False,True,False,92.66,93,4367.87
2,2025-02-07,4,False,False,True,False,154.38,154,8390.2
3,2025-02-07,4,False,False,True,False,108.57,109,4390.81
4,2025-02-07,4,False,False,True,False,190.58,191,10340.59
5,2025-02-07,4,False,False,True,False,219.39,219,8418.45
6,2025-02-07,4,False,False,True,False,270.29,270,12323.59
7,2025-02-07,4,False,False,True,False,119.61,120,6019.62
8,2025-02-07,4,False,False,True,False,155.86,156,7844.98
9,2025-02-07,4,False,False,True,False,130.98,131,5731.72
10,2025-02-07,4,False,False,True,False,144.07,144,7451.81
11,2025-02-07,4,False,False,True,False,193.68,194,9584.57
12,2025-02-07,4,False,False,True,False,169.02,169,8523.99
1,2025-02-08,5,True,False,True,False,146.58,147,5464.73
2,2025-02-08,5,True,False,True,False,225.86,226,11772.35
3,2025-02-08,5,True,False,True,False,84.87,85,3214.42
4,2025-02-08,5,True,False,True,False,182.8,183,7021.1
5,2025-02-08,5,True,False,True,False,253.8,254,12001.0
6,2025-02-08,5,True,False,True,False,130.58,131,4716.73
7,2025-02-08,5,True,False,True,False,214.54,215,11207.24
8,2025-02-08,5,True,False,True,False,177.71,178,7623.81
9,2025-02-08,5,True,False,True,False,116.04,116,5217.73
10,2025-02-08,5,True,False,True,False,187.24,187,9511.05
11,2025-02-08,5,True,False,True,False,228.58,229,10623.27
12,2025-02-08,5,True,False,True,False,206.13,206,7893.03
1,2025-02-09,6,True,False,True,False,91.09,91,3650.88
2,2025-02-09,6,True,False,True,False,241.2,241,11307.06
3,2025-02-09,6,True,False,True,False,110.04,110,4818.17
4,2025-02-09,6,True,False,True,False,133.48,133,4806.09
5,2025-02-09,6,True,False,True,False,235.45,235,11808.75
6,2025-02-09,6,True,False,True,False,129.87,130,5135.09
7,2025-02-09,6,True,False,True,False,104.52,105,4899.95
8,2025-02-09,6,True,False,True,False,139.84,140,6834.63
9,2025-02-09,6,True,False,True,False,101.45,101,4305.61
10,2025-02-09,6,True,False,True,False,123.64,124,4650.86
11,2025-02-09,6,True,False,True,False,124.34,124,5525.62
12,2025-02-09,6,True,False,True,False,144.8,145,7381.34
1,2025-02-10,0,False,False,True,False,87.28,87,3362.16
2,2025-02-10,0,False,False,True,False,166.34,166,8184.35
3,2025-02-10,0,False,False,True,False,100.35,100,3800.57
4,2025-02-10,0,False,False,True,False,119.49,119,5867.8
5,2025-02-10,0,False,False,True,False,133.93,134,4912.98
6,2025-02-10,0,False,False,True,False,170.07,170,8159.79
7,2025-02-10,0,False,False,True,False,99.96,100,4877.91
8,2025-02-10,0,False,False,True,False,117.06,117,6271.77
9,2025-02-10,0,False,False,True,False,106.41,106,5386.37
10,2025-02-10,0,False,False,True,False,108.02,108,5124.14
11,2025-02-10,0,False,False,True,False,139.82,140,5355.62
12,2025-02-10,0,False,False,True,False,130.22,130,5320.13
1,2025-02-11,1,False,False,True,False,98.14,98,5263.26
2,2025-02-11,1,False,False,True,False,146.5,147,5975.02
3,2025-02-11,1,False,False,True,False,75.99,76,3400.42
4,2025-02-11,1,False,False,True,False,115.48,115,5897.25
5,2025-02-11,1,False,False,True,False,139.06,139,7220.8
6,2025-02-11,1,False,False,True,False,130.86,131,6482.06
7,2025-02-11,1,False,False,True,False,112.82,113,4102.24
8,2025-02-11,1,False,False,True,False,114.95,115,5255.0
9,2025-02-11,1,False,False,True,False,101.85,102,4063.05
10,2025-02-11,1,False,False,True,False,140.68,141,5017.84
11,2025-02-11,1,False,False,True,False,154.78,155,7378.6
12,2025-02-11,1,False,False,True,False,104.89,105,5076.45
1,2025-02-12,2,False,False,True,False,87.21,87,3238.33
2,2025-02-12,2,False,False,True,False,162.13,162,7788.89
3,2025-02-12,2,False,False,True,False,91.08,91,4448.61
4,2025-02-12,2,False,False,True,False,127.59,128,5289.47
5,2025-02-12,2,False,False,True,False,152.54,153,7745.14
6,2025-02-12,2,False,False,True,False,217.57,218,9709.79
7,2025-02-12,2,False,False,True,False,102.07,102,4732.22
8,2025-02-12,2,False,False,True,False,133.1,133,5797.9
9,2025-02-12,2,False,False,True,False,97.53,98,4900.18
10,2025-02-12,2,False,False,True,False,147.83,148,6573.13
11,2025-02-12,2,False,False,True,False,215.71,216,9763.53
12,2025-02-12,2,False,False,True,False,143.42,143,7416.55
1,2025-02-13,3,False,False,True,False,84.18,84,3620.52
2,2025-02-13,3,False,False,True,False,145.3,145,5473.0
3,2025-02-13,3,False,False,True,False,128.0,128,6431.34
4,2025-02-13,3,False,False,True,False,136.61,137,7453.44
5,2025-02-13,3,False,False,True,False,181.42,181,8234.47
6,2025-02-13,3,False,False,True,False,172.53,173,8044.51
7,2025-02-13,3,False,False,True,False,122.69,123,6627.47
8,2025-02-13,3,False,False,True,False,124.05,124,6310.87
9,2025-02-13,3,False,False,True,False,92.45,92,3434.44
10,2025-02-13,3,False,False,True,False,99.02,99,4070.29
11,2025-02-13,3,False,False,True,False,140.41,140,7259.07
12,2025-02-13,3,False,False,True,False,133.73,134,5194.51
1,2025-02-14,4,False,False,True,False,123.03,123,6668.29
2,2025-02-14,4,False,False,True,False,200.16,200,9249.05
3,2025-02-14,4,False,False,True,False,126.2,126,5498.35
4,2025-02-14,4,False,False,True,False,154.0,154,5547.9
5,2025-02-14,4,False,False,True,False,179.67,180,9885.22
6,2025-02-14,4,False,False,True,False,208.0,208,10855.51
7,2025-02-14,4,False,False,True,False,119.45,119,4589.25
8,2025-02-14,4,False,False,True,False,153.41,153,5857.13
9,2025-02-14,4,False,False,True,False,137.96,138,6732.03
10,2025-02-14,4,False,False,True,False,136.33,136,7165.7
11,2025-02-14,4,False,False,True,False,169.33,169,7346.38
12,2025-02-14,4,False,False,True,False,164.24,164,6248.06
1,2025-02-15,5,True,False,True,False,146.07,146,5828.27
2,2025-02-15,5,True,False,True,False,208.53,209,8260.19
3,2025-02-15,5,True,False,True,False,113.43,113,5604.95
4,2025-02-15,5,True,False,True,False,205.6,206,10408.92
5,2025-02-15,5,True,False,True,False,208.51,209,10207.88
6,2025-02-15,5,True,False,True,False,214.73,215,8130.09
7,2025-02-15,5,True,False,True,False,166.67,167,7654.4
8,2025-02-15,5,True,False,True,False,110.54,111,4245.3
9,2025-02-15,5,True,False,True,False,114.0,114,5183.95
10,2025-02-15,5,True,False,True,False,170.62,171,7917.29
11,2025-02-15,5,True,False,True,False,225.72,226,8609.6
12,2025-02-15,5,True,False,True,False,174.32,174,8931.51
1,2025-02-16,6,True,False,True,False,120.65,121,5687.39
2,2025-02-16,6,True,False,True,False,253.71,254,9950.27
3,2025-02-16,6,True,False,True,False,125.21,125,5262.98
4,2025-02-16,6,True,False,True,False,201.46,201,8458.67
5,2025-02-16,6,True,False,True,False,161.49,161,7803.58
6,2025-02-16,6,True,False,True,False,169.17,169,6693.55
7,2025-02-16,6,True,False,True,False,171.99,172,6983.82
8,2025-02-16,6,True,False,True,False,137.12,137,5598.53
9,2025-02-16,6,True,False,True,False,112.55,113,4095.61
10,2025-02-16,6,True,False,True,False,175.31,175,9378.04
11,2025-02-16,6,True,False,True,False,209.27,209,9757.25
12,2025-02-16,6,True,False,True,False,170.67,171,7455.19
1,2025-02-17,0,False,False,True,False,88.54,89,4447.16
2,2025-02-17,0,False,False,True,False,177.74,178,6361.04
3,2025-02-17,0,False,False,True,False,62.42,62,3146.12
4,2025-02-17,0,False,False,True,False,135.51,136,6766.34
5,2025-02-17,0,False,False,True,False,169.82,170,7914.13
6,2025-02-17,0,False,False,True,False,127.4,127,6337.29
7,2025-02-17,0,False,False,True,False,169.28,169,8312.89
8,2025-02-17,0,False,False,True,False,99.08,99,4345.0
9,2025-02-17,0,False,False,True,False,76.42,76,3004.53
10,2025-02-17,0,False,False,True,False,117.71,118,6162.36
11,2025-02-17,0,False,False,True,False,185.77,186,9387.6
12,2025-02-17,0,False,False,True,False,125.29,125,6336.68
1,2025-02-18,1,False,False,True,False,85.64,86,4475.85
2,2025-02-18,1,False,False,True,False,187.27,187,7452.15
3,2025-02-18,1,False,False,True,False,100.26,100,4804.39
4,2025-02-18,1,False,False,True,False,157.93,158,7231.86
5,2025-02-18,1,False,False,True,False,164.32,164,6845.25
6,2025-02-18,1,False,False,True,False,153.96,154,6073.88
7,2025-02-18,1,False,False,True,False,100.48,100,4961.69
8,2025-02-18,1,False,False,True,False,84.41,84,4566.56
9,2025-02-18,1,False,False,True,False,92.47,92,4608.98
10,2025-02-18,1,False,False,True,False,161.27,161,8804.64
11,2025-02-18,1,False,False,True,False,151.04,151,7375.4
12,2025-02-18,1,False,False,True,False,93.32,93,3387.03
1,2025-02-19,2,False,False,True,False,90.54,91,4280.3
2,2025-02-19,2,False,False,True,False,98.26,98,4067.37
3,2025-02-19,2,False,False,True,False,86.65,87,3810.86
4,2025-02-19,2,False,False,True,False,140.5,141,6191.13
5,2025-02-19,2,False,False,True,False,149.95,150,6452.52
6,2025-02-19,2,False,False,True,False,202.39,202,8842.84
7,2025-02-19,2,False,False,True,False,95.88,96,3640.84
8,2025-02-19,2,False,False,True,False,88.06,88,3375.55
9,2025-02-19,2,False,False,True,False,107.42,107,4151.04
10,2025-02-19,2,False,False,True,False,116.4,116,5868.44
11,2025-02-19,2,False,False,True,False,166.03,166,6215.8
12,2025-02-19,2,False,False,True,False,125.75,126,4555.74
1,2025-02-20,3,False,False,True,False,92.77,93,3541.4
2,2025-02-20,3,False,False,True,False,189.53,190,7263.05
3,2025-02-20,3,False,False,True,False,121.05,121,5400.27
4,2025-02-20,3,False,False,True,False,99.42,99,4024.68
5,2025-02-20,3,False,False,True,False,162.96,163,6815.09
6,2025-02-20,3,False,False,True,False,193.34,193,7846.62
7,2025-02-20,3,False,False,True,False,162.75,163,5789.55
8,2025-02-20,3,False,False,True,False,110.18,110,5130.11
9,2025-02-20,3,False,False,True,False,109.92,110,4045.62
10,2025-02-20,3,False,False,True,False,88.38,88,3466.63
11,2025-02-20,3,False,False,True,False,167.78,168,8133.9
12,2025-02-20,3,False,False,True,False,124.32,124,5157.95
1,2025-02-21,4,False,False,True,False,91.71,92,3327.48
2,2025-02-21,4,False,False,True,False,276.34,276,14691.21
3,2025-02-21,4,False,False,True,False,129.97,130,5757.7
4,2025-02-21,4,False,False,True,False,132.22,132,6695.57
5,2025-02-21,4,False,False,True,False,134.12,134,5891.34
6,2025-02-21,4,False,False,True,False,244.27,244,9995.73
7,2025-02-21,4,False,False,True,False,159.06,159,5610.27
8,2025-02-21,4,False,False,True,False,165.36,165,6734.28
9,2025-02-21,4,False,False,True,False,107.89,108,5834.18
10,2025-02-21,4,False,False,True,False,193.64,194,9572.41
11,2025-02-21,4,False,False,True,False,204.02,204,7716.49
12,2025-02-21,4,False,False,True,False,148.21,148,6888.22
1,2025-02-22,5,True,False,True,False,123.46,123,6529.17
2,2025-02-22,5,True,False,True,False,256.95,257,10034.47
3,2025-02-22,5,True,False,True,False,114.25,114,4418.67
4,2025-02-22,5,True,False,True,False,173.96,174,7905.74
5,2025-02-22,5,True,False,True,False,262.48,262,11644.94
6,2025-02-22,5,True,False,True,False,195.27,195,7584.59
7,2025-02-22,5,True,False,True,False,230.94,231,11978.47
8,2025-02-22,5,True,False,True,False,170.36,170,9028.61
9,2025-02-22,5,True,False,True,False,135.7,136,7090.69
10,2025-02-22,5,True,False,True,False,198.71,199,7165.76
11,2025-02-22,5,True,False,True,False,262.96,263,10366.98
12,2025-02-22,5,True,False,True,False,200.55,201,7670.02
1,2025-02-23,6,True,False,True,False,107.19,107,4795.45
2,2025-02-23,6,True,False,True,False,232.11,232,10772.34
3,2025-02-23,6,True,False,True,False,126.33,126,5504.12
4,2025-02-23,6,True,False,True,False,198.73,199,7534.55
5,2025-02-23,6,True,False,True,False,172.95,173,8950.35
6,2025-02-23,6,True,False,True,False,233.67,234,12630.08
7,2025-02-23,6,True,False,True,False,153.14,153,7101.05
8,2025-02-23,6,True,False,True,False,194.62,195,7547.56
9,2025-02-23,6,True,False,True,False,120.54,121,6036.08
10,2025-02-23,6,True,False,True,False,149.16,149,7254.7
11,2025-02-23,6,True,False,True,False,232.1,232,12093.51
12,2025-02-23,6,True,False,True,False,138.19,138,4953.73
1,2025-02-24,0,False,False,True,False,104.87,105,4643.63
2,2025-02-24,0,False,False,True,False,128.9,129,4898.13
3,2025-02-24,0,False,False,True,False,114.51,115,4605.24
4,2025-02-24,0,False,False,True,False,108.04,108,5426.35
5,2025-02-24,0,False,False,True,False,156.58,157,7292.17
6,2025-02-24,0,False,False,True,False,177.24,177,7812.51
7,2025-02-24,0,False,False,True,False,118.31,118,4613.84
8,2025-02-24,0,False,False,True,False,128.38,128,5259.8
9,2025-02-24,0,False,False,True,False,96.96,97,4623.43
10,2025-02-24,0,False,False,True,False,105.37,105,4291.28
11,2025-02-24,0,False,False,True,False,166.92,167,6884.39
12,2025-02-24,0,False,False,True,False,109.63,110,5293.45
1,2025-02-25,1,False,False,True,False,74.47,74,3512.44
2,2025-02-25,1,False,False,True,False,152.58,153,5995.77
3,2025-02-25,1,False,False,True,False,83.88,84,4230.13
4,2025-02-25,1,False,False,True,False,146.58,147,6718.18
5,2025-02-25,1,False,False,True,False,158.08,158,8399.76
6,2025-02-25,1,False,False,True,False,121.03,121,6400.69
7,2025-02-25,1,False,False,True,False,140.41,140,5962.02
8,2025-02-25,1,False,False,True,False,131.14,131,6029.94
9,2025-02-25,1,False,False,True,False,90.72,91,4377.62
10,2025-02-25,1,False,False,True,False,105.71,106,5353.92
11,2025-02-25,1,False,False,True,False,164.66,165,8698.31
12,2025-02-25,1,False,False,True,False,136.88,137,4906.26
1,2025-02-26,2,False,False,True,False,90.77,91,4264.62
2,2025-02-26,2,False,False,True,False,110.55,111,6098.1
3,2025-02-26,2,False,False,True,False,131.81,132,7090.99
4,2025-02-26,2,False,False,True,False,112.1,112,4258.44
5,2025-02-26,2,False,False,True,False,179.28,179,9350.64
6,2025-02-26,2,False,False,True,False,153.76,154,5788.06
7,2025-02-26,2,False,False,True,False,155.79,156,6837.28
8,2025-02-26,2,False,False,True,False,132.55,133,4785.73
9,2025-02-26,2,False,False,True,False,95.29,95,4106.06
10,2025-02-26,2,False,False,True,False,143.28,143,6793.19
11,2025-02-26,2,False,False,True,False,230.41,230,12347.23
12,2025-02-26,2,False,False,True,False,125.48,125,4494.07
1,2025-02-27,3,False,False,True,False,89.13,89,3284.93
2,2025-02-27,3,False,False,True,False,112.0,112,4201.49
3,2025-02-27,3,False,False,True,False,66.76,67,3156.48
4,2025-02-27,3,False,False,True,False,168.04,168,7126.8
5,2025-02-27,3,False,False,True,False,156.55,157,7852.49
6,2025-02-27,3,False,False,True,False,169.45,169,7114.98
7,2025-02-27,3,False,False,True,False,94.05,94,3668.68
8,2025-02-27,3,False,False,True,False,148.71,149,5355.7
9,2025-02-27,3,False,False,True,False,92.18,92,4640.91
10,2025-02-27,3,False,False,True,False,99.65,100,5232.13
11,2025-02-27,3,False,False,True,False,166.42,166,5851.54
12,2025-02-27,3,False,False,True,False,132.71,133,4760.42
1,2025-02-28,4,False,False,True,False,74.16,74,4007.05
2,2025-02-28,4,False,False,True,False,279.65,280,13061.2
3,2025-02-28,4,False,False,True,False,104.86,105,5199.23
4,2025-02-28,4,False,False,True,False,157.87,158,6102.87
5,2025-02-28,4,False,False,True,False,177.55,178,8938.18
6,2025-02-28,4,False,False,True,False,170.59,171,7015.61
7,2025-02-28,4,False,False,True,False,126.24,126,5072.97
8,2025-02-28,4,False,False,True,False,113.45,113,5320.57
9,2025-02-28,4,False,False,True,False,120.38,120,6437.39
10,2025-02-28,4,False,False,True,False,108.88,109,5794.24
11,2025-02-28,4,False,False,True,False,207.76,208,9195.17
12,2025-02-28,4,False,False,True,False,177.15,177,7033.25
1,2025-03-01,5,True,False,True,False,157.86,158,7144.28
2,2025-03-01,5,True,False,True,False,295.0,295,13097.55
3,2025-03-01,5,True,False,True,False,136.39,136,7007.39
4,2025-03-01,5,True,False,True,False,153.31,153,5944.43
5,2025-03-01,5,True,False,True,False,182.21,182,9490.95
6,2025-03-01,5,True,False,True,False,255.09,255,11064.59
7,2025-03-01,5,True,False,True,False,151.23,151,6763.88
8,2025-03-01,5,True,False,True,False,187.22,187,8923.07
9,2025-03-01,5,True,False,True,False,146.42,146,7917.52
10,2025-03-01,5,True,False,True,False,177.36,177,8870.02
11,2025-03-01,5,True,False,True,False,204.36,204,7631.58
12,2025-03-01,5,True,False,True,False,231.71,232,12051.49
1,2025-03-02,6,True,False,True,False,118.61,119,4819.31
2,2025-03-02,6,True,False,True,False,247.34,247,11759.6
3,2025-03-02,6,True,False,True,False,121.43,121,4865.59
4,2025-03-02,6,True,False,True,False,165.4,165,8222.54
5,2025-03-02,6,True,False,True,False,256.84,257,13456.52
6,2025-03-02,6,True,False,True,False,166.88,167,8244.05
7,2025-03-02,6,True,False,True,False,182.52,183,6880.13
8,2025-03-02,6,True,False,True,False,192.55,193,10577.65
9,2025-03-02,6,True,False,True,False,104.4,104,4250.97
10,2025-03-02,6,True,False,True,False,162.3,162,8773.31
11,2025-03-02,6,True,False,True,False,209.41,209,8320.38
12,2025-03-02,6,True,False,True,False,129.89,130,6795.49
1,2025-03-03,0,False,False,True,False,91.76,92,3296.83
2,2025-03-03,0,False,False,True,False,130.97,131,6004.51
3,2025-03-03,0,False,False,True,False,67.59,68,3503.56
4,2025-03-03,0,False,False,True,False,79.54,80,3416.52
5,2025-03-03,0,False,False,True,False,207.54,208,11404.94
6,2025-03-03,0,False,False,True,False,138.98,139,6648.49
7,2025-03-03,0,False,False,True,False,133.79,134,6023.76
8,2025-03-03,0,False,False,True,False,87.89,88,4350.07
9,2025-03-03,0,False,False,True,False,50.97,51,2769.92
10,2025-03-03,0,False,False,True,False,119.45,119,5945.49
11,2025-03-03,0,False,False,True,False,163.23,163,6402.4
12,2025-03-03,0,False,False,True,False,81.63,82,3480.41
1,2025-03-04,1,False,False,True,False,86.12,86,3346.56
2,2025-03-04,1,False,False,True,False,128.07,128,4610.58
3,2025-03-04,1,False,False,True,False,74.15,74,3246.19
4,2025-03-04,1,False,False,True,False,110.8,111,5749.62
5,2025-03-04,1,False,False,True,False,134.86,135,6069.42
6,2025-03-04,1,False,False,True,False,186.4,186,9680.52
7,2025-03-04,1,False,False,True,False,116.31,116,5061.73
8,2025-03-04,1,False,False,True,False,114.73,115,4132.25
9,2025-03-04,1,False,False,True,False,98.26,98,3516.56
10,2025-03-04,1,False,False,True,False,137.27,137,7202.98
11,2025-03-04,1,False,False,True,False,134.1,134,5414.67
12,2025-03-04,1,False,False,True,False,103.22,103,4165.85
1,2025-03-05,2,False,False,True,False,86.77,87,3089.8
2,2025-03-05,2,False,False,True,False,185.83,186,9522.13
3,2025-03-05,2,False,False,True,False,125.45,125,4592.91
4,2025-03-05,2,False,False,True,False,140.4,140,5278.57
5,2025-03-05,2,False,False,True,False,194.28,194,9356.81
6,2025-03-05,2,False,False,True,False,200.33,200,7664.33
7,2025-03-05,2,False,False,True,False,78.03,78,3720.23
8,2025-03-05,2,False,False,True,False,119.64,120,5849.86
9,2025-03-05,2,False,False,True,False,87.27,87,4078.57
10,2025-03-05,2,False,False,True,False,120.06,120,6455.94
11,2025-03-05,2,False,False,True,False,193.19,193,8212.99
12,2025-03-05,2,False,False,True,False,143.0,143,5745.66
1,2025-03-06,3,False,False,True,False,128.39,128,6632.95
2,2025-03-06,3,False,False,True,False,175.58,176,6715.31
3,2025-03-06,3,False,False,True,False,115.52,116,5733.34
4,2025-03-06,3,False,False,True,False,106.99,107,5755.78
5,2025-03-06,3,False,False,True,False,149.77,150,5728.12
6,2025-03-06,3,False,False,True,False,213.7,214,11181.66
7,2025-03-06,3,False,False,True,False,128.35,128,5557.02
8,2025-03-06,3,False,False,True,False,135.98,136,6187.64
9,2025-03-06,3,False,False,True,False,95.97,96,4542.84
10,2025-03-06,3,False,False,True,False,183.39,183,7634.49
11,2025-03-06,3,False,False,True,False,166.04,166,6063.07
12,2025-03-06,3,False,False,True,False,168.8,169,9178.95
1,2025-03-07,4,False,False,True,False,123.09,123,5792.32
2,2025-03-07,4,False,False,True,False,208.75,209,11245.09
3,2025-03-07,4,False,False,True,False,98.41,98,4867.25
4,2025-03-07,4,False,False,True,False,138.46,138,7339.95
5,2025-03-07,4,False,False,True,False,255.29,255,13060.17
6,2025-03-07,4,False,False,True,False,229.14,229,10363.33
7,2025-03-07,4,False,False,True,False,121.66,122,6675.79
8,2025-03-07,4,False,False,True,False,150.75,151,7622.77
9,2025-03-07,4,False,False,True,False,127.58,128,5292.85
10,2025-03-07,4,False,False,True,False,128.35,128,5315.67
11,2025-03-07,4,False,False,True,False,243.74,244,10364.2
12,2025-03-07,4,False,False,True,False,200.71,201,8824.74
1,2025-03-08,5,True,False,True,False,117.37,117,5354.97
2,2025-03-08,5,True,False,True,False,194.28,194,9565.89
3,2025-03-08,5,True,False,True,False,118.88,119,5718.82
4,2025-03-08,5,True,False,True,False,201.5,201,7247.39
5,2025-03-08,5,True,False,True,False,271.45,271,14372.84
6,2025-03-08,5,True,False,True,False,248.55,249,10861.84
7,2025-03-08,5,True,False,True,False,134.49,134,5174.01
8,2025-03-08,5,True,False,True,False,202.28,202,7674.76
9,2025-03-08,5,True,False,True,False,113.52,114,5286.64
10,2025-03-08,5,True,False,True,False,180.57,181,8346.28
11,2025-03-08,5,True,False,True,False,219.7,220,10260.67
12,2025-03-08,5,True,False,True,False,185.46,185,9366.26
1,2025-03-09,6,True,False,True,False,99.4,99,4294.88
2,2025-03-09,6,True,False,True,False,167.83,168,7536.15
3,2025-03-09,6,True,False,True,False,121.22,121,5587.11
4,2025-03-09,6,True,False,True,False,197.4,197,10411.69
5,2025-03-09,6,True,False,True,False,241.93,242,11271.62
6,2025-03-09,6,True,False,True,False,175.23,175,6492.57
7,2025-03-09,6,True,False,True,False,116.44,116,5399.0
8,2025-03-09,6,True,False,True,False,160.38,160,6417.45
9,2025-03-09,6,True,False,True,False,113.02,113,4841.92
10,2025-03-09,6,True,False,True,False,165.37,165,6810.82
11,2025-03-09,6,True,False,True,False,183.4,183,7710.26
12,2025-03-09,6,True,False,True,False,145.86,146,7578.92
1,2025-03-10,0,False,False,True,False,84.96,85,4155.09
2,2025-03-10,0,False,False,True,False,130.2,130,5845.53
3,2025-03-10,0,False,False,True,False,97.74,98,5242.8
4,2025-03-10,0,False,False,True,False,86.5,86,4121.8
5,2025-03-10,0,False,False,True,False,161.52,162,7473.71
6,2025-03-10,0,False,False,True,False,151.49,151,5765.03
7,2025-03-10,0,False,False,True,False,69.2,69,2696.88
8,2025-03-10,0,False,False,True,False,108.47,108,4878.05
9,2025-03-10,0,False,False,True,False,78.19,78,3151.61
10,2025-03-10,0,False,False,True,False,148.45,148,7451.8
11,2025-03-10,0,False,False,True,False,176.95,177,8686.39
12,2025-03-10,0,False,False,True,False,132.86,133,6070.62
1,2025-03-11,1,False,False,True,False,116.69,117,5849.16
2,2025-03-11,1,False,False,True,False,151.91,152,6778.75
3,2025-03-11,1,False,False,True,False,110.95,111,5346.49
4,2025-03-11,1,False,False,True,False,123.85,124,6684.43
5,2025-03-11,1,False,False,True,False,167.13,167,8955.38
6,2025-03-11,1,False,False,True,False,186.18,186,8218.8
7,2025-03-11,1,False,False,True,False,152.62,153,5964.37
8,2025-03-11,1,False,False,True,False,153.23,153,7909.75
9,2025-03-11,1,False,False,True,False,80.76,81,4426.37
10,2025-03-11,1,False,False,True,False,78.99,79,3824.86
11,2025-03-11,1,False,False,True,False,162.8,163,6525.91
12,2025-03-11,1,False,False,True,False,92.58,93,4663.95
1,2025-03-12,2,False,False,True,False,90.63,91,3890.46
2,2025-03-12,2,False,False,True,False,185.97,186,7625.45
3,2025-03-12,2,False,False,True,False,82.85,83,4010.65
4,2025-03-12,2,False,False,True,False,133.89,134,5347.5
5,2025-03-12,2,False,False,True,False,211.43,211,9216.44
6,2025-03-12,2,False,False,True,False,213.84,214,9168.84
7,2025-03-12,2,False,False,True,False,166.78,167,7151.71
8,2025-03-12,2,False,False,True,False,148.97,149,8018.94
9,2025-03-12,2,False,False,True,False,99.22,99,5258.54
10,2025-03-12,2,False,False,True,False,95.63,96,3523.35
11,2025-03-12,2,False,False,True,False,207.13,207,9091.97
12,2025-03-12,2,False,False,True,False,152.78,153,6520.58
1,2025-03-13,3,False,False,True,False,89.44,89,4212.8
2,2025-03-13,3,False,False,True,False,188.98,189,6934.77
3,2025-03-13,3,False,False,True,False,109.93,110,4017.21
4,2025-03-13,3,False,False,True,False,201.54,202,7394.3
5,2025-03-13,3,False,False,True,False,169.86,170,7709.85
6,2025-03-13,3,False,False,True,False,177.71,178,9137.02
7,2025-03-13,3,False,False,True,False,94.54,95,3517.79
8,2025-03-13,3,False,False,True,False,121.63,122,5151.9
9,2025-03-13,3,False,False,True,False,117.91,118,5677.2
10,2025-03-13,3,False,False,True,False,133.67,134,5229.12
11,2025-03-13,3,False,False,True,False,188.54,189,9047.53
12,2025-03-13,3,False,False,True,False,99.9,100,3816.05
1,2025-03-14,4,False,False,True,False,120.53,121,4895.74
2,2025-03-14,4,False,False,True,False,184.12,184,8207.3
3,2025-03-14,4,False,False,True,False,111.71,112,6152.48
4,2025-03-14,4,False,False,True,False,163.52,164,8866.34
5,2025-03-14,4,False,False,True,False,249.29,249,9228.51
6,2025-03-14,4,False,False,True,False,262.12,262,11522.78
7,2025-03-14,4,False,False,True,False,149.95,150,5867.36
8,2025-03-14,4,False,False,True,False,189.97,190,6934.84
9,2025-03-14,4,False,False,True,False,113.57,114,5040.52
10,2025-03-14,4,False,False,True,False,174.06,174,8031.86
11,2025-03-14,4,False,False,True,False,225.43,225,10995.49
12,2025-03-14,4,False,False,True,False,166.73,167,8457.03
1,2025-03-15,5,True,False,True,False,157.43,157,8211.73
2,2025-03-15,5,True,False,True,False,221.89,222,8187.37
3,2025-03-15,5,True,False,True,False,126.84,127,4672.47
4,2025-03-15,5,True,False,True,False,159.59,160,6686.67
5,2025-03-15,5,True,False,True,False,234.92,235,8488.05
6,2025-03-15,5,True,False,True,False,292.83,293,10861.69
7,2025-03-15,5,True,False,True,False,193.17,193,10025.0
8,2025-03-15,5,True,False,True,False,225.23,225,9262.82
9,2025-03-15,5,True,False,True,False,104.26,104,3995.6
10,2025-03-15,5,True,False,True,False,221.45,221,9669.21
11,2025-03-15,5,True,False,True,False,183.63,184,9203.69
12,2025-03-15,5,True,False,True,False,190.78,191,9881.81
1,2025-03-16,6,True,False,True,False,126.88,127,5815.73
2,2025-03-16,6,True,False,True,False,262.54,263,10898.21
3,2025-03-16,6,True,False,True,False,119.94,120,5372.46
4,2025-03-16,6,True,False,True,False,181.62,182,8346.6
5,2025-03-16,6,True,False,True,False,202.52,203,10232.92
6,2025-03-16,6,True,False,True,False,227.79,228,8849.53
7,2025-03-16,6,True,False,True,False,149.57,150,6196.45
8,2025-03-16,6,True,False,True,False,141.51,142,6115.71
9,2025-03-16,6,True,False,True,False,110.93,111,6024.98
10,2025-03-16,6,True,False,True,False,176.27,176,8003.16
11,2025-03-16,6,True,False,True,False,193.39,193,6850.46
12,2025-03-16,6,True,False,True,False,138.7,139,5369.57
1,2025-03-17,0,False,False,True,False,77.2,77,4176.74
2,2025-03-17,0,False,False,True,False,188.79,189,6931.38
3,2025-03-17,0,False,False,True,False,90.11,90,3427.47
4,2025-03-17,0,False,False,True,False,120.65,121,4914.78
5,2025-03-17,0,False,False,True,False,150.28,150,5431.39
6,2025-03-17,0,False,False,True,False,172.07,172,7146.32
7,2025-03-17,0,False,False,True,False,133.05,133,4873.72
8,2025-03-17,0,False,False,True,False,112.94,113,5285.35
9,2025-03-17,0,False,False,True,False,106.52,107,5438.68
10,2025-03-17,0,False,False,True,False,115.07,115,4559.42
11,2025-03-17,0,False,False,True,False,167.95,168,7413.04
12,2025-03-17,0,False,False,True,False,118.32,118,4559.39
1,2025-03-18,1,False,False,True,False,94.26,94,3459.03
2,2025-03-18,1,False,False,True,False,179.84,180,8602.25
3,2025-03-18,1,False,False,True,False,89.35,89,3134.25
4,2025-03-18,1,False,False,True,False,84.8,85,4139.95
5,2025-03-18,1,False,False,True,False,144.05,144,6189.61
6,2025-03-18,1,False,False,True,False,156.76,157,8345.96
7,2025-03-18,1,False,False,True,False,144.66,145,7351.35
8,2025-03-18,1,False,False,True,False,134.93,135,5714.62
9,2025-03-18,1,False,False,True,False,100.25,100,4149.82
10,2025-03-18,1,False,False,True,False,95.11,95,4827.94
11,2025-03-18,1,False,False,True,False,127.64,128,6727.6
12,2025-03-18,1,False,False,True,False,101.87,102,3864.35
1,2025-03-19,2,False,False,True,False,87.22,87,4319.23
2,2025-03-19,2,False,False,True,False,170.89,171,6607.55
3,2025-03-19,2,False,False,True,False,54.86,55,2485.51
4,2025-03-19,2,False,False,True,False,110.9,111,5111.8
5,2025-03-19,2,False,False,True,False,147.84,148,7898.96
6,2025-03-19,2,False,False,True,False,169.08,169,8910.03
7,2025-03-19,2,False,False,True,False,96.49,96,3729.9
8,2025-03-19,2,False,False,True,False,122.76,123,5585.11
9,2025-03-19,2,False,False,True,False,102.27,102,3876.59
10,2025-03-19,2,False,False,True,False,121.44,121,5692.29
11,2025-03-19,2,False,False,True,False,170.46,170,8483.34
12,2025-03-19,2,False,False,True,False,135.6,136,6817.46
1,2025-03-20,3,False,False,True,False,76.59,77,3191.06
2,2025-03-20,3,False,False,True,False,143.42,143,7816.91
3,2025-03-20,3,False,False,True,False,88.96,89,3475.86
4,2025-03-20,3,False,False,True,False,157.6,158,8044.8
5,2025-03-20,3,False,False,True,False,179.57,180,6493.0
6,2025-03-20,3,False,False,True,False,216.04,216,7853.57
7,2025-03-20,3,False,False,True,False,104.53,105,4022.07
8,2025-03-20,3,False,False,True,False,152.99,153,5471.29
9,2025-03-20,3,False,False,True,False,72.43,72,3041.12
10,2025-03-20,3,False,False,True,False,129.84,130,5790.43
11,2025-03-20,3,False,False,True,False,212.47,212,10162.5
12,2025-03-20,3,False,False,True,False,173.47,173,6138.3
1,2025-03-21,4,False,False,True,False,139.99,140,7247.83
2,2025-03-21,4,False,False,True,False,234.84,235,12563.96
3,2025-03-21,4,False,False,True,False,106.57,107,5583.6
4,2025-03-21,4,False,False,True,False,190.14,190,8614.37
5,2025-03-21,4,False,False,True,False,198.77,199,8009.71
6,2025-03-21,4,False,False,True,False,213.57,214,11020.53
7,2025-03-21,4,False,False,True,False,202.5,202,8752.34
8,2025-03-21,4,False,False,True,False,163.12,163,6169.42
9,2025-03-21,4,False,False,True,False,109.4,109,5177.59
10,2025-03-21,4,False,False,True,False,173.14,173,6845.11
11,2025-03-21,4,False,False,True,False,194.66,195,9486.7
12,2025-03-21,4,False,False,True,False,126.77,127,4843.77
1,2025-03-22,5,True,False,True,False,130.77,131,5299.24
2,2025-03-22,5,True,False,True,False,193.39,193,8185.71
3,2025-03-22,5,True,False,True,False,119.06,119,6518.63
4,2025-03-22,5,True,False,True,False,174.21,174,6718.77
5,2025-03-22,5,True,False,True,False,247.11,247,11479.73
6,2025-03-22,5,True,False,True,False,309.69,310,12851.38
7,2025-03-22,5,True,False,True,False,201.45,201,7320.79
8,2025-03-22,5,True,False,True,False,169.94,170,6257.57
9,2025-03-22,5,True,False,True,False,144.1,144,5123.11
10,2025-03-22,5,True,False,True,False,148.4,148,6637.93
11,2025-03-22,5,True,False,True,False,177.87,178,9738.47
12,2025-03-22,5,True,False,True,False,197.63,198,9510.6
1,2025-03-23,6,True,False,True,False,112.61,113,5066.22
2,2025-03-23,6,True,False,True,False,199.88,200,10347.9
3,2025-03-23,6,True,False,True,False,115.65,116,4730.96
4,2025-03-23,6,True,False,True,False,181.7,182,9610.83
5,2025-03-23,6,True,False,True,False,217.83,218,7834.44
6,2025-03-23,6,True,False,True,False,167.93,168,8714.03
7,2025-03-23,6,True,False,True,False,166.31,166,7086.47
8,2025-03-23,6,True,False,True,False,214.48,214,11191.64
9,2025-03-23,6,True,False,True,False,150.6,151,7806.24
10,2025-03-23,6,True,False,True,False,205.85,206,10225.98
11,2025-03-23,6,True,False,True,False,236.41,236,11338.86
12,2025-03-23,6,True,False,True,False,157.21,157,5879.37
1,2025-03-24,0,False,False,True,False,93.88,94,5058.79
2,2025-03-24,0,False,False,True,False,168.63,169,7983.41
3,2025-03-24,0,False,False,True,False,81.7,82,3849.4
4,2025-03-24,0,False,False,True,False,113.78,114,5705.5
5,2025-03-24,0,False,False,True,False,178.42,178,6691.84
6,2025-03-24,0,False,False,True,False,168.64,169,6503.84
7,2025-03-24,0,False,False,True,False,121.71,122,5034.34
8,2025-03-24,0,False,False,True,False,91.24,91,3670.56
9,2025-03-24,0,False,False,True,False,102.85,103,5517.01
10,2025-03-24,0,False,False,True,False,123.95,124,6464.79
11,2025-03-24,0,False,False,True,False,129.63,130,4667.22
12,2025-03-24,0,False,False,True,False,102.93,103,5312.38
1,2025-03-25,1,False,False,True,False,78.13,78,3533.57
2,2025-03-25,1,False,False,True,False,210.72,211,7946.55
3,2025-03-25,1,False,False,True,False,65.69,66,3318.33
4,2025-03-25,1,False,False,True,False,132.19,132,6671.27
5,2025-03-25,1,False,False,True,False,138.4,138,5893.4
6,2025-03-25,1,False,False,True,False,188.15,188,7477.25
7,2025-03-25,1,False,False,True,False,118.52,119,5945.05
8,2025-03-25,1,False,False,True,False,138.14,138,5254.16
9,2025-03-25,1,False,False,True,False,81.55,82,3012.73
10,2025-03-25,1,False,False,True,False,105.1,105,5124.66
11,2025-03-25,1,False,False,True,False,235.21,235,11934.98
12,2025-03-25,1,False,False,True,False,168.63,169,7371.14
1,2025-03-26,2,False,False,True,False,114.01,114,5198.77
2,2025-03-26,2,False,False,True,False,190.16,190,8481.3
3,2025-03-26,2,False,False,True,False,99.44,99,4153.56
4,2025-03-26,2,False,False,True,False,135.22,135,6674.3
5,2025-03-26,2,False,False,True,False,132.21,132,6211.86
6,2025-03-26,2,False,False,True,False,163.94,164,8708.26
7,2025-03-26,2,False,False,True,False,112.62,113,5281.03
8,2025-03-26,2,False,False,True,False,142.65,143,5650.25
9,2025-03-26,2,False,False,True,False,64.66,65,2855.55
10,2025-03-26,2,False,False,True,False,141.34,141,5312.66
11,2025-03-26,2,False,False,True,False,153.21,153,6073.09
12,2025-03-26,2,False,False,True,False,130.05,130,6485.81
1,2025-03-27,3,False,False,True,False,84.9,85,3808.1
2,2025-03-27,3,False,False,True,False,220.09,220,11634.77
3,2025-03-27,3,False,False,True,False,90.42,90,4025.77
4,2025-03-27,3,False,False,True,False,126.28,126,6922.06
5,2025-03-27,3,False,False,True,False,216.38,216,10672.04
6,2025-03-27,3,False,False,True,False,126.23,126,5400.6
7,2025-03-27,3,False,False,True,False,144.89,145,6196.7
8,2025-03-27,3,False,False,True,False,147.91,148,5264.78
9,2025-03-27,3,False,False,True,False,96.74,97,4184.54
10,2025-03-27,3,False,False,True,False,151.81,152,5662.0
11,2025-03-27,3,False,False,True,False,176.98,177,8745.92
12,2025-03-27,3,False,False,True,False,164.33,164,7669.16
1,2025-03-28,4,False,False,True,False,116.92,117,6402.5
2,2025-03-28,4,False,False,True,False,250.96,251,9693.25
3,2025-03-28,4,False,False,True,False,101.48,101,3940.19
4,2025-03-28,4,False,False,True,False,211.84,212,11300.92
5,2025-03-28,4,False,False,True,False,181.6,182,8961.58
6,2025-03-28,4,False,False,True,False,229.05,229,10274.82
7,2025-03-28,4,False,False,True,False,167.05,167,6980.18
8,2025-03-28,4,False,False,True,False,154.56,155,7427.61
9,2025-03-28,4,False,False,True,False,118.31,118,5574.48
10,2025-03-28,4,False,False,True,False,179.69,180,8043.16
11,2025-03-28,4,False,False,True,False,224.21,224,8975.58
12,2025-03-28,4,False,False,True,False,166.13,166,7097.23
1,2025-03-29,5,True,False,True,False,103.07,103,5620.13
2,2025-03-29,5,True,False,True,False,195.04,195,8296.5
3,2025-03-29,5,True,False,True,False,129.52,130,4759.09
4,2025-03-29,5,True,False,True,False,161.07,161,8272.69
5,2025-03-29,5,True,False,True,False,253.27,253,11711.23
6,2025-03-29,5,True,False,True,False,263.76,264,13286.34
7,2025-03-29,5,True,False,True,False,163.57,164,8255.25
8,2025-03-29,5,True,False,True,False,121.88,122,4428.5
9,2025-03-29,5,True,False,True,False,181.78,182,7482.88
10,2025-03-29,5,True,False,True,False,237.65,238,12645.71
11,2025-03-29,5,True,False,True,False,237.81,238,10583.89
12,2025-03-29,5,True,False,True,False,167.03,167,7420.25
1,2025-03-30,6,True,False,True,False,89.8,90,3918.26
2,2025-03-30,6,True,False,True,False,234.03,234,10139.37
3,2025-03-30,6,True,False,True,False,121.83,122,6533.21
4,2025-03-30,6,True,False,True,False,149.74,150,6781.9
5,2025-03-30,6,True,False,True,False,179.97,180,8564.72
6,2025-03-30,6,True,False,True,False,205.99,206,10149.33
7,2025-03-30,6,True,False,True,False,167.24,167,8786.16
8,2025-03-30,6,True,False,True,False,150.61,151,7072.26
9,2025-03-30,6,True,False,True,False,119.42,119,5582.5
10,2025-03-30,6,True,False,True,False,233.78,234,9258.95
11,2025-03-30,6,True,False,True,False,183.66,184,7806.95
12,2025-03-30,6,True,False,True,False,184.7,185,9124.36
1,2025-03-31,0,False,False,True,False,89.54,90,4421.41
2,2025-03-31,0,False,False,True,False,148.18,148,7726.3
3,2025-03-31,0,False,False,True,False,75.21,75,3623.95
4,2025-03-31,0,False,False,True,False,139.77,140,5395.49
5,2025-03-31,0,False,False,True,False,183.66,184,8085.71
6,2025-03-31,0,False,False,True,False,179.99,180,7374.5
7,2025-03-31,0,False,False,True,False,120.02,120,5422.48
8,2025-03-31,0,False,False,True,False,106.88,107,4536.23
9,2025-03-31,0,False,False,True,False,83.03,83,4281.67
10,2025-03-31,0,False,False,True,False,134.21,134,6722.35
11,2025-03-31,0,False,False,True,False,148.4,148,5189.37
12,2025-03-31,0,False,False,True,False,142.63,143,6659.69
1,2025-04-01,1,False,False,True,False,76.67,77,3467.4
2,2025-04-01,1,False,False,True,False,179.69,180,7695.6
3,2025-04-01,1,False,False,True,False,101.87,102,4929.72
4,2025-04-01,1,False,False,True,False,144.99,145,6567.3
5,2025-04-01,1,False,False,True,False,183.32,183,7871.27
6,2025-04-01,1,False,False,True,False,136.0,136,6399.53
7,2025-04-01,1,False,False,True,False,143.44,143,5654.65
8,2025-04-01,1,False,False,True,False,134.07,134,4786.72
9,2025-04-01,1,False,False,True,False,95.51,96,4483.37
10,2025-04-01,1,False,False,True,False,134.6,135,6778.64
11,2025-04-01,1,False,False,True,False,202.26,202,8856.07
12,2025-04-01,1,False,False,True,False,134.43,134,5450.58
1,2025-04-02,2,False,False,True,False,104.03,104,4748.86
2,2025-04-02,2,False,False,True,False,182.27,182,9657.92
3,2025-04-02,2,False,False,True,False,70.03,70,2553.6
4,2025-04-02,2,False,False,True,False,156.21,156,7275.96
5,2025-04-02,2,False,False,True,False,160.15,160,7908.86
6,2025-04-02,2,False,False,True,False,130.5,130,5568.57
7,2025-04-02,2,False,False,True,False,177.34,177,6200.05
8,2025-04-02,2,False,False,True,False,199.69,200,10676.64
9,2025-04-02,2,False,False,True,False,104.63,105,4242.99
10,2025-04-02,2,False,False,True,False,189.55,190,8790.78
11,2025-04-02,2,False,False,True,False,144.17,144,6503.1
12,2025-04-02,2,False,False,True,False,144.01,144,6512.52
1,2025-04-03,3,False,False,True,False,110.91,111,4858.14
2,2025-04-03,3,False,False,True,False,167.9,168,8861.65
3,2025-04-03,3,False,False,True,False,123.72,124,5904.41
4,2025-04-03,3,False,False,True,False,137.07,137,5273.73
5,2025-04-03,3,False,False,True,False,150.82,151,6172.81
6,2025-04-03,3,False,False,True,False,224.12,224,8720.84
7,2025-04-03,3,False,False,True,False,145.35,145,7393.83
8,2025-04-03,3,False,False,True,False,134.14,134,7034.74
9,2025-04-03,3,False,False,True,False,82.59,83,2965.98
10,2025-04-03,3,False,False,True,False,159.2,159,5657.31
11,2025-04-03,3,False,False,True,False,258.53,259,11503.01
12,2025-04-03,3,False,False,True,False,171.3,171,6707.92
1,2025-04-04,4,False,False,True,False,94.65,95,4965.76
2,2025-04-04,4,False,False,True,False,278.72,279,13136.88
3,2025-04-04,4,False,False,True,False,77.48,77,3202.78
4,2025-04-04,4,False,False,True,False,117.34,117,5447.52
5,2025-04-04,4,False,False,True,False,214.7,215,7984.69
6,2025-04-04,4,False,False,True,False,183.72,184,7060.41
7,2025-04-04,4,False,False,True,False,145.45,145,6245.91
8,2025-04-04,4,False,False,True,False,170.46,170,8396.52
9,2025-04-04,4,False,False,True,False,114.89,115,4430.45
10,2025-04-04,4,False,False,True,False,205.49,205,10870.74
11,2025-04-04,4,False,False,True,False,232.97,233,10477.4
12,2025-04-04,4,False,False,True,False,200.14,200,7122.72
1,2025-04-05,5,True,False,True,False,132.35,132,6502.06
2,2025-04-05,5,True,False,True,False,196.64,197,7582.87
3,2025-04-05,5,True,False,True,False,194.66,195,8916.45
4,2025-04-05,5,True,False,True,False,170.67,171,6362.66
5,2025-04-05,5,True,False,True,False,239.18,239,11293.12
6,2025-04-05,5,True,False,True,False,254.68,255,11741.53
7,2025-04-05,5,True,False,True,False,148.59,149,7280.75
8,2025-04-05,5,True,False,True,False,159.82,160,7857.4
9,2025-04-05,5,True,False,True,False,132.25,132,6457.23
10,2025-04-05,5,True,False,True,False,172.62,173,7391.38
11,2025-04-05,5,True,False,True,False,297.73,298,11152.15
12,2025-04-05,5,True,False,True,False,192.75,193,8459.64
1,2025-04-06,6,True,False,True,False,96.92,97,4860.34
2,2025-04-06,6,True,False,True,False,247.93,248,13411.68
3,2025-04-06,6,True,False,True,False,118.61,119,5726.33
4,2025-04-06,6,True,False,True,False,168.04,168,6109.8
5,2025-04-06,6,True,False,True,False,218.61,219,11467.7
6,2025-04-06,6,True,False,True,False,234.75,235,8631.41
7,2025-04-06,6,True,False,True,False,175.15,175,7490.69
8,2025-04-06,6,True,False,True,False,200.17,200,8665.29
9,2025-04-06,6,True,False,True,False,161.82,162,7037.37
10,2025-04-06,6,True,False,True,False,181.02,181,6366.67
11,2025-04-06,6,True,False,True,False,231.45,231,9496.59
12,2025-04-06,6,True,False,True,False,181.12,181,9498.77
1,2025-04-07,0,False,False,True,False,74.68,75,2953.29
2,2025-04-07,0,False,False,True,False,124.98,125,4942.61
3,2025-04-07,0,False,False,True,False,67.0,67,2571.42
4,2025-04-07,0,False,False,True,False,118.74,119,6162.68
5,2025-04-07,0,False,False,True,False,161.5,162,7914.87
6,2025-04-07,0,False,False,True,False,139.58,140,6445.99
7,2025-04-07,0,False,False,True,False,125.08,125,5341.8
8,2025-04-07,0,False,False,True,False,119.45,119,6255.43
9,2025-04-07,0,False,False,True,False,75.27,75,3262.3
10,2025-04-07,0,False,False,True,False,122.07,122,4372.15
11,2025-04-07,0,False,False,True,False,122.97,123,5013.23
12,2025-04-07,0,False,False,True,False,147.94,148,6943.25
1,2025-04-08,1,False,False,True,False,75.0,75,3020.9
2,2025-04-08,1,False,False,True,False,168.64,169,8172.32
3,2025-04-08,1,False,False,True,False,80.21,80,2857.4
4,2025-04-08,1,False,False,True,False,165.27,165,8985.12
5,2025-04-08,1,False,False,True,False,202.22,202,7456.35
6,2025-04-08,1,False,False,True,False,154.38,154,7075.28
7,2025-04-08,1,False,False,True,False,137.14,137,6392.28
8,2025-04-08,1,False,False,True,False,139.25,139,5891.68
9,2025-04-08,1,False,False,True,False,96.7,97,4676.04
10,2025-04-08,1,False,False,True,False,137.2,137,7371.29
11,2025-04-08,1,False,False,True,False,176.54,177,8030.42
12,2025-04-08,1,False,False,True,False,150.82,151,6619.71
1,2025-04-09,2,False,False,True,False,95.19,95,3658.09
2,2025-04-09,2,False,False,True,False,154.64,155,8522.27
3,2025-04-09,2,False,False,True,False,123.85,124,6673.35
4,2025-04-09,2,False,False,True,False,179.85,180,6716.43
5,2025-04-09,2,False,False,True,False,219.5,220,9447.78
6,2025-04-09,2,False,False,True,False,206.68,207,9236.12
7,2025-04-09,2,False,False,True,False,126.83,127,6025.03
8,2025-04-09,2,False,False,True,False,124.2,124,6207.61
9,2025-04-09,2,False,False,True,False,102.68,103,4495.99
10,2025-04-09,2,False,False,True,False,147.56,148,5902.71
11,2025-04-09,2,False,False,True,False,151.08,151,6031.58
12,2025-04-09,2,False,False,True,False,178.1,178,8434.93
1,2025-04-10,3,False,False,True,False,156.72,157,6697.76
2,2025-04-10,3,False,False,True,False,117.59,118,5784.3
3,2025-04-10,3,False,False,True,False,61.41,61,2991.55
4,2025-04-10,3,False,False,True,False,164.48,164,6017.08
5,2025-04-10,3,False,False,True,False,164.07,164,7503.69
6,2025-04-10,3,False,False,True,False,143.72,144,5804.37
7,2025-04-10,3,False,False,True,False,133.26,133,6900.15
8,2025-04-10,3,False,False,True,False,174.8,175,9186.76
9,2025-04-10,3,False,False,True,False,107.36,107,4385.94
10,2025-04-10,3,False,False,True,False,139.75,140,6359.09
11,2025-04-10,3,False,False,True,False,160.37,160,6562.87
12,2025-04-10,3,False,False,True,False,141.64,142,7412.88
1,2025-04-11,4,False,False,True,False,142.1,142,4975.26
2,2025-04-11,4,False,False,True,False,303.14,303,14864.14
3,2025-04-11,4,False,False,True,False,115.76,116,4444.47
4,2025-04-11,4,False,False,True,False,209.46,209,9616.44
5,2025-04-11,4,False,False,True,False,241.76,242,12092.58
6,2025-04-11,4,False,False,True,False,278.72,279,12519.72
7,2025-04-11,4,False,False,True,False,128.61,129,6004.46
8,2025-04-11,4,False,False,True,False,114.28,114,5683.02
9,2025-04-11,4,False,False,True,False,78.58,79,3762.41
10,2025-04-11,4,False,False,True,False,103.22,103,3918.1
11,2025-04-11,4,False,False,True,False,236.58,237,10128.37
12,2025-04-11,4,False,False,True,False,187.9,188,7837.11
1,2025-04-12,5,True,False,False,True,166.64,167,5846.57
2,2025-04-12,5,True,False,False,True,331.6,332,16173.71
3,2025-04-12,5,True,False,False,True,135.28,135,7323.63
4,2025-04-12,5,True,False,False,True,258.33,258,14099.81
5,2025-04-12,5,True,False,False,True,332.17,332,14290.03
6,2025-04-12,5,True,False,False,True,283.78,284,10513.72
7,2025-04-12,5,True,False,False,True,185.98,186,8607.75
8,2025-04-12,5,True,False,False,True,226.04,226,12178.2
9,2025-04-12,5,True,False,False,True,156.64,157,8327.55
10,2025-04-12,5,True,False,False,True,269.92,270,13180.35
11,2025-04-12,5,True,False,False,True,240.32,240,10067.56
12,2025-04-12,5,True,False,False,True,148.51,149,5745.85
1,2025-04-13,6,True,False,False,True,151.54,152,7697.42
2,2025-04-13,6,True,False,False,True,190.51,191,7498.62
3,2025-04-13,6,True,False,False,True,151.28,151,5764.46
4,2025-04-13,6,True,False,False,True,181.31,181,7379.9
5,2025-04-13,6,True,False,False,True,203.51,204,9298.81
6,2025-04-13,6,True,False,False,True,265.62,266,10818.43
7,2025-04-13,6,True,False,False,True,192.36,192,10163.9
8,2025-04-13,6,True,False,False,True,158.93,159,8579.5
9,2025-04-13,6,True,False,False,True,147.43,147,5526.24
10,2025-04-13,6,True,False,False,True,269.65,270,10403.44
11,2025-04-13,6,True,False,False,True,225.64,226,10593.65
12,2025-04-13,6,True,False,False,True,167.55,168,6982.98
1,2025-04-14,0,False,False,False,True,108.68,109,4431.85
2,2025-04-14,0,False,False,False,True,216.0,216,7576.04
3,2025-04-14,0,False,False,False,True,119.23,119,4367.61
4,2025-04-14,0,False,False,False,True,136.41,136,6467.91
5,2025-04-14,0,False,False,False,True,152.01,152,7701.74
6,2025-04-14,0,False,False,False,True,215.67,216,8781.82
7,2025-04-14,0,False,False,False,True,164.34,164,8095.32
8,2025-04-14,0,False,False,False,True,133.84,134,5550.08
9,2025-04-14,0,False,False,False,True,81.19,81,3401.18
10,2025-04-14,0,False,False,False,True,166.6,167,6379.46
11,2025-04-14,0,False,False,False,True,205.37,205,9814.52
12,2025-04-14,0,False,False,False,True,197.89,198,7435.11
1,2025-04-15,1,False,False,False,True,82.94,83,4064.62
2,2025-04-15,1,False,False,False,True,199.28,199,9215.85
3,2025-04-15,1,False,False,False,True,124.78,125,4928.67
4,2025-04-15,1,False,False,False,True,170.13,170,7702.6
5,2025-04-15,1,False,False,False,True,223.3,223,9274.83
6,2025-04-15,1,False,False,False,True,258.87,259,12709.95
7,2025-04-15,1,False,False,False,True,173.85,174,7749.94
8,2025-04-15,1,False,False,False,True,107.04,107,4425.6
9,2025-04-15,1,False,False,False,True,105.24,105,3818.49
10,2025-04-15,1,False,False,False,True,162.14,162,7108.65
11,2025-04-15,1,False,False,False,True,184.65,185,7994.91
12,2025-04-15,1,False,False,False,True,135.73,136,5537.37
1,2025-04-16,2,False,False,False,True,103.87,104,3905.97
2,2025-04-16,2,False,False,False,True,165.38,165,6477.72
3,2025-04-16,2,False,False,False,True,143.82,144,7780.58
4,2025-04-16,2,False,False,False,True,181.62,182,7516.43
5,2025-04-16,2,False,False,False,True,193.74,194,8677.32
6,2025-04-16,2,False,False,False,True,190.48,190,6765.47
7,2025-04-16,2,False,False,False,True,173.99,174,7795.79
8,2025-04-16,2,False,False,False,True,143.81,144,6746.9
9,2025-04-16,2,False,False,False,True,127.19,127,4564.01
10,2025-04-16,2,False,False,False,True,120.3,120,5915.73
11,2025-04-16,2,False,False,False,True,206.24,206,9259.96
12,2025-04-16,2,False,False,False,True,169.89,170,8334.34
1,2025-04-17,3,False,False,False,True,128.84,129,6572.84
2,2025-04-17,3,False,False,False,True,188.17,188,7178.47
3,2025-04-17,3,False,False,False,True,99.19,99,4731.34
4,2025-04-17,3,False,False,False,True,193.05,193,10433.6
5,2025-04-17,3,False,False,False,True,178.13,178,8680.26
6,2025-04-17,3,False,False,False,True,280.2,280,13503.5
7,2025-04-17,3,False,False,False,True,128.08,128,6808.05
8,2025-04-17,3,False,False,False,True,147.64,148,6327.55
9,2025-04-17,3,False,False,False,True,115.9,116,4709.3
10,2025-04-17,3,False,False,False,True,211.43,211,8903.23
11,2025-04-17,3,False,False,False,True,241.27,241,12047.49
12,2025-04-17,3,False,False,False,True,160.62,161,7430.58
1,2025-04-18,4,False,True,False,True,157.02,157,7389.8
2,2025-04-18,4,False,True,False,True,317.47,317,11717.64
3,2025-04-18,4,False,True,False,True,169.8,170,6103.11
4,2025-04-18,4,False,True,False,True,226.56,227,9309.54
5,2025-04-18,4,False,True,False,True,302.73,303,11692.9
6,2025-04-18,4,False,True,False,True,302.56,303,14629.01
7,2025-04-18,4,False,True,False,True,209.11,209,10696.25
8,2025-04-18,4,False,True,False,True,196.47,196,6979.45
9,2025-04-18,4,False,True,False,True,186.42,186,9948.26
10,2025-04-18,4,False,True,False,True,266.79,267,13254.67
11,2025-04-18,4,False,True,False,True,306.16,306,15883.8
12,2025-04-18,4,False,True,False,True,304.96,305,14206.9
1,2025-04-19,5,True,False,False,True,144.2,144,5502.46
2,2025-04-19,5,True,False,False,True,301.53,302,15163.47
3,2025-04-19,5,True,False,False,True,144.24,144,5203.08
4,2025-04-19,5,True,False,False,True,187.8,188,9745.27
5,2025-04-19,5,True,False,False,True,334.97,335,14786.43
6,2025-04-19,5,True,False,False,True,312.56,313,11191.18
7,2025-04-19,5,True,False,False,True,227.04,227,11213.04
8,2025-04-19,5,True,False,False,True,166.95,167,7417.23
9,2025-04-19,5,True,False,False,True,177.35,177,7169.63
10,2025-04-19,5,True,False,False,True,212.87,213,9532.65
11,2025-04-19,5,True,False,False,True,201.94,202,7517.92
12,2025-04-19,5,True,False,False,True,244.42,244,8995.92
1,2025-04-20,6,True,False,False,True,119.13,119,5752.95
2,2025-04-20,6,True,False,False,True,278.81,279,11725.37
3,2025-04-20,6,True,False,False,True,113.03,113,5753.46
4,2025-04-20,6,True,False,False,True,209.23,209,8988.26
5,2025-04-20,6,True,False,False,True,247.67,248,11120.01
6,2025-04-20,6,True,False,False,True,335.05,335,16456.34
7,2025-04-20,6,True,False,False,True,191.39,191,10373.27
8,2025-04-20,6,True,False,False,True,175.09,175,9591.49
9,2025-04-20,6,True,False,False,True,183.53,184,9845.16
10,2025-04-20,6,True,False,False,True,217.96,218,10378.3
11,2025-04-20,6,True,False,False,True,223.17,223,11009.25
12,2025-04-20,6,True,False,False,True,205.82,206,8568.23
1,2025-04-21,0,False,True,False,True,148.81,149,7117.91
2,2025-04-21,0,False,True,False,True,227.1,227,11895.85
3,2025-04-21,0,False,True,False,True,138.61,139,7313.09
4,2025-04-21,0,False,True,False,True,176.02,176,9056.03
5,2025-04-21,0,False,True,False,True,242.85,243,12696.45
6,2025-04-21,0,False,True,False,True,230.16,230,10124.04
7,2025-04-21,0,False,True,False,True,163.55,164,6266.02
8,2025-04-21,0,False,True,False,True,146.3,146,5986.1
9,2025-04-21,0,False,True,False,True,113.98,114,5876.83
10,2025-04-21,0,False,True,False,True,169.72,170,8234.9
11,2025-04-21,0,False,True,False,True,325.36,325,16393.33
12,2025-04-21,0,False,True,False,True,162.81,163,5747.49
1,2025-04-22,1,False,False,False,True,129.66,130,6644.89
2,2025-04-22,1,False,False,False,True,205.49,205,10453.37
3,2025-04-22,1,False,False,False,True,124.5,124,5896.09
4,2025-04-22,1,False,False,False,True,138.5,138,4925.86
5,2025-04-22,1,False,False,False,True,189.19,189,8846.51
6,2025-04-22,1,False,False,False,True,208.51,209,9333.91
7,2025-04-22,1,False,False,False,True,197.97,198,10016.02
8,2025-04-22,1,False,False,False,True,186.56,187,6738.95
9,2025-04-22,1,False,False,False,True,124.35,124,5901.0
10,2025-04-22,1,False,False,False,True,133.94,134,7143.51
11,2025-04-22,1,False,False,False,True,138.68,139,7560.48
12,2025-04-22,1,False,False,False,True,135.41,135,6694.06
1,2025-04-23,2,False,False,False,True,105.88,106,5157.57
2,2025-04-23,2,False,False,False,True,187.41,187,9166.16
3,2025-04-23,2,False,False,False,True,98.96,99,5399.54
4,2025-04-23,2,False,False,False,True,137.66,138,6709.49
5,2025-04-23,2,False,False,False,True,247.32,247,13540.9
6,2025-04-23,2,False,False,False,True,142.8,143,5625.42
7,2025-04-23,2,False,False,False,True,189.92,190,10076.26
8,2025-04-23,2,False,False,False,True,121.22,121,4928.08
9,2025-04-23,2,False,False,False,True,97.77,98,5080.89
10,2025-04-23,2,False,False,False,True,183.7,184,8174.82
11,2025-04-23,2,False,False,False,True,202.4,202,9494.96
12,2025-04-23,2,False,False,False,True,150.82,151,5744.5
1,2025-04-24,3,False,False,False,True,113.96,114,6236.47
2,2025-04-24,3,False,False,False,True,202.84,203,8146.28
3,2025-04-24,3,False,False,False,True,175.62,176,9542.77
4,2025-04-24,3,False,False,False,True,114.58,115,5058.28
5,2025-04-24,3,False,False,False,True,238.96,239,8480.59
6,2025-04-24,3,False,False,False,True,217.46,217,10367.84
7,2025-04-24,3,False,False,False,True,137.66,138,7121.05
8,2025-04-24,3,False,False,False,True,176.17,176,6196.69
9,2025-04-24,3,False,False,False,True,118.54,119,5469.92
10,2025-04-24,3,False,False,False,True,170.78,171,7882.47
11,2025-04-24,3,False,False,False,True,214.34,214,11510.96
12,2025-04-24,3,False,False,False,True,181.82,182,7530.25
1,2025-04-25,4,False,True,False,True,137.45,137,7306.23
2,2025-04-25,4,False,True,False,True,243.9,244,8966.26
3,2025-04-25,4,False,True,False,True,213.82,214,10192.0
4,2025-04-25,4,False,True,False,True,185.75,186,7381.83
5,2025-04-25,4,False,True,False,True,322.79,323,11377.39
6,2025-04-25,4,False,True,False,True,345.15,345,16486.73
7,2025-04-25,4,False,True,False,True,269.17,269,10045.41
8,2025-04-25,4,False,True,False,True,215.45,215,8534.15
9,2025-04-25,4,False,True,False,True,173.51,174,9374.37
10,2025-04-25,4,False,True,False,True,273.96,274,9611.47
11,2025-04-25,4,False,True,False,True,212.41,212,10899.38
12,2025-04-25,4,False,True,False,True,216.95,217,7653.16
1,2025-04-26,5,True,False,False,True,164.52,165,6017.32
2,2025-04-26,5,True,False,False,True,276.82,277,12620.05
3,2025-04-26,5,True,False,False,True,139.48,139,7224.98
4,2025-04-26,5,True,False,False,True,152.86,153,7364.56
5,2025-04-26,5,True,False,False,True,389.56,390,20153.92
6,2025-04-26,5,True,False,False,True,220.62,221,11185.16
7,2025-04-26,5,True,False,False,True,327.07,327,12527.66
8,2025-04-26,5,True,False,False,True,265.81,266,12853.9
9,2025-04-26,5,True,False,False,True,194.15,194,9549.0
10,2025-04-26,5,True,False,False,True,220.39,220,8782.31
11,2025-04-26,5,True,False,False,True,262.89,263,9249.58
12,2025-04-26,5,True,False,False,True,138.82,139,5020.17
1,2025-04-27,6,True,False,False,True,174.93,175,9538.87
2,2025-04-27,6,True,False,False,True,331.51,332,13301.8
3,2025-04-27,6,True,False,False,True,134.72,135,6975.66
4,2025-04-27,6,True,False,False,True,188.67,189,10015.43
5,2025-04-27,6,True,False,False,True,197.35,197,8428.01
6,2025-04-27,6,True,False,False,True,248.07,248,10282.7
7,2025-04-27,6,True,False,False,True,230.28,230,8999.02
8,2025-04-27,6,True,False,False,True,181.02,181,9379.32
9,2025-04-27,6,True,False,False,True,139.37,139,6129.46
10,2025-04-27,6,True,False,False,True,273.84,274,9769.19
11,2025-04-27,6,True,False,False,True,216.91,217,9586.2
12,2025-04-27,6,True,False,False,True,238.34,238,8934.2
1,2025-04-28,0,False,False,True,False,77.44,77,2958.29
2,2025-04-28,0,False,False,True,False,120.83,121,4839.52
3,2025-04-28,0,False,False,True,False,78.72,79,3030.6
4,2025-04-28,0,False,False,True,False,112.74,113,4294.62
5,2025-04-28,0,False,False,True,False,205.44,205,8479.68
6,2025-04-28,0,False,False,True,False,145.64,146,7725.7
7,2025-04-28,0,False,False,True,False,137.01,137,5595.73
8,2025-04-28,0,False,False,True,False,162.22,162,7498.43
9,2025-04-28,0,False,False,True,False,108.36,108,4449.0
10,2025-04-28,0,False,False,True,False,133.6,134,7233.95
11,2025-04-28,0,False,False,True,False,208.92,209,9029.3
12,2025-04-28,0,False,False,True,False,126.32,126,6179.67
1,2025-04-29,1,False,False,True,False,62.24,62,3152.17
2,2025-04-29,1,False,False,True,False,247.65,248,9725.08
3,2025-04-29,1,False,False,True,False,78.46,78,3699.57
4,2025-04-29,1,False,False,True,False,142.68,143,7436.09
5,2025-04-29,1,False,False,True,False,135.38,135,5017.22
6,2025-04-29,1,False,False,True,False,172.02,172,8005.54
7,2025-04-29,1,False,False,True,False,132.08,132,7031.46
8,2025-04-29,1,False,False,True,False,125.67,126,5232.46
9,2025-04-29,1,False,False,True,False,106.92,107,4406.28
10,2025-04-29,1,False,False,True,False,128.6,129,6449.82
11,2025-04-29,1,False,False,True,False,192.44,192,7768.07
12,2025-04-29,1,False,False,True,False,122.87,123,5752.64
1,2025-04-30,2,False,False,True,False,136.51,137,7011.12
2,2025-04-30,2,False,False,True,False,152.55,153,5377.23
3,2025-04-30,2,False,False,True,False,114.33,114,4647.82
4,2025-04-30,2,False,False,True,False,163.56,164,6841.17
5,2025-04-30,2,False,False,True,False,143.48,143,5199.76
6,2025-04-30,2,False,False,True,False,192.31,192,7827.0
7,2025-04-30,2,False,False,True,False,126.06,126,4993.4
8,2025-04-30,2,False,False,True,False,170.99,171,6924.89
9,2025-04-30,2,False,False,True,False,95.66,96,3443.14
10,2025-04-30,2,False,False,True,False,124.81,125,6560.88
11,2025-04-30,2,False,False,True,False,173.09,173,7535.92
12,2025-04-30,2,False,False,True,False,139.7,140,6729.0
1,2025-05-01,3,False,False,True,False,98.2,98,5056.69
2,2025-05-01,3,False,False,True,False,150.59,151,7647.86
3,2025-05-01,3,False,False,True,False,78.35,78,3717.55
4,2025-05-01,3,False,False,True,False,107.97,108,5903.52
5,2025-05-01,3,False,False,True,False,200.11,200,7567.23
6,2025-05-01,3,False,False,True,False,165.72,166,7862.31
7,2025-05-01,3,False,False,True,False,122.38,122,6452.18
8,2025-05-01,3,False,False,True,False,137.05,137,5691.97
9,2025-05-01,3,False,False,True,False,120.4,120,4635.41
10,2025-05-01,3,False,False,True,False,134.87,135,5653.95
11,2025-05-01,3,False,False,True,False,190.92,191,10298.52
12,2025-05-01,3,False,False,True,False,119.88,120,4257.12
1,2025-05-02,4,False,False,True,False,102.4,102,3758.09
2,2025-05-02,4,False,False,True,False,208.89,209,7455.46
3,2025-05-02,4,False,False,True,False,92.29,92,3912.79
4,2025-05-02,4,False,False,True,False,151.27,151,6946.14
5,2025-05-02,4,False,False,True,False,215.13,215,11705.61
6,2025-05-02,4,False,False,True,False,221.85,222,10556.61
7,2025-05-02,4,False,False,True,False,148.14,148,5353.36
8,2025-05-02,4,False,False,True,False,158.63,159,8311.51
9,2025-05-02,4,False,False,True,False,116.22,116,5211.28
10,2025-05-02,4,False,False,True,False,171.12,171,6296.55
11,2025-05-02,4,False,False,True,False,173.38,173,9257.91
12,2025-05-02,4,False,False,True,False,173.5,173,7174.08
1,2025-05-03,5,True,False,True,False,105.92,106,5112.34
2,2025-05-03,5,True,False,True,False,186.51,187,7460.77
3,2025-05-03,5,True,False,True,False,122.12,122,5394.71
4,2025-05-03,5,True,False,True,False,269.7,270,9748.07
5,2025-05-03,5,True,False,True,False,224.28,224,9041.73
6,2025-05-03,5,True,False,True,False,243.49,243,11245.15
7,2025-05-03,5,True,False,True,False,126.64,127,6697.36
8,2025-05-03,5,True,False,True,False,199.54,200,9272.4
9,2025-05-03,5,True,False,True,False,137.33,137,6091.37
10,2025-05-03,5,True,False,True,False,214.59,215,10572.1
11,2025-05-03,5,True,False,True,False,253.82,254,9882.35
12,2025-05-03,5,True,False,True,False,199.47,199,9458.56
1,2025-05-04,6,True,False,True,False,108.37,108,4337.41
2,2025-05-04,6,True,False,True,False,230.12,230,10081.51
3,2025-05-04,6,True,False,True,False,111.69,112,4773.41
4,2025-05-04,6,True,False,True,False,208.43,208,10524.5
5,2025-05-04,6,True,False,True,False,249.99,250,13248.78
6,2025-05-04,6,True,False,True,False,222.22,222,12155.61
7,2025-05-04,6,True,False,True,False,130.43,130,6850.77
8,2025-05-04,6,True,False,True,False,200.77,201,8736.21
9,2025-05-04,6,True,False,True,False,136.93,137,7152.37
10,2025-05-04,6,True,False,True,False,147.32,147,5888.62
11,2025-05-04,6,True,False,True,False,249.7,250,13680.1
12,2025-05-04,6,True,False,True,False,172.46,172,6989.55
1,2025-05-05,0,False,False,True,False,86.22,86,4336.37
2,2025-05-05,0,False,False,True,False,167.53,168,7168.33
3,2025-05-05,0,False,False,True,False,90.91,91,3650.94
4,2025-05-05,0,False,False,True,False,121.71,122,6607.99
5,2025-05-05,0,False,False,True,False,179.54,180,6732.45
6,2025-05-05,0,False,False,True,False,162.95,163,6518.92
7,2025-05-05,0,False,False,True,False,127.91,128,5683.24
8,2025-05-05,0,False,False,True,False,158.19,158,8212.63
9,2025-05-05,0,False,False,True,False,74.37,74,4063.69
10,2025-05-05,0,False,False,True,False,128.83,129,5311.17
11,2025-05-05,0,False,False,True,False,195.03,195,8364.01
12,2025-05-05,0,False,False,True,False,165.86,166,6351.19
1,2025-05-06,1,False,False,True,False,93.05,93,4771.8
2,2025-05-06,1,False,False,True,False,179.7,180,9857.94
3,2025-05-06,1,False,False,True,False,83.14,83,3445.09
4,2025-05-06,1,False,False,True,False,147.09,147,5218.77
5,2025-05-06,1,False,False,True,False,158.98,159,8285.67
6,2025-05-06,1,False,False,True,False,192.59,193,6770.81
7,2025-05-06,1,False,False,True,False,138.8,139,7157.31
8,2025-05-06,1,False,False,True,False,103.68,104,4799.02
9,2025-05-06,1,False,False,True,False,93.49,93,3603.83
10,2025-05-06,1,False,False,True,False,143.13,143,5876.98
11,2025-05-06,1,False,False,True,False,163.57,164,7842.12
12,2025-05-06,1,False,False,True,False,139.15,139,5253.44
1,2025-05-07,2,False,False,True,False,99.21,99,4610.31
2,2025-05-07,2,False,False,True,False,122.23,122,5090.18
3,2025-05-07,2,False,False,True,False,112.65,113,4731.37
4,2025-05-07,2,False,False,True,False,128.06,128,5415.45
5,2025-05-07,2,False,False,True,False,194.55,195,8437.6
6,2025-05-07,2,False,False,True,False,157.23,157,7850.62
7,2025-05-07,2,False,False,True,False,102.27,102,4797.78
8,2025-05-07,2,False,False,True,False,104.86,105,4325.73
9,2025-05-07,2,False,False,True,False,109.21,109,4630.89
10,2025-05-07,2,False,False,True,False,158.47,158,5790.19
11,2025-05-07,2,False,False,True,False,190.52,191,7074.41
12,2025-05-07,2,False,False,True,False,127.33,127,5311.68
1,2025-05-08,3,False,False,True,False,121.71,122,4653.5
2,2025-05-08,3,False,False,True,False,124.83,125,5734.84
3,2025-05-08,3,False,False,True,False,92.73,93,4578.12
4,2025-05-08,3,False,False,True,False,102.12,102,3992.58
5,2025-05-08,3,False,False,True,False,214.42,214,8397.79
6,2025-05-08,3,False,False,True,False,176.59,177,9442.96
7,2025-05-08,3,False,False,True,False,121.0,121,4895.01
8,2025-05-08,3,False,False,True,False,113.44,113,4570.05
9,2025-05-08,3,False,False,True,False,84.46,84,3626.53
10,2025-05-08,3,False,False,True,False,112.05,112,4709.26
11,2025-05-08,3,False,False,True,False,160.25,160,6747.43
12,2025-05-08,3,False,False,True,False,109.06,109,4607.2
1,2025-05-09,4,False,False,True,False,113.15,113,5751.7
2,2025-05-09,4,False,False,True,False,166.71,167,6643.77
3,2025-05-09,4,False,False,True,False,149.83,150,7171.99
4,2025-05-09,4,False,False,True,False,132.27,132,4971.02
5,2025-05-09,4,False,False,True,False,173.21,173,6850.41
6,2025-05-09,4,False,False,True,False,214.34,214,7702.01
7,2025-05-09,4,False,False,True,False,161.06,161,8647.27
8,2025-05-09,4,False,False,True,False,113.94,114,5737.92
9,2025-05-09,4,False,False,True,False,113.08,113,4886.61
10,2025-05-09,4,False,False,True,False,170.39,170,7127.5
11,2025-05-09,4,False,False,True,False,235.25,235,10906.87
12,2025-05-09,4,False,False,True,False,124.26,124,4349.33
1,2025-05-10,5,True,False,True,False,144.32,144,5197.24
2,2025-05-10,5,True,False,True,False,265.09,265,10453.71
3,2025-05-10,5,True,False,True,False,145.51,146,7574.59
4,2025-05-10,5,True,False,True,False,195.73,196,9616.53
5,2025-05-10,5,True,False,True,False,209.3,209,8713.02
6,2025-05-10,5,True,False,True,False,243.62,244,8725.96
7,2025-05-10,5,True,False,True,False,223.89,224,10361.92
8,2025-05-10,5,True,False,True,False,188.33,188,9886.61
9,2025-05-10,5,True,False,True,False,106.13,106,5640.7
10,2025-05-10,5,True,False,True,False,237.34,237,10789.89
11,2025-05-10,5,True,False,True,False,253.2,253,12580.34
12,2025-05-10,5,True,False,True,False,145.82,146,7626.04
1,2025-05-11,6,True,False,True,False,129.82,130,6206.44
2,2025-05-11,6,True,False,True,False,207.81,208,8997.4
3,2025-05-11,6,True,False,True,False,124.62,125,6650.24
4,2025-05-11,6,True,False,True,False,140.75,141,7590.22
5,2025-05-11,6,True,False,True,False,190.49,190,8855.54
6,2025-05-11,6,True,False,True,False,271.97,272,9985.66
7,2025-05-11,6,True,False,True,False,120.59,121,5552.5
8,2025-05-11,6,True,False,True,False,153.16,153,6183.38
9,2025-05-11,6,True,False,True,False,108.96,109,4244.7
10,2025-05-11,6,True,False,True,False,168.46,168,6151.61
11,2025-05-11,6,True,False,True,False,241.87,242,12528.52
12,2025-05-11,6,True,False,True,False,157.46,157,5967.34
1,2025-05-12,0,False,False,True,False,68.18,68,3199.5
2,2025-05-12,0,False,False,True,False,117.11,117,5533.09
3,2025-05-12,0,False,False,True,False,76.28,76,3436.02
4,2025-05-12,0,False,False,True,False,82.78,83,3312.97
5,2025-05-12,0,False,False,True,False,120.03,120,6364.2
6,2025-05-12,0,False,False,True,False,124.7,125,5646.77
7,2025-05-12,0,False,False,True,False,147.2,147,7369.12
8,2025-05-12,0,False,False,True,False,129.31,129,6436.09
9,2025-05-12,0,False,False,True,False,83.26,83,4093.8
10,2025-05-12,0,False,False,True,False,114.46,114,5230.18
11,2025-05-12,0,False,False,True,False,144.85,145,5340.48
12,2025-05-12,0,False,False,True,False,117.71,118,6124.71
1,2025-05-13,1,False,False,True,False,69.32,69,2905.27
2,2025-05-13,1,False,False,True,False,136.46,136,4991.56
3,2025-05-13,1,False,False,True,False,77.44,77,3675.99
4,2025-05-13,1,False,False,True,False,142.83,143,5151.62
5,2025-05-13,1,False,False,True,False,130.05,130,6486.45
6,2025-05-13,1,False,False,True,False,108.59,109,4959.32
7,2025-05-13,1,False,False,True,False,111.83,112,4749.67
8,2025-05-13,1,False,False,True,False,112.64,113,6184.03
9,2025-05-13,1,False,False,True,False,103.33,103,4988.74
10,2025-05-13,1,False,False,True,False,131.68,132,5182.18
11,2025-05-13,1,False,False,True,False,201.22,201,7997.63
12,2025-05-13,1,False,False,True,False,99.14,99,4403.77
1,2025-05-14,2,False,False,True,False,117.42,117,5863.51
2,2025-05-14,2,False,False,True,False,204.41,204,10272.97
3,2025-05-14,2,False,False,True,False,83.58,84,3545.92
4,2025-05-14,2,False,False,True,False,119.88,120,5318.47
5,2025-05-14,2,False,False,True,False,185.27,185,10087.36
6,2025-05-14,2,False,False,True,False,183.42,183,10035.98
7,2025-05-14,2,False,False,True,False,92.43,92,4706.61
8,2025-05-14,2,False,False,True,False,135.93,136,4981.68
9,2025-05-14,2,False,False,True,False,86.8,87,4378.65
10,2025-05-14,2,False,False,True,False,108.89,109,5878.64
11,2025-05-14,2,False,False,True,False,184.71,185,7150.15
12,2025-05-14,2,False,False,True,False,84.88,85,3415.31
1,2025-05-15,3,False,False,True,False,71.1,71,3329.42
2,2025-05-15,3,False,False,True,False,153.11,153,6042.72
3,2025-05-15,3,False,False,True,False,130.17,130,6117.08
4,2025-05-15,3,False,False,True,False,128.16,128,6362.02
5,2025-05-15,3,False,False,True,False,168.3,168,6786.19
6,2025-05-15,3,False,False,True,False,208.21,208,7791.95
7,2025-05-15,3,False,False,True,False,122.08,122,4749.93
8,2025-05-15,3,False,False,True,False,102.31,102,5210.38
9,2025-05-15,3,False,False,True,False,118.51,119,4958.77
10,2025-05-15,3,False,False,True,False,148.76,149,7526.18
11,2025-05-15,3,False,False,True,False,219.71,220,10901.72
12,2025-05-15,3,False,False,True,False,116.71,117,4118.25
1,2025-05-16,4,False,False,True,False,100.8,101,4764.4
2,2025-05-16,4,False,False,True,False,194.0,194,8712.62
3,2025-05-16,4,False,False,True,False,91.89,92,4172.72
4,2025-05-16,4,False,False,True,False,188.37,188,10077.35
5,2025-05-16,4,False,False,True,False,217.74,218,11736.62
6,2025-05-16,4,False,False,True,False,216.73,217,11635.52
7,2025-05-16,4,False,False,True,False,155.84,156,8413.43
8,2025-05-16,4,False,False,True,False,180.05,180,7941.4
9,2025-05-16,4,False,False,True,False,101.79,102,4154.74
10,2025-05-16,4,False,False,True,False,119.47,119,4455.12
11,2025-05-16,4,False,False,True,False,208.54,209,10813.28
12,2025-05-16,4,False,False,True,False,159.48,159,6766.44
1,2025-05-17,5,True,False,True,False,152.43,152,5526.27
2,2025-05-17,5,True,False,True,False,239.19,239,9204.44
3,2025-05-17,5,True,False,True,False,127.41,127,6656.62
4,2025-05-17,5,True,False,True,False,228.38,228,8962.47
5,2025-05-17,5,True,False,True,False,167.86,168,7207.12
6,2025-05-17,5,True,False,True,False,276.94,277,12311.92
7,2025-05-17,5,True,False,True,False,185.32,185,6913.91
8,2025-05-17,5,True,False,True,False,198.31,198,10564.22
9,2025-05-17,5,True,False,True,False,140.0,140,7629.79
10,2025-05-17,5,True,False,True,False,195.9,196,9961.72
11,2025-05-17,5,True,False,True,False,281.24,281,14071.54
12,2025-05-17,5,True,False,True,False,248.42,248,10550.27
1,2025-05-18,6,True,False,True,False,105.36,105,4874.77
2,2025-05-18,6,True,False,True,False,185.3,185,9707.46
3,2025-05-18,6,True,False,True,False,163.46,163,6676.23
4,2025-05-18,6,True,False,True,False,145.39,145,7224.81
5,2025-05-18,6,True,False,True,False,167.43,167,7945.1
6,2025-05-18,6,True,False,True,False,213.36,213,11111.15
7,2025-05-18,6,True,False,True,False,131.73,132,6846.53
8,2025-05-18,6,True,False,True,False,152.19,152,6372.31
9,2025-05-18,6,True,False,True,False,103.33,103,5579.98
10,2025-05-18,6,True,False,True,False,217.14,217,9669.01
11,2025-05-18,6,True,False,True,False,194.76,195,7990.43
12,2025-05-18,6,True,False,True,False,169.82,170,6597.74
1,2025-05-19,0,False,False,True,False,88.0,88,4591.58
2,2025-05-19,0,False,False,True,False,137.33,137,5509.05
3,2025-05-19,0,False,False,True,False,94.42,94,4757.31
4,2025-05-19,0,False,False,True,False,138.83,139,6721.87
5,2025-05-19,0,False,False,True,False,128.85,129,6559.1
6,2025-05-19,0,False,False,True,False,161.81,162,8627.32
7,2025-05-19,0,False,False,True,False,115.46,115,5011.59
8,2025-05-19,0,False,False,True,False,131.48,131,6700.88
9,2025-05-19,0,False,False,True,False,110.33,110,5559.03
10,2025-05-19,0,False,False,True,False,114.97,115,5695.46
11,2025-05-19,0,False,False,True,False,152.0,152,7159.03
12,2025-05-19,0,False,False,True,False,139.82,140,5598.39
1,2025-05-20,1,False,False,True,False,100.58,101,3934.2
2,2025-05-20,1,False,False,True,False,187.59,188,8900.82
3,2025-05-20,1,False,False,True,False,72.56,73,2832.81
4,2025-05-20,1,False,False,True,False,159.49,159,7892.72
5,2025-05-20,1,False,False,True,False,142.55,143,6803.3
6,2025-05-20,1,False,False,True,False,153.21,153,7949.04
7,2025-05-20,1,False,False,True,False,112.27,112,5094.05
8,2025-05-20,1,False,False,True,False,110.8,111,5922.76
9,2025-05-20,1,False,False,True,False,80.03,80,3670.53
10,2025-05-20,1,False,False,True,False,95.21,95,4237.67
11,2025-05-20,1,False,False,True,False,183.42,183,8560.71
12,2025-05-20,1,False,False,True,False,138.52,139,6422.35
1,2025-05-21,2,False,False,True,False,85.18,85,4630.02
2,2025-05-21,2,False,False,True,False,145.09,145,6681.56
3,2025-05-21,2,False,False,True,False,102.22,102,3834.96
4,2025-05-21,2,False,False,True,False,85.71,86,3234.51
5,2025-05-21,2,False,False,True,False,141.3,141,5349.36
6,2025-05-21,2,False,False,True,False,172.98,173,8457.69
7,2025-05-21,2,False,False,True,False,108.45,108,5306.69
8,2025-05-21,2,False,False,True,False,155.71,156,6834.59
9,2025-05-21,2,False,False,True,False,87.87,88,4202.85
10,2025-05-21,2,False,False,True,False,147.46,147,7031.26
11,2025-05-21,2,False,False,True,False,194.72,195,10262.69
12,2025-05-21,2,False,False,True,False,156.2,156,5560.41
1,2025-05-22,3,False,False,True,False,80.24,80,3113.19
2,2025-05-22,3,False,False,True,False,198.81,199,8791.04
3,2025-05-22,3,False,False,True,False,112.93,113,4046.99
4,2025-05-22,3,False,False,True,False,176.82,177,8394.68
5,2025-05-22,3,False,False,True,False,151.19,151,7253.59
6,2025-05-22,3,False,False,True,False,207.17,207,9041.13
7,2025-05-22,3,False,False,True,False,132.73,133,6896.82
8,2025-05-22,3,False,False,True,False,168.84,169,8330.94
9,2025-05-22,3,False,False,True,False,84.17,84,4511.49
10,2025-05-22,3,False,False,True,False,117.61,118,5016.79
11,2025-05-22,3,False,False,True,False,239.58,240,11384.48
12,2025-05-22,3,False,False,True,False,97.13,97,4982.34
1,2025-05-23,4,False,False,True,False,102.63,103,4724.39
2,2025-05-23,4,False,False,True,False,264.25,264,14383.57
3,2025-05-23,4,False,False,True,False,104.22,104,3896.72
4,2025-05-23,4,False,False,True,False,186.3,186,8052.01
5,2025-05-23,4,False,False,True,False,257.28,257,10614.63
6,2025-05-23,4,False,False,True,False,218.48,218,11381.07
7,2025-05-23,4,False,False,True,False,136.68,137,7141.32
8,2025-05-23,4,False,False,True,False,142.29,142,5592.26
9,2025-05-23,4,False,False,True,False,111.14,111,4411.73
10,2025-05-23,4,False,False,True,False,150.38,150,7437.27
11,2025-05-23,4,False,False,True,False,144.47,144,7350.88
12,2025-05-23,4,False,False,True,False,145.6,146,6096.47
1,2025-05-24,5,True,False,True,False,132.19,132,4884.24
2,2025-05-24,5,True,False,True,False,238.17,238,10922.67
3,2025-05-24,5,True,False,True,False,133.02,133,6875.23
4,2025-05-24,5,True,False,True,False,162.26,162,8671.52
5,2025-05-24,5,True,False,True,False,231.04,231,10742.6
6,2025-05-24,5,True,False,True,False,191.31,191,8709.91
7,2025-05-24,5,True,False,True,False,176.86,177,7434.16
8,2025-05-24,5,True,False,True,False,157.67,158,7089.79
9,2025-05-24,5,True,False,True,False,124.37,124,5073.68
10,2025-05-24,5,True,False,True,False,156.72,157,7731.87
11,2025-05-24,5,True,False,True,False,248.82,249,12383.47
12,2025-05-24,5,True,False,True,False,184.89,185,10142.55
1,2025-05-25,6,True,False,True,False,138.47,138,5768.51
2,2025-05-25,6,True,False,True,False,216.51,217,10336.32
3,2025-05-25,6,True,False,True,False,117.42,117,5526.02
4,2025-05-25,6,True,False,True,False,192.25,192,9953.22
5,2025-05-25,6,True,False,True,False,168.45,168,8465.92
6,2025-05-25,6,True,False,True,False,196.62,197,7218.04
7,2025-05-25,6,True,False,True,False,158.14,158,6696.75
8,2025-05-25,6,True,False,True,False,199.57,200,9668.61
9,2025-05-25,6,True,False,True,False,122.96,123,5632.34
10,2025-05-25,6,True,False,True,False,177.25,177,6889.22
11,2025-05-25,6,True,False,True,False,154.04,154,6573.35
12,2025-05-25,6,True,False,True,False,164.19,164,7471.97
1,2025-05-26,0,False,False,True,False,69.72,70,3120.1
2,2025-05-26,0,False,False,True,False,146.94,147,7491.42
3,2025-05-26,0,False,False,True,False,88.37,88,3453.8
4,2025-05-26,0,False,False,True,False,116.24,116,4403.84
5,2025-05-26,0,False,False,True,False,150.88,151,7535.18
6,2025-05-26,0,False,False,True,False,175.55,176,6829.24
7,2025-05-26,0,False,False,True,False,113.21,113,4540.22
8,2025-05-26,0,False,False,True,False,131.38,131,5270.32
9,2025-05-26,0,False,False,True,False,81.19,81,4211.01
10,2025-05-26,0,False,False,True,False,125.84,126,6455.6
11,2025-05-26,0,False,False,True,False,153.24,153,8129.71
12,2025-05-26,0,False,False,True,False,97.23,97,4121.06
1,2025-05-27,1,False,False,True,False,117.67,118,4857.63
2,2025-05-27,1,False,False,True,False,169.85,170,8278.28
3,2025-05-27,1,False,False,True,False,109.9,110,5432.99
4,2025-05-27,1,False,False,True,False,144.45,144,6010.43
5,2025-05-27,1,False,False,True,False,152.65,153,7543.2
6,2025-05-27,1,False,False,True,False,161.84,162,7601.1
7,2025-05-27,1,False,False,True,False,165.8,166,7467.97
8,2025-05-27,1,False,False,True,False,117.15,117,4408.71
9,2025-05-27,1,False,False,True,False,56.42,56,2153.7
10,2025-05-27,1,False,False,True,False,142.52,143,7737.85
11,2025-05-27,1,False,False,True,False,183.22,183,9619.13
12,2025-05-27,1,False,False,True,False,153.64,154,6587.97
1,2025-05-28,2,False,False,True,False,117.19,117,4149.21
2,2025-05-28,2,False,False,True,False,171.25,171,8141.18
3,2025-05-28,2,False,False,True,False,105.52,106,3855.71
4,2025-05-28,2,False,False,True,False,123.72,124,4484.09
5,2025-05-28,2,False,False,True,False,166.79,167,6348.81
6,2025-05-28,2,False,False,True,False,173.45,173,8640.94
7,2025-05-28,2,False,False,True,False,123.68,124,4893.36
8,2025-05-28,2,False,False,True,False,137.51,138,6529.1
9,2025-05-28,2,False,False,True,False,98.67,99,3788.43
10,2025-05-28,2,False,False,True,False,131.8,132,6403.86
11,2025-05-28,2,False,False,True,False,162.63,163,7566.16
12,2025-05-28,2,False,False,True,False,161.95,162,6458.0
1,2025-05-29,3,False,False,True,False,86.09,86,3203.6
2,2025-05-29,3,False,False,True,False,188.11,188,9078.25
3,2025-05-29,3,False,False,True,False,109.5,110,5919.43
4,2025-05-29,3,False,False,True,False,120.6,121,6557.94
5,2025-05-29,3,False,False,True,False,234.92,235,11332.35
6,2025-05-29,3,False,False,True,False,148.97,149,7523.51
7,2025-05-29,3,False,False,True,False,151.38,151,5744.8
8,2025-05-29,3,False,False,True,False,106.39,106,5517.57
9,2025-05-29,3,False,False,True,False,106.86,107,5873.35
10,2025-05-29,3,False,False,True,False,122.25,122,5119.49
11,2025-05-29,3,False,False,True,False,108.03,108,4730.27
12,2025-05-29,3,False,False,True,False,167.07,167,7259.71
1,2025-05-30,4,False,False,True,False,114.07,114,4217.38
2,2025-05-30,4,False,False,True,False,213.84,214,11400.55
3,2025-05-30,4,False,False,True,False,63.65,64,2757.26
4,2025-05-30,4,False,False,True,False,126.71,127,5306.97
5,2025-05-30,4,False,False,True,False,227.53,228,9352.56
6,2025-05-30,4,False,False,True,False,282.27,282,10839.88
7,2025-05-30,4,False,False,True,False,208.14,208,8240.36
8,2025-05-30,4,False,False,True,False,116.08,116,4859.39
9,2025-05-30,4,False,False,True,False,100.19,100,5297.63
10,2025-05-30,4,False,False,True,False,142.91,143,7828.9
11,2025-05-30,4,False,False,True,False,226.54,227,11860.3
12,2025-05-30,4,False,False,True,False,115.22,115,5713.02
1,2025-05-31,5,True,False,True,False,140.45,140,5618.02
2,2025-05-31,5,True,False,True,False,265.55,266,11171.41
3,2025-05-31,5,True,False,True,False,114.4,114,5107.13
4,2025-05-31,5,True,False,True,False,170.07,170,9007.04
5,2025-05-31,5,True,False,True,False,231.68,232,11004.81
6,2025-05-31,5,True,False,True,False,230.26,230,8424.7
7,2025-05-31,5,True,False,True,False,211.69,212,9210.53
8,2025-05-31,5,True,False,True,False,156.36,156,6263.05
9,2025-05-31,5,True,False,True,False,156.32,156,5498.82
10,2025-05-31,5,True,False,True,False,216.34,216,7720.5
11,2025-05-31,5,True,False,True,False,297.43,297,11124.49
12,2025-05-31,5,True,False,True,False,221.9,222,8153.16
1,2025-06-01,6,True,False,True,False,103.87,104,5088.34
2,2025-06-01,6,True,False,True,False,241.2,241,10099.47
3,2025-06-01,6,True,False,True,False,129.71,130,5136.51
4,2025-06-01,6,True,False,True,False,169.49,169,5924.69
5,2025-06-01,6,True,False,True,False,162.68,163,8003.19
6,2025-06-01,6,True,False,True,False,237.1,237,10910.98
7,2025-06-01,6,True,False,True,False,159.84,160,6883.08
8,2025-06-01,6,True,False,True,False,182.33,182,6427.84
9,2025-06-01,6,True,False,True,False,120.95,121,5242.33
10,2025-06-01,6,True,False,True,False,182.61,183,8520.29
11,2025-06-01,6,True,False,True,False,279.16,279,13480.49
12,2025-06-01,6,True,False,True,False,126.06,126,6366.65
1,2025-06-02,0,False,True,True,False,101.48,101,4900.68
2,2025-06-02,0,False,True,True,False,167.04,167,7987.34
3,2025-06-02,0,False,True,True,False,96.24,96,4318.68
4,2025-06-02,0,False,True,True,False,172.86,173,8258.29
5,2025-06-02,0,False,True,True,False,191.29,191,6777.04
6,2025-06-02,0,False,True,True,False,306.07,306,11337.79
7,2025-06-02,0,False,True,True,False,141.57,142,5103.12
8,2025-06-02,0,False,True,True,False,152.02,152,7668.16
9,2025-06-02,0,False,True,True,False,129.03,129,5562.64
10,2025-06-02,0,False,True,True,False,188.51,189,10068.57
11,2025-06-02,0,False,True,True,False,219.71,220,9562.5
12,2025-06-02,0,False,True,True,False,184.91,185,8503.75
1,2025-06-03,1,False,False,True,False,106.5,106,5641.24
2,2025-06-03,1,False,False,True,False,117.51,118,5884.1
3,2025-06-03,1,False,False,True,False,73.81,74,3344.27
4,2025-06-03,1,False,False,True,False,147.47,147,5205.69
5,2025-06-03,1,False,False,True,False,164.73,165,6995.2
6,2025-06-03,1,False,False,True,False,149.7,150,6701.29
7,2025-06-03,1,False,False,True,False,125.33,125,5326.68
8,2025-06-03,1,False,False,True,False,133.97,134,6007.31
9,2025-06-03,1,False,False,True,False,63.3,63,2608.28
10,2025-06-03,1,False,False,True,False,117.73,118,4911.4
11,2025-06-03,1,False,False,True,False,138.5,138,5259.23
12,2025-06-03,1,False,False,True,False,149.0,149,5721.07
1,2025-06-04,2,False,False,True,False,116.84,117,6379.93
2,2025-06-04,2,False,False,True,False,159.18,159,6360.83
3,2025-06-04,2,False,False,True,False,113.56,114,5149.82
4,2025-06-04,2,False,False,True,False,112.35,112,5728.39
5,2025-06-04,2,False,False,True,False,149.71,150,5525.59
6,2025-06-04,2,False,False,True,False,148.62,149,7640.06
7,2025-06-04,2,False,False,True,False,113.11,113,5001.85
8,2025-06-04,2,False,False,True,False,129.74,130,7026.96
9,2025-06-04,2,False,False,True,False,93.31,93,3801.21
10,2025-06-04,2,False,False,True,False,147.52,148,6350.77
11,2025-06-04,2,False,False,True,False,115.46,115,4797.66
12,2025-06-04,2,False,False,True,False,163.49,163,7531.74
1,2025-06-05,3,False,False,True,False,117.44,117,5854.32
2,2025-06-05,3,False,False,True,False,197.64,198,7345.12
3,2025-06-05,3,False,False,True,False,108.23,108,5133.82
4,2025-06-05,3,False,False,True,False,98.97,99,5004.69
5,2025-06-05,3,False,False,True,False,167.12,167,6552.24
6,2025-06-05,3,False,False,True,False,206.41,206,9141.96
7,2025-06-05,3,False,False,True,False,102.09,102,4216.0
8,2025-06-05,3,False,False,True,False,87.91,88,3652.04
9,2025-06-05,3,False,False,True,False,73.71,74,3427.3
10,2025-06-05,3,False,False,True,False,126.22,126,5075.92
11,2025-06-05,3,False,False,True,False,135.54,136,5674.84
12,2025-06-05,3,False,False,True,False,129.09,129,5540.05
1,2025-06-06,4,False,False,True,False,109.36,109,4673.85
2,2025-06-06,4,False,False,True,False,243.06,243,9132.25
3,2025-06-06,4,False,False,True,False,99.44,99,5107.06
4,2025-06-06,4,False,False,True,False,239.77,240,8779.82
5,2025-06-06,4,False,False,True,False,223.49,223,10672.46
6,2025-06-06,4,False,False,True,False,249.13,249,9381.7
7,2025-06-06,4,False,False,True,False,114.21,114,5768.48
8,2025-06-06,4,False,False,True,False,134.31,134,5148.25
9,2025-06-06,4,False,False,True,False,145.94,146,7000.62
10,2025-06-06,4,False,False,True,False,150.16,150,6871.94
11,2025-06-06,4,False,False,True,False,204.26,204,9386.36
12,2025-06-06,4,False,False,True,False,158.45,158,8411.58
1,2025-06-07,5,True,False,True,False,141.57,142,6823.75
2,2025-06-07,5,True,False,True,False,263.2,263,10264.17
3,2025-06-07,5,True,False,True,False,108.71,109,4111.27
4,2025-06-07,5,True,False,True,False,201.26,201,8725.92
5,2025-06-07,5,True,False,True,False,199.62,200,8703.44
6,2025-06-07,5,True,False,True,False,243.61,244,8775.31
7,2025-06-07,5,True,False,True,False,166.75,167,8370.08
8,2025-06-07,5,True,False,True,False,205.43,205,9808.38
9,2025-06-07,5,True,False,True,False,66.39,66,2845.72
10,2025-06-07,5,True,False,True,False,214.98,215,9865.43
11,2025-06-07,5,True,False,True,False,258.83,259,10779.95
12,2025-06-07,5,True,False,True,False,206.85,207,11165.79
1,2025-06-08,6,True,False,True,False,118.31,118,5272.51
2,2025-06-08,6,True,False,True,False,207.43,207,7584.23
3,2025-06-08,6,True,False,True,False,83.17,83,3348.6
4,2025-06-08,6,True,False,True,False,164.59,165,8772.52
5,2025-06-08,6,True,False,True,False,232.85,233,8296.85
6,2025-06-08,6,True,False,True,False,201.43,201,10212.58
7,2025-06-08,6,True,False,True,False,179.21,179,8758.94
8,2025-06-08,6,True,False,True,False,214.14,214,10388.18
9,2025-06-08,6,True,False,True,False,133.3,133,5892.48
10,2025-06-08,6,True,False,True,False,174.98,175,7933.69
11,2025-06-08,6,True,False,True,False,240.43,240,12509.87
12,2025-06-08,6,True,False,True,False,196.94,197,7655.39
1,2025-06-09,0,False,False,True,False,91.01,91,4254.74
2,2025-06-09,0,False,False,True,False,170.14,170,7053.53
3,2025-06-09,0,False,False,True,False,60.77,61,2475.03
4,2025-06-09,0,False,False,True,False,137.74,138,6954.33
5,2025-06-09,0,False,False,True,False,141.86,142,5032.61
6,2025-06-09,0,False,False,True,False,148.43,148,6099.0
7,2025-06-09,0,False,False,True,False,105.76,106,3967.75
8,2025-06-09,0,False,False,True,False,95.8,96,3962.98
9,2025-06-09,0,False,False,True,False,80.81,81,4131.07
10,2025-06-09,0,False,False,True,False,111.37,111,5782.47
11,2025-06-09,0,False,False,True,False,157.09,157,7886.24
12,2025-06-09,0,False,False,True,False,119.2,119,6219.8
1,2025-06-10,1,False,False,True,False,105.61,106,3779.59
2,2025-06-10,1,False,False,True,False,172.12,172,6303.41
3,2025-06-10,1,False,False,True,False,91.23,91,4158.66
4,2025-06-10,1,False,False,True,False,103.15,103,3733.01
5,2025-06-10,1,False,False,True,False,209.25,209,9925.07
6,2025-06-10,1,False,False,True,False,132.27,132,5954.96
7,2025-06-10,1,False,False,True,False,166.76,167,6849.75
8,2025-06-10,1,False,False,True,False,197.04,197,6923.0
9,2025-06-10,1,False,False,True,False,61.88,62,2371.88
10,2025-06-10,1,False,False,True,False,103.87,104,5589.16
11,2025-06-10,1,False,False,True,False,140.41,140,5477.43
12,2025-06-10,1,False,False,True,False,113.93,114,5992.97
1,2025-06-11,2,False,False,True,False,75.16,75,3024.11
2,2025-06-11,2,False,False,True,False,138.74,139,5120.4
3,2025-06-11,2,False,False,True,False,63.82,64,3098.6
4,2025-06-11,2,False,False,True,False,148.49,148,5714.2
5,2025-06-11,2,False,False,True,False,160.47,160,8002.96
6,2025-06-11,2,False,False,True,False,193.12,193,7006.19
7,2025-06-11,2,False,False,True,False,132.95,133,5942.42
8,2025-06-11,2,False,False,True,False,120.05,120,6597.06
9,2025-06-11,2,False,False,True,False,92.44,92,3403.43
10,2025-06-11,2,False,False,True,False,78.05,78,3986.72
11,2025-06-11,2,False,False,True,False,138.49,138,6857.34
12,2025-06-11,2,False,False,True,False,144.99,145,7284.56
1,2025-06-12,3,False,False,True,False,126.12,126,6821.53
2,2025-06-12,3,False,False,True,False,224.27,224,8803.56
3,2025-06-12,3,False,False,True,False,95.55,96,4582.5
4,2025-06-12,3,False,False,True,False,139.32,139,5522.28
5,2025-06-12,3,False,False,True,False,136.49,136,6386.56
6,2025-06-12,3,False,False,True,False,203.27,203,9062.99
7,2025-06-12,3,False,False,True,False,123.25,123,4357.21
8,2025-06-12,3,False,False,True,False,112.74,113,5386.18
9,2025-06-12,3,False,False,True,False,105.0,105,5030.09
10,2025-06-12,3,False,False,True,False,137.57,138,6960.13
11,2025-06-12,3,False,False,True,False,155.64,156,8155.75
12,2025-06-12,3,False,False,True,False,119.27,119,4846.99
1,2025-06-13,4,False,False,True,False,105.82,106,5114.42
2,2025-06-13,4,False,False,True,False,228.88,229,11677.55
3,2025-06-13,4,False,False,True,False,97.44,97,5202.82
4,2025-06-13,4,False,False,True,False,163.77,164,8561.33
5,2025-06-13,4,False,False,True,False,214.26,214,8825.56
6,2025-06-13,4,False,False,True,False,185.64,186,7352.36
7,2025-06-13,4,False,False,True,False,158.69,159,6435.69
8,2025-06-13,4,False,False,True,False,145.69,146,7516.98
9,2025-06-13,4,False,False,True,False,107.26,107,3996.28
10,2025-06-13,4,False,False,True,False,168.55,169,6762.38
11,2025-06-13,4,False,False,True,False,208.44,208,8676.28
12,2025-06-13,4,False,False,True,False,170.83,171,7584.68
1,2025-06-14,5,True,False,True,False,147.45,147,5553.23
2,2025-06-14,5,True,False,True,False,249.72,250,9872.73
3,2025-06-14,5,True,False,True,False,157.34,157,7902.3
4,2025-06-14,5,True,False,True,False,111.05,111,5855.94
5,2025-06-14,5,True,False,True,False,247.47,247,11826.71
6,2025-06-14,5,True,False,True,False,229.84,230,12271.55
7,2025-06-14,5,True,False,True,False,238.71,239,10175.2
8,2025-06-14,5,True,False,True,False,220.44,220,11380.21
9,2025-06-14,5,True,False,True,False,130.66,131,6160.27
10,2025-06-14,5,True,False,True,False,276.88,277,13638.07
11,2025-06-14,5,True,False,True,False,179.59,180,9795.83
12,2025-06-14,5,True,False,True,False,200.33,200,9147.6
1,2025-06-15,6,True,False,True,False,133.18,133,7268.93
2,2025-06-15,6,True,False,True,False,182.35,182,7529.74
3,2025-06-15,6,True,False,True,False,141.17,141,5264.26
4,2025-06-15,6,True,False,True,False,183.65,184,8296.91
5,2025-06-15,6,True,False,True,False,175.75,176,8449.77
6,2025-06-15,6,True,False,True,False,234.94,235,11292.08
7,2025-06-15,6,True,False,True,False,176.88,177,9451.79
8,2025-06-15,6,True,False,True,False,159.72,160,6106.0
9,2025-06-15,6,True,False,True,False,122.46,122,5102.12
10,2025-06-15,6,True,False,True,False,115.66,116,5824.98
11,2025-06-15,6,True,False,True,False,216.73,217,9998.9
12,2025-06-15,6,True,False,True,False,164.25,164,5855.69
1,2025-06-16,0,False,False,True,False,76.3,76,3314.63
2,2025-06-16,0,False,False,True,False,152.47,152,8096.43
3,2025-06-16,0,False,False,True,False,101.45,101,3746.32
4,2025-06-16,0,False,False,True,False,115.68,116,5098.14
5,2025-06-16,0,False,False,True,False,130.32,130,4654.1
6,2025-06-16,0,False,False,True,False,112.89,113,4941.48
7,2025-06-16,0,False,False,True,False,114.1,114,5040.6
8,2025-06-16,0,False,False,True,False,159.72,160,5915.06
9,2025-06-16,0,False,False,True,False,77.91,78,3333.5
10,2025-06-16,0,False,False,True,False,106.44,106,4649.22
11,2025-06-16,0,False,False,True,False,133.81,134,4991.72
12,2025-06-16,0,False,False,True,False,113.65,114,6227.31
1,2025-06-17,1,False,False,True,False,68.28,68,3314.79
2,2025-06-17,1,False,False,True,False,110.36,110,5612.81
3,2025-06-17,1,False,False,True,False,78.36,78,2789.67
4,2025-06-17,1,False,False,True,False,121.42,121,5043.4
5,2025-06-17,1,False,False,True,False,178.79,179,6670.41
6,2025-06-17,1,False,False,True,False,137.11,137,6497.11
7,2025-06-17,1,False,False,True,False,79.38,79,4108.66
8,2025-06-17,1,False,False,True,False,117.14,117,4930.13
9,2025-06-17,1,False,False,True,False,88.37,88,4014.17
10,2025-06-17,1,False,False,True,False,134.84,135,7032.15
11,2025-06-17,1,False,False,True,False,132.15,132,6268.0
12,2025-06-17,1,False,False,True,False,126.75,127,6941.68
1,2025-06-18,2,False,False,True,False,64.52,65,3562.0
2,2025-06-18,2,False,False,True,False,110.38,110,5199.89
3,2025-06-18,2,False,False,True,False,84.18,84,3525.72
4,2025-06-18,2,False,False,True,False,110.35,110,5961.75
5,2025-06-18,2,False,False,True,False,149.17,149,5875.98
6,2025-06-18,2,False,False,True,False,140.6,141,7660.67
7,2025-06-18,2,False,False,True,False,142.72,143,6545.49
8,2025-06-18,2,False,False,True,False,133.96,134,5802.26
9,2025-06-18,2,False,False,True,False,80.53,81,2913.95
10,2025-06-18,2,False,False,True,False,131.97,132,5088.57
11,2025-06-18,2,False,False,True,False,130.78,131,4912.54
12,2025-06-18,2,False,False,True,False,134.22,134,7078.06
1,2025-06-19,3,False,False,True,False,76.25,76,2956.5
2,2025-06-19,3,False,False,True,False,155.29,155,8509.62
3,2025-06-19,3,False,False,True,False,100.49,100,4872.74
4,2025-06-19,3,False,False,True,False,113.33,113,6213.33
5,2025-06-19,3,False,False,True,False,99.17,99,4074.35
6,2025-06-19,3,False,False,True,False,171.0,171,6368.24
7,2025-06-19,3,False,False,True,False,128.51,129,6107.44
8,2025-06-19,3,False,False,True,False,128.49,128,6771.72
9,2025-06-19,3,False,False,True,False,94.19,94,3642.86
10,2025-06-19,3,False,False,True,False,94.7,95,3625.48
11,2025-06-19,3,False,False,True,False,163.89,164,8439.16
12,2025-06-19,3,False,False,True,False,107.87,108,5136.08
1,2025-06-20,4,False,False,True,False,104.38,104,4390.63
2,2025-06-20,4,False,False,True,False,149.92,150,6516.16
3,2025-06-20,4,False,False,True,False,92.31,92,3764.81
4,2025-06-20,4,False,False,True,False,166.89,167,5878.13
5,2025-06-20,4,False,False,True,False,181.62,182,8709.25
6,2025-06-20,4,False,False,True,False,218.91,219,10401.6
7,2025-06-20,4,False,False,True,False,144.92,145,5719.42
8,2025-06-20,4,False,False,True,False,172.92,173,7905.58
9,2025-06-20,4,False,False,True,False,104.38,104,4005.77
10,2025-06-20,4,False,False,True,False,199.77,200,8597.34
11,2025-06-20,4,False,False,True,False,222.27,222,11071.22
12,2025-06-20,4,False,False,True,False,180.16,180,8135.47
1,2025-06-21,5,True,False,True,False,160.28,160,8492.46
2,2025-06-21,5,True,False,True,False,261.47,261,14274.29
3,2025-06-21,5,True,False,True,False,116.51,117,4754.27
4,2025-06-21,5,True,False,True,False,209.77,210,11388.74
5,2025-06-21,5,True,False,True,False,255.37,255,13224.62
6,2025-06-21,5,True,False,True,False,272.53,273,12386.63
7,2025-06-21,5,True,False,True,False,193.71,194,8747.58
8,2025-06-21,5,True,False,True,False,228.0,228,11864.08
9,2025-06-21,5,True,False,True,False,144.36,144,7742.86
10,2025-06-21,5,True,False,True,False,186.31,186,8854.78
11,2025-06-21,5,True,False,True,False,250.05,250,13343.29
12,2025-06-21,5,True,False,True,False,230.18,230,8281.22
1,2025-06-22,6,True,False,True,False,115.06,115,5252.83
2,2025-06-22,6,True,False,True,False,180.01,180,6553.57
3,2025-06-22,6,True,False,True,False,154.62,155,6266.56
4,2025-06-22,6,True,False,True,False,169.15,169,6896.4
5,2025-06-22,6,True,False,True,False,219.35,219,9897.92
6,2025-06-22,6,True,False,True,False,203.54,204,11125.36
7,2025-06-22,6,True,False,True,False,126.48,126,5595.89
8,2025-06-22,6,True,False,True,False,143.29,143,5776.64
9,2025-06-22,6,True,False,True,False,130.33,130,6593.71
10,2025-06-22,6,True,False,True,False,159.08,159,6705.02
11,2025-06-22,6,True,False,True,False,144.43,144,5203.39
12,2025-06-22,6,True,False,True,False,200.87,201,9428.68
1,2025-06-23,0,False,False,True,False,103.4,103,5038.43
2,2025-06-23,0,False,False,True,False,122.72,123,4601.05
3,2025-06-23,0,False,False,True,False,81.33,81,3058.33
4,2025-06-23,0,False,False,True,False,130.02,130,4962.43
5,2025-06-23,0,False,False,True,False,125.83,126,4478.92
6,2025-06-23,0,False,False,True,False,126.53,127,6407.7
7,2025-06-23,0,False,False,True,False,112.92,113,4653.17
8,2025-06-23,0,False,False,True,False,97.13,97,4616.46
9,2025-06-23,0,False,False,True,False,100.09,100,4432.08
10,2025-06-23,0,False,False,True,False,131.29,131,6876.35
11,2025-06-23,0,False,False,True,False,102.96,103,5369.11
12,2025-06-23,0,False,False,True,False,116.54,117,5135.94
1,2025-06-24,1,False,False,True,False,73.87,74,3382.71
2,2025-06-24,1,False,False,True,False,133.08,133,4982.94
3,2025-06-24,1,False,False,True,False,55.15,55,2525.18
4,2025-06-24,1,False,False,True,False,85.31,85,3604.77
5,2025-06-24,1,False,False,True,False,172.39,172,8030.53
6,2025-06-24,1,False,False,True,False,199.48,199,10304.49
7,2025-06-24,1,False,False,True,False,139.63,140,7667.37
8,2025-06-24,1,False,False,True,False,186.18,186,9322.19
9,2025-06-24,1,False,False,True,False,96.99,97,3497.51
10,2025-06-24,1,False,False,True,False,118.92,119,4712.55
11,2025-06-24,1,False,False,True,False,147.72,148,6833.92
12,2025-06-24,1,False,False,True,False,93.86,94,4540.33
1,2025-06-25,2,False,False,True,False,67.13,67,2725.33
2,2025-06-25,2,False,False,True,False,197.68,198,10123.77
3,2025-06-25,2,False,False,True,False,101.53,102,4050.68
4,2025-06-25,2,False,False,True,False,149.31,149,8183.19
5,2025-06-25,2,False,False,True,False,125.93,126,4455.49
6,2025-06-25,2,False,False,True,False,134.7,135,6212.08
7,2025-06-25,2,False,False,True,False,137.55,138,4832.07
8,2025-06-25,2,False,False,True,False,129.67,130,6520.3
9,2025-06-25,2,False,False,True,False,106.86,107,4027.41
10,2025-06-25,2,False,False,True,False,190.38,190,9744.7
11,2025-06-25,2,False,False,True,False,177.05,177,7491.66
12,2025-06-25,2,False,False,True,False,120.51,121,5701.11
1,2025-06-26,3,False,False,True,False,109.79,110,5556.38
2,2025-06-26,3,False,False,True,False,165.28,165,6475.23
3,2025-06-26,3,False,False,True,False,97.28,97,3576.0
4,2025-06-26,3,False,False,True,False,138.96,139,6922.14
5,2025-06-26,3,False,False,True,False,113.66,114,6184.88
6,2025-06-26,3,False,False,True,False,164.59,165,6868.46
7,2025-06-26,3,False,False,True,False,143.56,144,6235.65
8,2025-06-26,3,False,False,True,False,140.55,141,5408.1
9,2025-06-26,3,False,False,True,False,66.65,67,3448.22
10,2025-06-26,3,False,False,True,False,114.36,114,6163.32
11,2025-06-26,3,False,False,True,False,175.89,176,6398.92
12,2025-06-26,3,False,False,True,False,151.89,152,5941.29
1,2025-06-27,4,False,False,True,False,128.45,128,4869.08
2,2025-06-27,4,False,False,True,False,119.57,120,4828.66
3,2025-06-27,4,False,False,True,False,89.13,89,4026.13
4,2025-06-27,4,False,False,True,False,148.67,149,7255.9
5,2025-06-27,4,False,False,True,False,185.81,186,9357.37
6,2025-06-27,4,False,False,True,False,200.13,200,10755.48
7,2025-06-27,4,False,False,True,False,141.37,141,6598.67
8,2025-06-27,4,False,False,True,False,163.62,164,8081.09
9,2025-06-27,4,False,False,True,False,88.24,88,3365.75
10,2025-06-27,4,False,False,True,False,140.7,141,5413.57
11,2025-06-27,4,False,False,True,False,222.06,222,8723.33
12,2025-06-27,4,False,False,True,False,150.34,150,7656.29
1,2025-06-28,5,True,False,True,False,126.73,127,4745.71
2,2025-06-28,5,True,False,True,False,236.81,237,9218.43
3,2025-06-28,5,True,False,True,False,130.55,131,5569.05
4,2025-06-28,5,True,False,True,False,156.62,157,8591.24
5,2025-06-28,5,True,False,True,False,145.1,145,6366.7
6,2025-06-28,5,True,False,True,False,260.58,261,9389.3
7,2025-06-28,5,True,False,True,False,163.71,164,6485.2
8,2025-06-28,5,True,False,True,False,174.16,174,6802.86
9,2025-06-28,5,True,False,True,False,141.19,141,7562.69
10,2025-06-28,5,True,False,True,False,151.91,152,7213.38
11,2025-06-28,5,True,False,True,False,271.64,272,11502.77
12,2025-06-28,5,True,False,True,False,173.39,173,6091.44
1,2025-06-29,6,True,False,True,False,112.04,112,4708.11
2,2025-06-29,6,True,False,True,False,254.71,255,11756.2
3,2025-06-29,6,True,False,True,False,121.84,122,4988.9
4,2025-06-29,6,True,False,True,False,171.32,171,8999.15
5,2025-06-29,6,True,False,True,False,280.52,281,11838.68
6,2025-06-29,6,True,False,True,False,225.01,225,11129.02
7,2025-06-29,6,True,False,True,False,112.7,113,5538.9
8,2025-06-29,6,True,False,True,False,184.05,184,6879.59
9,2025-06-29,6,True,False,True,False,118.47,118,5549.64
10,2025-06-29,6,True,False,True,False,180.29,180,6648.29
11,2025-06-29,6,True,False,True,False,223.83,224,12190.82
12,2025-06-29,6,True,False,True,False,156.58,157,6807.49
1,2025-06-30,0,False,False,True,False,93.25,93,4536.62
2,2025-06-30,0,False,False,True,False,109.0,109,4389.21
3,2025-06-30,0,False,False,True,False,90.79,91,4478.49
4,2025-06-30,0,False,False,True,False,114.31,114,4524.21
5,2025-06-30,0,False,False,True,False,106.94,107,3927.48
6,2025-06-30,0,False,False,True,False,166.24,166,8338.78
7,2025-06-30,0,False,False,True,False,112.51,113,4877.4
8,2025-06-30,0,False,False,True,False,151.66,152,7145.79
9,2025-06-30,0,False,False,True,False,98.35,98,5204.96
10,2025-06-30,0,False,False,True,False,85.07,85,4114.33
11,2025-06-30,0,False,False,True,False,155.52,156,6348.47
12,2025-06-30,0,False,False,True,False,132.51,133,6910.84
1,2025-07-01,1,False,False,True,False,82.26,82,3555.29
2,2025-07-01,1,False,False,True,False,161.53,162,8873.89
3,2025-07-01,1,False,False,True,False,75.17,75,2807.64
4,2025-07-01,1,False,False,True,False,99.37,99,4847.16
5,2025-07-01,1,False,False,True,False,184.99,185,10053.15
6,2025-07-01,1,False,False,True,False,123.7,124,5442.62
7,2025-07-01,1,False,False,True,False,102.34,102,5584.97
8,2025-07-01,1,False,False,True,False,95.68,96,3394.1
9,2025-07-01,1,False,False,True,False,80.37,80,3816.58
10,2025-07-01,1,False,False,True,False,142.95,143,7763.13
11,2025-07-01,1,False,False,True,False,143.39,143,7566.61
12,2025-07-01,1,False,False,True,False,125.03,125,5665.62
1,2025-07-02,2,False,False,True,False,106.66,107,3951.26
2,2025-07-02,2,False,False,True,False,168.18,168,7074.02
3,2025-07-02,2,False,False,True,False,84.45,84,3642.5
4,2025-07-02,2,False,False,True,False,163.86,164,5968.96
5,2025-07-02,2,False,False,True,False,149.19,149,5241.29
6,2025-07-02,2,False,False,True,False,195.86,196,7224.31
7,2025-07-02,2,False,False,True,False,127.95,128,6101.9
8,2025-07-02,2,False,False,True,False,140.17,140,5434.24
9,2025-07-02,2,False,False,True,False,101.72,102,5241.54
10,2025-07-02,2,False,False,True,False,116.54,117,6120.74
11,2025-07-02,2,False,False,True,False,199.46,199,8974.56
12,2025-07-02,2,False,False,True,False,96.58,97,3821.68
1,2025-07-03,3,False,False,True,False,87.74,88,3948.22
2,2025-07-03,3,False,False,True,False,154.49,154,7258.16
3,2025-07-03,3,False,False,True,False,102.58,103,4458.97
4,2025-07-03,3,False,False,True,False,137.65,138,4990.58
5,2025-07-03,3,False,False,True,False,202.16,202,9492.51
6,2025-07-03,3,False,False,True,False,193.18,193,7209.3
7,2025-07-03,3,False,False,True,False,157.0,157,6580.92
8,2025-07-03,3,False,False,True,False,105.54,106,3865.98
9,2025-07-03,3,False,False,True,False,112.41,112,6140.16
10,2025-07-03,3,False,False,True,False,177.79,178,6250.76
11,2025-07-03,3,False,False,True,False,128.49,128,5999.16
12,2025-07-03,3,False,False,True,False,144.26,144,7842.76
1,2025-07-04,4,False,False,True,False,101.03,101,4130.68
2,2025-07-04,4,False,False,True,False,168.97,169,6564.83
3,2025-07-04,4,False,False,True,False,125.95,126,6412.47
4,2025-07-04,4,False,False,True,False,178.26,178,8866.2
5,2025-07-04,4,False,False,True,False,232.37,232,9782.56
6,2025-07-04,4,False,False,True,False,152.84,153,6727.9
7,2025-07-04,4,False,False,True,False,147.44,147,6972.18
8,2025-07-04,4,False,False,True,False,167.58,168,7594.38
9,2025-07-04,4,False,False,True,False,142.16,142,7131.16
10,2025-07-04,4,False,False,True,False,152.75,153,7747.36
11,2025-07-04,4,False,False,True,False,164.23,164,7142.18
12,2025-07-04,4,False,False,True,False,173.68,174,9063.89
1,2025-07-05,5,True,False,False,True,157.85,158,6760.5
2,2025-07-05,5,True,False,False,True,253.54,254,12370.6
3,2025-07-05,5,True,False,False,True,167.76,168,9141.73
4,2025-07-05,5,True,False,False,True,161.1,161,5745.35
5,2025-07-05,5,True,False,False,True,182.23,182,7819.08
6,2025-07-05,5,True,False,False,True,196.09,196,9356.87
7,2025-07-05,5,True,False,False,True,190.27,190,8837.2
8,2025-07-05,5,True,False,False,True,218.33,218,7864.9
9,2025-07-05,5,True,False,False,True,189.62,190,7229.37
10,2025-07-05,5,True,False,False,True,204.66,205,10031.88
11,2025-07-05,5,True,False,False,True,221.18,221,10276.28
12,2025-07-05,5,True,False,False,True,251.77,252,13306.56
1,2025-07-06,6,True,False,False,True,141.42,141,6289.08
2,2025-07-06,6,True,False,False,True,256.67,257,9069.23
3,2025-07-06,6,True,False,False,True,132.27,132,4912.58
4,2025-07-06,6,True,False,False,True,231.95,232,9721.24
5,2025-07-06,6,True,False,False,True,240.83,241,12400.71
6,2025-07-06,6,True,False,False,True,265.08,265,13215.38
7,2025-07-06,6,True,False,False,True,127.13,127,6045.36
8,2025-07-06,6,True,False,False,True,233.02,233,11450.59
9,2025-07-06,6,True,False,False,True,155.8,156,6024.24
10,2025-07-06,6,True,False,False,True,150.93,151,6120.83
11,2025-07-06,6,True,False,False,True,197.98,198,7917.86
12,2025-07-06,6,True,False,False,True,161.25,161,8195.34
1,2025-07-07,0,False,False,False,True,97.59,98,3959.9
2,2025-07-07,0,False,False,False,True,140.63,141,7409.38
3,2025-07-07,0,False,False,False,True,108.4,108,3831.08
4,2025-07-07,0,False,False,False,True,136.4,136,6125.42
5,2025-07-07,0,False,False,False,True,145.56,146,8008.78
6,2025-07-07,0,False,False,False,True,140.83,141,5757.1
7,2025-07-07,0,False,False,False,True,106.08,106,4249.1
8,2025-07-07,0,False,False,False,True,145.16,145,7363.71
9,2025-07-07,0,False,False,False,True,79.05,79,3248.24
10,2025-07-07,0,False,False,False,True,103.85,104,4685.57
11,2025-07-07,0,False,False,False,True,201.17,201,8268.55
12,2025-07-07,0,False,False,False,True,124.72,125,6181.18
1,2025-07-08,1,False,False,False,True,54.47,54,2056.7
2,2025-07-08,1,False,False,False,True,159.6,160,7244.05
3,2025-07-08,1,False,False,False,True,101.36,101,5336.24
4,2025-07-08,1,False,False,False,True,143.5,143,6779.03
5,2025-07-08,1,False,False,False,True,199.11,199,10288.7
6,2025-07-08,1,False,False,False,True,129.49,129,6277.51
7,2025-07-08,1,False,False,False,True,117.13,117,4189.47
8,2025-07-08,1,False,False,False,True,165.41,165,8505.44
9,2025-07-08,1,False,False,False,True,106.95,107,5351.85
10,2025-07-08,1,False,False,False,True,119.58,120,5415.9
11,2025-07-08,1,False,False,False,True,155.79,156,5680.08
12,2025-07-08,1,False,False,False,True,115.3,115,4883.94
1,2025-07-09,2,False,False,False,True,87.11,87,3446.4
2,2025-07-09,2,False,False,False,True,208.11,208,10704.98
3,2025-07-09,2,False,False,False,True,95.38,95,4288.58
4,2025-07-09,2,False,False,False,True,208.48,208,8450.83
5,2025-07-09,2,False,False,False,True,194.96,195,7624.54
6,2025-07-09,2,False,False,False,True,100.95,101,4669.84
7,2025-07-09,2,False,False,False,True,169.32,169,7847.47
8,2025-07-09,2,False,False,False,True,190.69,191,9082.15
9,2025-07-09,2,False,False,False,True,96.38,96,3746.45
10,2025-07-09,2,False,False,False,True,144.57,145,7562.34
11,2025-07-09,2,False,False,False,True,218.25,218,11781.03
12,2025-07-09,2,False,False,False,True,151.15,151,6660.83
1,2025-07-10,3,False,False,False,True,124.61,125,4955.91
2,2025-07-10,3,False,False,False,True,202.11,202,8523.08
3,2025-07-10,3,False,False,False,True,143.2,143,7041.83
4,2025-07-10,3,False,False,False,True,169.14,169,6020.09
5,2025-07-10,3,False,False,False,True,158.65,159,6342.8
6,2025-07-10,3,False,False,False,True,173.53,174,9144.5
7,2025-07-10,3,False,False,False,True,132.33,132,6449.54
8,2025-07-10,3,False,False,False,True,144.45,144,7471.82
9,2025-07-10,3,False,False,False,True,60.6,61,2777.79
10,2025-07-10,3,False,False,False,True,201.73,202,8757.95
11,2025-07-10,3,False,False,False,True,177.99,178,6317.2
12,2025-07-10,3,False,False,False,True,117.05,117,4659.91
1,2025-07-11,4,False,False,False,True,125.88,126,4799.5
2,2025-07-11,4,False,False,False,True,276.82,277,11615.52
3,2025-07-11,4,False,False,False,True,86.1,86,3116.13
4,2025-07-11,4,False,False,False,True,153.65,154,6389.39
5,2025-07-11,4,False,False,False,True,243.32,243,13311.51
6,2025-07-11,4,False,False,False,True,247.68,248,9180.84
7,2025-07-11,4,False,False,False,True,187.49,187,8300.64
8,2025-07-11,4,False,False,False,True,138.15,138,6185.55
9,2025-07-11,4,False,False,False,True,118.62,119,6148.86
10,2025-07-11,4,False,False,False,True,182.97,183,9444.9
11,2025-07-11,4,False,False,False,True,196.11,196,8252.26
12,2025-07-11,4,False,False,False,True,155.87,156,6265.16
1,2025-07-12,5,True,False,False,True,129.5,130,6486.22
2,2025-07-12,5,True,False,False,True,290.22,290,13188.77
3,2025-07-12,5,True,False,False,True,155.96,156,6373.74
4,2025-07-12,5,True,False,False,True,226.55,227,11889.78
5,2025-07-12,5,True,False,False,True,265.25,265,13532.53
6,2025-07-12,5,True,False,False,True,198.93,199,10934.1
7,2025-07-12,5,True,False,False,True,184.69,185,7824.64
8,2025-07-12,5,True,False,False,True,202.31,202,8794.33
9,2025-07-12,5,True,False,False,True,166.4,166,8318.85
10,2025-07-12,5,True,False,False,True,275.6,276,13823.01
11,2025-07-12,5,True,False,False,True,290.21,290,14857.8
12,2025-07-12,5,True,False,False,True,181.89,182,8665.83
1,2025-07-13,6,True,False,False,True,102.63,103,4772.08
2,2025-07-13,6,True,False,False,True,219.65,220,10768.16
3,2025-07-13,6,True,False,False,True,229.69,230,11964.26
4,2025-07-13,6,True,False,False,True,186.42,186,6634.83
5,2025-07-13,6,True,False,False,True,237.39,237,8373.05
6,2025-07-13,6,True,False,False,True,242.99,243,13167.82
7,2025-07-13,6,True,False,False,True,205.46,205,7552.13
8,2025-07-13,6,True,False,False,True,178.43,178,7072.14
9,2025-07-13,6,True,False,False,True,133.7,134,5738.44
10,2025-07-13,6,True,False,False,True,174.25,174,7752.13
11,2025-07-13,6,True,False,False,True,252.87,253,10276.77
12,2025-07-13,6,True,False,False,True,153.89,154,5775.12
1,2025-07-14,0,False,False,False,True,81.32,81,4191.13
2,2025-07-14,0,False,False,False,True,175.42,175,9321.19
3,2025-07-14,0,False,False,False,True,90.26,90,4682.37
4,2025-07-14,0,False,False,False,True,149.0,149,6987.27
5,2025-07-14,0,False,False,False,True,198.81,199,7328.61
6,2025-07-14,0,False,False,False,True,157.77,158,6558.0
7,2025-07-14,0,False,False,False,True,116.44,116,5751.2
8,2025-07-14,0,False,False,False,True,153.11,153,5604.38
9,2025-07-14,0,False,False,False,True,113.51,114,4365.17
10,2025-07-14,0,False,False,False,True,128.32,128,6517.28
11,2025-07-14,0,False,False,False,True,157.82,158,6651.93
12,2025-07-14,0,False,False,False,True,151.73,152,7802.57
1,2025-07-15,1,False,False,False,True,93.15,93,3794.32
2,2025-07-15,1,False,False,False,True,189.96,190,7201.09
3,2025-07-15,1,False,False,False,True,82.83,83,3597.81
4,2025-07-15,1,False,False,False,True,162.9,163,7387.42
5,2025-07-15,1,False,False,False,True,223.02,223,11646.45
6,2025-07-15,1,False,False,False,True,248.68,249,9511.56
7,2025-07-15,1,False,False,False,True,117.69,118,5315.17
8,2025-07-15,1,False,False,False,True,145.4,145,7267.97
9,2025-07-15,1,False,False,False,True,99.94,100,4345.28
10,2025-07-15,1,False,False,False,True,133.27,133,5741.41
11,2025-07-15,1,False,False,False,True,188.48,188,7057.02
12,2025-07-15,1,False,False,False,True,150.52,151,6216.38
1,2025-07-16,2,False,False,False,True,116.74,117,4395.76
2,2025-07-16,2,False,False,False,True,203.34,203,10847.27
3,2025-07-16,2,False,False,False,True,108.08,108,5716.28
4,2025-07-16,2,False,False,False,True,164.41,164,6569.78
5,2025-07-16,2,False,False,False,True,209.95,210,8944.3
6,2025-07-16,2,False,False,False,True,203.47,203,10832.15
7,2025-07-16,2,False,False,False,True,106.96,107,4550.3
8,2025-07-16,2,False,False,False,True,135.55,136,7050.48
9,2025-07-16,2,False,False,False,True,121.13,121,5283.37
10,2025-07-16,2,False,False,False,True,164.62,165,8279.03
11,2025-07-16,2,False,False,False,True,173.72,174,8821.0
12,2025-07-16,2,False,False,False,True,144.9,145,7526.35
1,2025-07-17,3,False,False,False,True,120.29,120,4995.48
2,2025-07-17,3,False,False,False,True,122.82,123,6329.19
3,2025-07-17,3,False,False,False,True,98.78,99,4542.37
4,2025-07-17,3,False,False,False,True,162.79,163,7566.82
5,2025-07-17,3,False,False,False,True,211.59,212,10726.23
6,2025-07-17,3,False,False,False,True,186.29,186,6765.54
7,2025-07-17,3,False,False,False,True,150.61,151,7598.79
8,2025-07-17,3,False,False,False,True,140.66,141,6463.79
9,2025-07-17,3,False,False,False,True,112.16,112,5137.12
10,2025-07-17,3,False,False,False,True,152.5,153,7971.68
11,2025-07-17,3,False,False,False,True,250.16,250,11788.24
12,2025-07-17,3,False,False,False,True,164.18,164,7137.8
1,2025-07-18,4,False,False,False,True,144.33,144,5354.38
2,2025-07-18,4,False,False,False,True,205.65,206,7402.18
3,2025-07-18,4,False,False,False,True,109.19,109,4316.45
4,2025-07-18,4,False,False,False,True,158.59,159,6734.56
5,2025-07-18,4,False,False,False,True,254.63,255,11072.91
6,2025-07-18,4,False,False,False,True,181.2,181,7185.8
7,2025-07-18,4,False,False,False,True,168.19,168,9094.1
8,2025-07-18,4,False,False,False,True,229.62,230,8240.65
9,2025-07-18,4,False,False,False,True,120.17,120,5611.73
10,2025-07-18,4,False,False,False,True,179.57,180,9162.82
11,2025-07-18,4,False,False,False,True,212.9,213,10069.56
12,2025-07-18,4,False,False,False,True,178.26,178,9616.45
1,2025-07-19,5,True,False,False,True,129.61,130,6577.67
2,2025-07-19,5,True,False,False,True,198.65,199,9647.22
3,2025-07-19,5,True,False,False,True,145.46,145,5647.92
4,2025-07-19,5,True,False,False,True,211.17,211,7782.43
5,2025-07-19,5,True,False,False,True,320.49,320,11294.97
6,2025-07-19,5,True,False,False,True,183.67,184,6466.9
7,2025-07-19,5,True,False,False,True,195.46,195,10703.18
8,2025-07-19,5,True,False,False,True,235.41,235,12045.34
9,2025-07-19,5,True,False,False,True,179.83,180,6734.17
10,2025-07-19,5,True,False,False,True,182.99,183,7984.86
11,2025-07-19,5,True,False,False,True,236.54,237,12673.31
12,2025-07-19,5,True,False,False,True,214.91,215,8269.31
1,2025-07-20,6,True,False,False,True,137.18,137,5174.12
2,2025-07-20,6,True,False,False,True,305.37,305,15051.41
3,2025-07-20,6,True,False,False,True,71.03,71,2757.09
4,2025-07-20,6,True,False,False,True,141.01,141,7166.42
5,2025-07-20,6,True,False,False,True,244.13,244,12045.39
6,2025-07-20,6,True,False,False,True,262.74,263,11608.66
7,2025-07-20,6,True,False,False,True,223.78,224,8479.75
8,2025-07-20,6,True,False,False,True,161.0,161,7984.91
9,2025-07-20,6,True,False,False,True,176.61,177,8777.36
10,2025-07-20,6,True,False,False,True,181.01,181,6872.56
11,2025-07-20,6,True,False,False,True,270.65,271,12303.44
12,2025-07-20,6,True,False,False,True,222.65,223,8984.35
1,2025-07-21,0,False,False,True,False,70.58,71,2926.98
2,2025-07-21,0,False,False,True,False,151.26,151,7781.36
3,2025-07-21,0,False,False,True,False,107.23,107,4531.74
4,2025-07-21,0,False,False,True,False,106.73,107,4796.34
5,2025-07-21,0,False,False,True,False,154.75,155,8393.69
6,2025-07-21,0,False,False,True,False,145.3,145,5248.61
7,2025-07-21,0,False,False,True,False,119.52,120,4635.43
8,2025-07-21,0,False,False,True,False,113.29,113,5538.49
9,2025-07-21,0,False,False,True,False,77.17,77,4213.27
10,2025-07-21,0,False,False,True,False,139.79,140,6714.03
11,2025-07-21,0,False,False,True,False,156.3,156,8336.98
12,2025-07-21,0,False,False,True,False,130.19,130,5536.55
1,2025-07-22,1,False,False,True,False,100.43,100,4692.9
2,2025-07-22,1,False,False,True,False,112.56,113,5181.01
3,2025-07-22,1,False,False,True,False,99.99,100,3870.83
4,2025-07-22,1,False,False,True,False,138.65,139,6215.95
5,2025-07-22,1,False,False,True,False,178.55,179,7821.17
6,2025-07-22,1,False,False,True,False,160.31,160,8507.81
7,2025-07-22,1,False,False,True,False,134.06,134,6194.79
8,2025-07-22,1,False,False,True,False,118.0,118,5104.93
9,2025-07-22,1,False,False,True,False,102.58,103,4552.35
10,2025-07-22,1,False,False,True,False,118.39,118,5533.96
11,2025-07-22,1,False,False,True,False,135.82,136,5082.0
12,2025-07-22,1,False,False,True,False,102.92,103,3761.01
1,2025-07-23,2,False,False,True,False,92.63,93,4529.82
2,2025-07-23,2,False,False,True,False,181.06,181,9231.55
3,2025-07-23,2,False,False,True,False,105.84,106,4921.76
4,2025-07-23,2,False,False,True,False,102.47,102,3803.13
5,2025-07-23,2,False,False,True,False,145.26,145,7012.12
6,2025-07-23,2,False,False,True,False,128.59,129,5644.91
7,2025-07-23,2,False,False,True,False,128.15,128,4592.15
8,2025-07-23,2,False,False,True,False,86.59,87,3442.13
9,2025-07-23,2,False,False,True,False,99.31,99,4281.37
10,2025-07-23,2,False,False,True,False,106.74,107,3934.15
11,2025-07-23,2,False,False,True,False,153.13,153,5437.41
12,2025-07-23,2,False,False,True,False,167.0,167,7418.2
1,2025-07-24,3,False,False,True,False,88.26,88,3203.32
2,2025-07-24,3,False,False,True,False,138.63,139,7481.98
3,2025-07-24,3,False,False,True,False,125.77,126,4877.84
4,2025-07-24,3,False,False,True,False,160.37,160,8055.05
5,2025-07-24,3,False,False,True,False,176.46,176,6515.9
6,2025-07-24,3,False,False,True,False,196.68,197,7138.57
7,2025-07-24,3,False,False,True,False,135.49,135,5419.41
8,2025-07-24,3,False,False,True,False,126.66,127,4892.72
9,2025-07-24,3,False,False,True,False,124.25,124,6341.65
10,2025-07-24,3,False,False,True,False,166.15,166,6916.89
11,2025-07-24,3,False,False,True,False,197.93,198,7136.82
12,2025-07-24,3,False,False,True,False,135.06,135,6742.27
1,2025-07-25,4,False,False,True,False,125.46,125,4824.45
2,2025-07-25,4,False,False,True,False,214.5,215,7847.89
3,2025-07-25,4,False,False,True,False,87.02,87,3318.32
4,2025-07-25,4,False,False,True,False,185.8,186,9647.8
5,2025-07-25,4,False,False,True,False,229.14,229,9793.11
6,2025-07-25,4,False,False,True,False,219.46,219,7787.22
7,2025-07-25,4,False,False,True,False,164.73,165,6185.52
8,2025-07-25,4,False,False,True,False,169.06,169,6233.64
9,2025-07-25,4,False,False,True,False,92.02,92,4544.78
10,2025-07-25,4,False,False,True,False,157.58,158,6781.39
11,2025-07-25,4,False,False,True,False,183.36,183,8032.44
12,2025-07-25,4,False,False,True,False,149.33,149,8185.69
1,2025-07-26,5,True,False,True,False,172.24,172,6239.33
2,2025-07-26,5,True,False,True,False,234.64,235,12716.44
3,2025-07-26,5,True,False,True,False,179.44,179,8893.27
4,2025-07-26,5,True,False,True,False,219.29,219,9626.69
5,2025-07-26,5,True,False,True,False,217.43,217,7801.56
6,2025-07-26,5,True,False,True,False,298.96,299,14926.9
7,2025-07-26,5,True,False,True,False,208.42,208,11285.31
8,2025-07-26,5,True,False,True,False,158.97,159,6009.34
9,2025-07-26,5,True,False,True,False,125.63,126,5571.54
10,2025-07-26,5,True,False,True,False,227.73,228,11008.45
11,2025-07-26,5,True,False,True,False,239.95,240,9695.84
12,2025-07-26,5,True,False,True,False,163.65,164,6466.39
1,2025-07-27,6,True,False,True,False,128.57,129,6553.0
2,2025-07-27,6,True,False,True,False,197.69,198,7609.71
3,2025-07-27,6,True,False,True,False,109.11,109,4522.46
4,2025-07-27,6,True,False,True,False,137.68,138,6581.97
5,2025-07-27,6,True,False,True,False,222.3,222,10907.8
6,2025-07-27,6,True,False,True,False,259.78,260,13649.93
7,2025-07-27,6,True,False,True,False,182.13,182,8501.57
8,2025-07-27,6,True,False,True,False,172.04,172,6373.11
9,2025-07-27,6,True,False,True,False,104.48,104,4419.97
10,2025-07-27,6,True,False,True,False,178.36,178,7411.42
11,2025-07-27,6,True,False,True,False,214.41,214,9266.87
12,2025-07-27,6,True,False,True,False,141.18,141,6873.46
1,2025-07-28,0,False,False,True,False,70.74,71,3537.65
2,2025-07-28,0,False,False,True,False,153.66,154,5522.47
3,2025-07-28,0,False,False,True,False,109.75,110,3928.94
4,2025-07-28,0,False,False,True,False,150.11,150,6781.71
5,2025-07-28,0,False,False,True,False,158.95,159,6255.65
6,2025-07-28,0,False,False,True,False,165.75,166,9040.04
7,2025-07-28,0,False,False,True,False,128.88,129,6581.7
8,2025-07-28,0,False,False,True,False,131.06,131,5122.3
9,2025-07-28,0,False,False,True,False,94.16,94,4469.7
10,2025-07-28,0,False,False,True,False,143.01,143,5041.13
11,2025-07-28,0,False,False,True,False,172.12,172,9127.98
12,2025-07-28,0,False,False,True,False,82.92,83,3497.49
1,2025-07-29,1,False,False,True,False,89.71,90,4878.9
2,2025-07-29,1,False,False,True,False,138.71,139,6351.9
3,2025-07-29,1,False,False,True,False,79.69,80,4147.88
4,2025-07-29,1,False,False,True,False,93.11,93,4680.28
5,2025-07-29,1,False,False,True,False,124.16,124,6063.67
6,2025-07-29,1,False,False,True,False,117.57,118,6016.21
7,2025-07-29,1,False,False,True,False,95.86,96,3766.75
8,2025-07-29,1,False,False,True,False,128.87,129,6132.14
9,2025-07-29,1,False,False,True,False,100.23,100,4314.83
10,2025-07-29,1,False,False,True,False,127.36,127,5707.94
11,2025-07-29,1,False,False,True,False,200.82,201,10522.08
12,2025-07-29,1,False,False,True,False,131.76,132,5732.92
1,2025-07-30,2,False,False,True,False,116.72,117,4627.02
2,2025-07-30,2,False,False,True,False,132.7,133,6777.76
3,2025-07-30,2,False,False,True,False,79.86,80,3508.62
4,2025-07-30,2,False,False,True,False,147.42,147,7901.47
5,2025-07-30,2,False,False,True,False,141.99,142,5055.57
6,2025-07-30,2,False,False,True,False,122.29,122,4889.96
7,2025-07-30,2,False,False,True,False,111.02,111,4816.54
8,2025-07-30,2,False,False,True,False,140.41,140,4992.2
9,2025-07-30,2,False,False,True,False,122.13,122,4738.06
10,2025-07-30,2,False,False,True,False,119.1,119,5225.87
11,2025-07-30,2,False,False,True,False,127.88,128,5970.97
12,2025-07-30,2,False,False,True,False,103.27,103,5168.22
1,2025-07-31,3,False,False,True,False,102.15,102,4655.12
2,2025-07-31,3,False,False,True,False,164.12,164,6959.78
3,2025-07-31,3,False,False,True,False,91.1,91,4188.99
4,2025-07-31,3,False,False,True,False,137.04,137,5067.14
5,2025-07-31,3,False,False,True,False,197.11,197,9451.34
6,2025-07-31,3,False,False,True,False,164.8,165,8153.8
7,2025-07-31,3,False,False,True,False,156.0,156,8508.33
8,2025-07-31,3,False,False,True,False,86.96,87,4447.25
9,2025-07-31,3,False,False,True,False,100.31,100,4628.16
10,2025-07-31,3,False,False,True,False,154.28,154,6392.71
11,2025-07-31,3,False,False,True,False,152.01,152,5802.41
12,2025-07-31,3,False,False,True,False,149.59,150,7468.93
1,2025-08-01,4,False,False,True,False,91.07,91,4685.29
2,2025-08-01,4,False,False,True,False,192.11,192,8532.26
3,2025-08-01,4,False,False,True,False,82.75,83,3583.69
4,2025-08-01,4,False,False,True,False,114.93,115,4464.46
5,2025-08-01,4,False,False,True,False,241.24,241,13071.3
6,2025-08-01,4,False,False,True,False,204.6,205,8055.29
7,2025-08-01,4,False,False,True,False,142.52,143,6951.06
8,2025-08-01,4,False,False,True,False,162.11,162,6953.34
9,2025-08-01,4,False,False,True,False,84.01,84,4346.9
10,2025-08-01,4,False,False,True,False,187.41,187,8892.03
11,2025-08-01,4,False,False,True,False,253.54,254,11092.03
12,2025-08-01,4,False,False,True,False,133.37,133,6345.78
1,2025-08-02,5,True,False,True,False,155.61,156,7759.73
2,2025-08-02,5,True,False,True,False,224.9,225,8541.73
3,2025-08-02,5,True,False,True,False,146.46,146,6126.31
4,2025-08-02,5,True,False,True,False,152.26,152,7944.52
5,2025-08-02,5,True,False,True,False,243.11,243,11790.9
6,2025-08-02,5,True,False,True,False,210.11,210,11228.99
7,2025-08-02,5,True,False,True,False,140.79,141,5311.84
8,2025-08-02,5,True,False,True,False,155.02,155,8075.64
9,2025-08-02,5,True,False,True,False,151.85,152,6402.15
10,2025-08-02,5,True,False,True,False,200.33,200,9318.1
11,2025-08-02,5,True,False,True,False,236.99,237,11171.16
12,2025-08-02,5,True,False,True,False,155.46,155,8315.08
1,2025-08-03,6,True,False,True,False,76.9,77,3088.17
2,2025-08-03,6,True,False,True,False,263.6,264,11967.15
3,2025-08-03,6,True,False,True,False,132.64,133,5543.54
4,2025-08-03,6,True,False,True,False,196.65,197,7614.81
5,2025-08-03,6,True,False,True,False,251.67,252,13830.49
6,2025-08-03,6,True,False,True,False,209.14,209,8552.79
7,2025-08-03,6,True,False,True,False,173.47,173,7434.02
8,2025-08-03,6,True,False,True,False,126.25,126,5932.85
9,2025-08-03,6,True,False,True,False,123.17,123,5638.76
10,2025-08-03,6,True,False,True,False,168.33,168,7385.35
11,2025-08-03,6,True,False,True,False,263.29,263,9440.49
12,2025-08-03,6,True,False,True,False,142.59,143,5508.99
1,2025-08-04,0,False,False,True,False,68.7,69,2829.27
2,2025-08-04,0,False,False,True,False,149.8,150,5313.62
3,2025-08-04,0,False,False,True,False,81.58,82,4097.78
4,2025-08-04,0,False,False,True,False,100.54,101,3626.59
5,2025-08-04,0,False,False,True,False,167.19,167,6707.9
6,2025-08-04,0,False,False,True,False,107.23,107,4198.54
7,2025-08-04,0,False,False,True,False,103.74,104,4566.65
8,2025-08-04,0,False,False,True,False,128.89,129,6491.47
9,2025-08-04,0,False,False,True,False,64.16,64,3507.26
10,2025-08-04,0,False,False,True,False,112.85,113,6120.3
11,2025-08-04,0,False,False,True,False,171.04,171,6207.11
12,2025-08-04,0,False,False,True,False,79.5,79,2906.9
1,2025-08-05,1,False,False,True,False,93.46,93,3416.97
2,2025-08-05,1,False,False,True,False,162.01,162,5939.67
3,2025-08-05,1,False,False,True,False,91.9,92,4693.68
4,2025-08-05,1,False,False,True,False,130.77,131,4735.37
5,2025-08-05,1,False,False,True,False,152.12,152,6043.43
6,2025-08-05,1,False,False,True,False,130.65,131,6791.24
7,2025-08-05,1,False,False,True,False,179.61,180,6987.99
8,2025-08-05,1,False,False,True,False,148.57,149,7927.59
9,2025-08-05,1,False,False,True,False,86.3,86,4012.7
10,2025-08-05,1,False,False,True,False,99.6,100,4179.71
11,2025-08-05,1,False,False,True,False,138.03,138,4895.96
12,2025-08-05,1,False,False,True,False,107.55,108,5369.05
1,2025-08-06,2,False,False,True,False,84.44,84,4231.92
2,2025-08-06,2,False,False,True,False,186.99,187,9354.63
3,2025-08-06,2,False,False,True,False,99.73,100,5479.86
4,2025-08-06,2,False,False,True,False,157.97,158,6123.04
5,2025-08-06,2,False,False,True,False,199.08,199,10051.27
6,2025-08-06,2,False,False,True,False,180.67,181,9590.24
7,2025-08-06,2,False,False,True,False,150.79,151,7486.6
8,2025-08-06,2,False,False,True,False,126.59,127,6942.75
9,2025-08-06,2,False,False,True,False,122.14,122,5567.99
10,2025-08-06,2,False,False,True,False,156.01,156,7228.04
11,2025-08-06,2,False,False,True,False,190.31,190,7499.84
12,2025-08-06,2,False,False,True,False,144.91,145,5392.39
1,2025-08-07,3,False,False,True,False,114.45,114,4313.91
2,2025-08-07,3,False,False,True,False,207.61,208,8193.67
3,2025-08-07,3,False,False,True,False,93.45,93,4558.22
4,2025-08-07,3,False,False,True,False,145.0,145,5639.68
5,2025-08-07,3,False,False,True,False,143.38,143,6569.47
6,2025-08-07,3,False,False,True,False,144.9,145,6402.51
7,2025-08-07,3,False,False,True,False,125.95,126,5141.23
8,2025-08-07,3,False,False,True,False,131.6,132,7206.61
9,2025-08-07,3,False,False,True,False,73.76,74,3836.43
10,2025-08-07,3,False,False,True,False,165.3,165,7038.63
11,2025-08-07,3,False,False,True,False,245.32,245,12007.6
12,2025-08-07,3,False,False,True,False,95.39,95,5048.19
1,2025-08-08,4,False,False,True,False,94.51,95,5085.84
2,2025-08-08,4,False,False,True,False,224.72,225,10221.63
3,2025-08-08,4,False,False,True,False,121.02,121,4302.81
4,2025-08-08,4,False,False,True,False,184.02,184,7421.65
5,2025-08-08,4,False,False,True,False,209.56,210,10695.42
6,2025-08-08,4,False,False,True,False,219.12,219,11149.85
7,2025-08-08,4,False,False,True,False,203.84,204,7462.53
8,2025-08-08,4,False,False,True,False,144.54,145,5082.55
9,2025-08-08,4,False,False,True,False,161.02,161,6797.63
10,2025-08-08,4,False,False,True,False,138.29,138,5000.01
11,2025-08-08,4,False,False,True,False,149.58,150,7063.1
12,2025-08-08,4,False,False,True,False,131.14,131,7124.39
1,2025-08-09,5,True,False,True,False,157.31,157,5908.99
2,2025-08-09,5,True,False,True,False,242.62,243,8611.28
3,2025-08-09,5,True,False,True,False,137.98,138,6902.15
4,2025-08-09,5,True,False,True,False,204.9,205,10340.18
5,2025-08-09,5,True,False,True,False,218.75,219,9004.39
6,2025-08-09,5,True,False,True,False,209.4,209,8905.46
7,2025-08-09,5,True,False,True,False,106.33,106,4156.31
8,2025-08-09,5,True,False,True,False,192.84,193,10113.94
9,2025-08-09,5,True,False,True,False,80.94,81,3958.78
10,2025-08-09,5,True,False,True,False,209.14,209,7888.78
11,2025-08-09,5,True,False,True,False,309.42,309,15419.04
12,2025-08-09,5,True,False,True,False,179.98,180,7589.34
1,2025-08-10,6,True,False,True,False,97.67,98,4806.64
2,2025-08-10,6,True,False,True,False,198.9,199,9273.03
3,2025-08-10,6,True,False,True,False,128.22,128,6002.69
4,2025-08-10,6,True,False,True,False,150.93,151,6813.24
5,2025-08-10,6,True,False,True,False,255.2,255,10871.83
6,2025-08-10,6,True,False,True,False,236.04,236,10157.24
7,2025-08-10,6,True,False,True,False,158.09,158,7337.21
8,2025-08-10,6,True,False,True,False,166.94,167,7159.14
9,2025-08-10,6,True,False,True,False,131.48,131,5251.97
10,2025-08-10,6,True,False,True,False,179.31,179,6349.59
11,2025-08-10,6,True,False,True,False,195.03,195,9017.18
12,2025-08-10,6,True,False,True,False,153.01,153,7290.36
1,2025-08-11,0,False,False,True,False,84.23,84,3633.27
2,2025-08-11,0,False,False,True,False,160.03,160,6417.38
3,2025-08-11,0,False,False,True,False,59.72,60,2966.72
4,2025-08-11,0,False,False,True,False,95.37,95,3725.06
5,2025-08-11,0,False,False,True,False,159.98,160,5666.78
6,2025-08-11,0,False,False,True,False,94.97,95,5201.67
7,2025-08-11,0,False,False,True,False,91.82,92,4851.79
8,2025-08-11,0,False,False,True,False,114.17,114,5940.69
9,2025-08-11,0,False,False,True,False,88.04,88,3579.23
10,2025-08-11,0,False,False,True,False,140.49,140,6494.17
11,2025-08-11,0,False,False,True,False,163.3,163,6464.05
12,2025-08-11,0,False,False,True,False,124.29,124,5950.6
1,2025-08-12,1,False,False,True,False,60.13,60,2185.42
2,2025-08-12,1,False,False,True,False,188.93,189,9300.53
3,2025-08-12,1,False,False,True,False,99.94,100,4938.09
4,2025-08-12,1,False,False,True,False,113.03,113,4938.55
5,2025-08-12,1,False,False,True,False,156.58,157,8305.91
6,2025-08-12,1,False,False,True,False,153.0,153,7247.62
7,2025-08-12,1,False,False,True,False,122.26,122,6249.36
8,2025-08-12,1,False,False,True,False,102.97,103,5215.05
9,2025-08-12,1,False,False,True,False,79.13,79,3587.42
10,2025-08-12,1,False,False,True,False,127.4,127,6179.16
11,2025-08-12,1,False,False,True,False,160.26,160,6007.29
12,2025-08-12,1,False,False,True,False,101.41,101,5051.07
1,2025-08-13,2,False,False,True,False,107.8,108,4747.7
2,2025-08-13,2,False,False,True,False,165.57,166,8308.76
3,2025-08-13,2,False,False,True,False,79.1,79,3388.1
4,2025-08-13,2,False,False,True,False,147.41,147,7034.53
5,2025-08-13,2,False,False,True,False,139.5,140,7404.42
6,2025-08-13,2,False,False,True,False,241.76,242,10680.6
7,2025-08-13,2,False,False,True,False,149.92,150,6206.56
8,2025-08-13,2,False,False,True,False,96.12,96,5075.59
9,2025-08-13,2,False,False,True,False,104.1,104,5348.51
10,2025-08-13,2,False,False,True,False,157.6,158,8041.92
11,2025-08-13,2,False,False,True,False,149.63,150,7768.05
12,2025-08-13,2,False,False,True,False,126.2,126,6428.85
1,2025-08-14,3,False,False,True,False,115.19,115,4092.7
2,2025-08-14,3,False,False,True,False,213.4,213,10152.07
3,2025-08-14,3,False,False,True,False,64.63,65,3038.12
4,2025-08-14,3,False,False,True,False,148.59,149,5953.86
5,2025-08-14,3,False,False,True,False,134.97,135,5502.38
6,2025-08-14,3,False,False,True,False,125.99,126,4979.17
7,2025-08-14,3,False,False,True,False,105.02,105,5671.32
8,2025-08-14,3,False,False,True,False,149.83,150,6388.96
9,2025-08-14,3,False,False,True,False,84.63,85,3317.18
10,2025-08-14,3,False,False,True,False,137.12,137,6244.87
11,2025-08-14,3,False,False,True,False,174.93,175,9364.07
12,2025-08-14,3,False,False,True,False,109.28,109,4492.61
1,2025-08-15,4,False,False,True,False,140.3,140,5969.84
2,2025-08-15,4,False,False,True,False,175.69,176,8607.42
3,2025-08-15,4,False,False,True,False,105.21,105,4359.31
4,2025-08-15,4,False,False,True,False,225.37,225,10743.22
5,2025-08-15,4,False,False,True,False,238.59,239,12749.52
6,2025-08-15,4,False,False,True,False,145.26,145,5103.47
7,2025-08-15,4,False,False,True,False,167.46,167,8892.2
8,2025-08-15,4,False,False,True,False,139.53,140,6102.11
9,2025-08-15,4,False,False,True,False,93.7,94,4108.96
10,2025-08-15,4,False,False,True,False,94.19,94,4591.53
11,2025-08-15,4,False,False,True,False,175.76,176,7520.13
12,2025-08-15,4,False,False,True,False,178.1,178,9169.97
1,2025-08-16,5,True,False,True,False,126.52,127,6897.4
2,2025-08-16,5,True,False,True,False,228.85,229,11565.57
3,2025-08-16,5,True,False,True,False,154.45,154,5987.92
4,2025-08-16,5,True,False,True,False,178.34,178,8358.54
5,2025-08-16,5,True,False,True,False,201.55,202,7677.34
6,2025-08-16,5,True,False,True,False,312.38,312,13489.07
7,2025-08-16,5,True,False,True,False,205.99,206,11132.69
8,2025-08-16,5,True,False,True,False,169.03,169,8825.28
9,2025-08-16,5,True,False,True,False,132.83,133,5587.49
10,2025-08-16,5,True,False,True,False,213.27,213,8689.44
11,2025-08-16,5,True,False,True,False,236.0,236,12533.15
12,2025-08-16,5,True,False,True,False,185.08,185,7274.93
1,2025-08-17,6,True,False,True,False,133.11,133,7124.98
2,2025-08-17,6,True,False,True,False,229.14,229,10754.34
3,2025-08-17,6,True,False,True,False,91.63,92,3221.99
4,2025-08-17,6,True,False,True,False,171.98,172,8380.94
5,2025-08-17,6,True,False,True,False,246.64,247,13192.82
6,2025-08-17,6,True,False,True,False,238.5,239,13138.62
7,2025-08-17,6,True,False,True,False,118.84,119,5375.04
8,2025-08-17,6,True,False,True,False,145.25,145,6126.07
9,2025-08-17,6,True,False,True,False,90.0,90,4621.71
10,2025-08-17,6,True,False,True,False,162.87,163,7423.85
11,2025-08-17,6,True,False,True,False,223.92,224,9868.03
12,2025-08-17,6,True,False,True,False,166.87,167,8110.44
1,2025-08-18,0,False,False,True,False,90.19,90,3185.15
2,2025-08-18,0,False,False,True,False,121.77,122,5925.23
3,2025-08-18,0,False,False,True,False,69.75,70,2513.2
4,2025-08-18,0,False,False,True,False,126.71,127,6900.06
5,2025-08-18,0,False,False,True,False,127.59,128,6745.26
6,2025-08-18,0,False,False,True,False,201.6,202,10231.31
7,2025-08-18,0,False,False,True,False,116.61,117,4221.37
8,2025-08-18,0,False,False,True,False,131.81,132,5136.35
9,2025-08-18,0,False,False,True,False,74.88,75,3157.41
10,2025-08-18,0,False,False,True,False,118.73,119,5165.01
11,2025-08-18,0,False,False,True,False,182.32,182,9528.39
12,2025-08-18,0,False,False,True,False,88.46,88,3838.35
1,2025-08-19,1,False,False,True,False,84.6,85,3744.73
2,2025-08-19,1,False,False,True,False,138.08,138,5284.48
3,2025-08-19,1,False,False,True,False,73.35,73,2635.43
4,2025-08-19,1,False,False,True,False,120.09,120,6024.72
5,2025-08-19,1,False,False,True,False,153.06,153,6061.14
6,2025-08-19,1,False,False,True,False,146.84,147,5504.54
7,2025-08-19,1,False,False,True,False,123.27,123,5679.82
8,2025-08-19,1,False,False,True,False,147.84,148,6003.16
9,2025-08-19,1,False,False,True,False,80.5,80,4328.88
10,2025-08-19,1,False,False,True,False,106.97,107,4655.29
11,2025-08-19,1,False,False,True,False,185.56,186,8680.14
12,2025-08-19,1,False,False,True,False,153.33,153,7704.12
1,2025-08-20,2,False,False,True,False,92.51,93,4340.58
2,2025-08-20,2,False,False,True,False,196.69,197,10762.93
3,2025-08-20,2,False,False,True,False,94.84,95,4327.38
4,2025-08-20,2,False,False,True,False,122.93,123,6695.83
5,2025-08-20,2,False,False,True,False,150.28,150,5687.27
6,2025-08-20,2,False,False,True,False,189.05,189,8458.13
7,2025-08-20,2,False,False,True,False,155.92,156,5984.6
8,2025-08-20,2,False,False,True,False,133.09,133,6277.19
9,2025-08-20,2,False,False,True,False,79.91,80,4306.9
10,2025-08-20,2,False,False,True,False,132.48,132,5002.45
11,2025-08-20,2,False,False,True,False,145.58,146,6206.5
12,2025-08-20,2,False,False,True,False,107.58,108,4563.33
1,2025-08-21,3,False,False,True,False,117.82,118,4818.95
2,2025-08-21,3,False,False,True,False,204.54,205,11250.7
3,2025-08-21,3,False,False,True,False,105.99,106,4575.76
4,2025-08-21,3,False,False,True,False,137.44,137,7400.74
5,2025-08-21,3,False,False,True,False,137.54,138,7094.95
6,2025-08-21,3,False,False,True,False,215.18,215,9976.15
7,2025-08-21,3,False,False,True,False,136.73,137,5540.55
8,2025-08-21,3,False,False,True,False,113.87,114,4562.16
9,2025-08-21,3,False,False,True,False,110.75,111,5888.58
10,2025-08-21,3,False,False,True,False,152.71,153,7847.76
11,2025-08-21,3,False,False,True,False,185.44,185,9338.05
12,2025-08-21,3,False,False,True,False,206.6,207,9770.34
1,2025-08-22,4,False,False,True,False,129.42,129,5786.74
2,2025-08-22,4,False,False,True,False,149.96,150,6063.71
3,2025-08-22,4,False,False,True,False,116.47,116,4953.05
4,2025-08-22,4,False,False,True,False,134.53,135,7390.73
5,2025-08-22,4,False,False,True,False,280.12,280,10503.95
6,2025-08-22,4,False,False,True,False,182.5,183,8983.88
7,2025-08-22,4,False,False,True,False,163.14,163,6996.67
8,2025-08-22,4,False,False,True,False,181.86,182,8473.33
9,2025-08-22,4,False,False,True,False,83.54,84,3844.95
10,2025-08-22,4,False,False,True,False,199.14,199,8375.72
11,2025-08-22,4,False,False,True,False,176.35,176,6869.56
12,2025-08-22,4,False,False,True,False,147.57,148,7599.13
1,2025-08-23,5,True,False,True,False,142.01,142,5522.34
2,2025-08-23,5,True,False,True,False,222.05,222,7808.64
3,2025-08-23,5,True,False,True,False,141.66,142,7400.9
4,2025-08-23,5,True,False,True,False,153.13,153,5596.85
5,2025-08-23,5,True,False,True,False,246.69,247,8664.14
6,2025-08-23,5,True,False,True,False,284.77,285,14220.4
7,2025-08-23,5,True,False,True,False,159.25,159,6792.28
8,2025-08-23,5,True,False,True,False,204.74,205,9048.8
9,2025-08-23,5,True,False,True,False,116.24,116,5808.01
10,2025-08-23,5,True,False,True,False,258.03,258,12923.26
11,2025-08-23,5,True,False,True,False,295.85,296,14896.59
12,2025-08-23,5,True,False,True,False,165.15,165,9032.43
1,2025-08-24,6,True,False,True,False,126.22,126,5856.26
2,2025-08-24,6,True,False,True,False,222.47,222,11209.41
3,2025-08-24,6,True,False,True,False,124.77,125,6016.03
4,2025-08-24,6,True,False,True,False,120.34,120,5697.56
5,2025-08-24,6,True,False,True,False,239.67,240,11511.81
6,2025-08-24,6,True,False,True,False,204.13,204,9716.32
7,2025-08-24,6,True,False,True,False,135.73,136,6570.26
8,2025-08-24,6,True,False,True,False,209.89,210,8775.23
9,2025-08-24,6,True,False,True,False,112.27,112,5933.41
10,2025-08-24,6,True,False,True,False,169.21,169,8851.56
11,2025-08-24,6,True,False,True,False,172.69,173,9099.05
12,2025-08-24,6,True,False,True,False,112.96,113,6177.61
1,2025-08-25,0,False,False,True,False,88.59,89,4544.65
2,2025-08-25,0,False,False,True,False,142.0,142,6369.06
3,2025-08-25,0,False,False,True,False,64.92,65,3466.28
4,2025-08-25,0,False,False,True,False,62.66,63,2474.17
5,2025-08-25,0,False,False,True,False,125.08,125,5821.87
6,2025-08-25,0,False,False,True,False,126.13,126,5383.91
7,2025-08-25,0,False,False,True,False,143.7,144,6074.58
8,2025-08-25,0,False,False,True,False,108.62,109,5264.1
9,2025-08-25,0,False,False,True,False,98.12,98,5069.9
10,2025-08-25,0,False,False,True,False,80.22,80,3856.84
11,2025-08-25,0,False,False,True,False,115.14,115,6202.96
12,2025-08-25,0,False,False,True,False,117.88,118,5934.78
1,2025-08-26,1,False,False,True,False,90.36,90,3975.75
2,2025-08-26,1,False,False,True,False,119.98,120,6080.68
3,2025-08-26,1,False,False,True,False,96.28,96,4119.16
4,2025-08-26,1,False,False,True,False,163.63,164,7520.49
5,2025-08-26,1,False,False,True,False,197.41,197,10139.34
6,2025-08-26,1,False,False,True,False,201.69,202,10075.4
7,2025-08-26,1,False,False,True,False,152.72,153,8182.23
8,2025-08-26,1,False,False,True,False,181.98,182,7588.14
9,2025-08-26,1,False,False,True,False,96.9,97,3813.66
10,2025-08-26,1,False,False,True,False,120.34,120,4623.31
11,2025-08-26,1,False,False,True,False,157.6,158,7328.14
12,2025-08-26,1,False,False,True,False,110.93,111,5261.21
1,2025-08-27,2,False,False,True,False,100.43,100,4836.74
2,2025-08-27,2,False,False,True,False,156.81,157,6090.78
3,2025-08-27,2,False,False,True,False,66.1,66,3011.5
4,2025-08-27,2,False,False,True,False,133.97,134,6441.36
5,2025-08-27,2,False,False,True,False,196.98,197,6937.69
6,2025-08-27,2,False,False,True,False,150.47,150,7159.24
7,2025-08-27,2,False,False,True,False,115.39,115,5004.99
8,2025-08-27,2,False,False,True,False,125.78,126,6858.75
9,2025-08-27,2,False,False,True,False,89.94,90,4155.67
10,2025-08-27,2,False,False,True,False,119.11,119,6187.59
11,2025-08-27,2,False,False,True,False,170.66,171,9065.36
12,2025-08-27,2,False,False,True,False,93.88,94,4603.27
1,2025-08-28,3,False,False,True,False,120.04,120,6569.49
2,2025-08-28,3,False,False,True,False,250.09,250,12808.05
3,2025-08-28,3,False,False,True,False,105.95,106,5555.52
4,2025-08-28,3,False,False,True,False,156.68,157,6383.7
5,2025-08-28,3,False,False,True,False,163.89,164,8685.98
6,2025-08-28,3,False,False,True,False,122.33,122,5565.35
7,2025-08-28,3,False,False,True,False,151.62,152,5846.53
8,2025-08-28,3,False,False,True,False,123.69,124,5390.3
9,2025-08-28,3,False,False,True,False,108.75,109,3926.91
10,2025-08-28,3,False,False,True,False,162.8,163,8688.34
11,2025-08-28,3,False,False,True,False,159.01,159,7552.96
12,2025-08-28,3,False,False,True,False,136.62,137,6034.81
1,2025-08-29,4,False,False,True,False,88.02,88,3775.9
2,2025-08-29,4,False,False,True,False,240.7,241,12598.08
3,2025-08-29,4,False,False,True,False,125.83,126,6034.84
4,2025-08-29,4,False,False,True,False,148.01,148,5332.07
5,2025-08-29,4,False,False,True,False,178.33,178,7883.85
6,2025-08-29,4,False,False,True,False,234.31,234,9822.67
7,2025-08-29,4,False,False,True,False,117.17,117,4773.8
8,2025-08-29,4,False,False,True,False,137.2,137,5047.81
9,2025-08-29,4,False,False,True,False,129.45,129,6138.55
10,2025-08-29,4,False,False,True,False,135.59,136,4910.84
11,2025-08-29,4,False,False,True,False,265.2,265,12188.22
12,2025-08-29,4,False,False,True,False,165.25,165,8941.3
1,2025-08-30,5,True,False,True,False,115.07,115,6011.89
2,2025-08-30,5,True,False,True,False,287.19,287,15183.31
3,2025-08-30,5,True,False,True,False,130.7,131,4855.41
4,2025-08-30,5,True,False,True,False,188.64,189,8868.55
5,2025-08-30,5,True,False,True,False,249.1,249,9001.98
6,2025-08-30,5,True,False,True,False,239.83,240,10349.47
7,2025-08-30,5,True,False,True,False,182.0,182,8874.9
8,2025-08-30,5,True,False,True,False,142.64,143,7305.65
9,2025-08-30,5,True,False,True,False,133.2,133,5154.14
10,2025-08-30,5,True,False,True,False,181.5,181,9717.53
11,2025-08-30,5,True,False,True,False,220.73,221,8405.81
12,2025-08-30,5,True,False,True,False,162.61,163,5723.54
1,2025-08-31,6,True,False,True,False,116.27,116,5671.12
2,2025-08-31,6,True,False,True,False,163.95,164,7056.65
3,2025-08-31,6,True,False,True,False,121.0,121,4572.97
4,2025-08-31,6,True,False,True,False,166.34,166,8611.14
5,2025-08-31,6,True,False,True,False,192.64,193,8368.34
6,2025-08-31,6,True,False,True,False,184.44,184,8850.64
7,2025-08-31,6,True,False,True,False,142.5,143,5373.41
8,2025-08-31,6,True,False,True,False,168.12,168,8077.21
9,2025-08-31,6,True,False,True,False,105.49,105,5641.1
10,2025-08-31,6,True,False,True,False,131.19,131,6735.32
11,2025-08-31,6,True,False,True,False,240.74,241,11975.0
12,2025-08-31,6,True,False,True,False,174.81,175,6516.33
1,2025-09-01,0,False,False,True,False,79.87,80,3895.76
2,2025-09-01,0,False,False,True,False,107.01,107,5424.8
3,2025-09-01,0,False,False,True,False,66.25,66,2562.35
4,2025-09-01,0,False,False,True,False,164.34,164,6043.95
5,2025-09-01,0,False,False,True,False,190.15,190,9636.64
6,2025-09-01,0,False,False,True,False,124.38,124,6156.36
7,2025-09-01,0,False,False,True,False,88.78,89,3407.61
8,2025-09-01,0,False,False,True,False,123.79,124,6636.25
9,2025-09-01,0,False,False,True,False,81.67,82,3029.95
10,2025-09-01,0,False,False,True,False,111.07,111,5582.93
11,2025-09-01,0,False,False,True,False,175.05,175,6642.69
12,2025-09-01,0,False,False,True,False,108.03,108,5421.26
1,2025-09-02,1,False,False,True,False,70.78,71,2658.02
2,2025-09-02,1,False,False,True,False,202.1,202,9129.31
3,2025-09-02,1,False,False,True,False,72.89,73,2841.11
4,2025-09-02,1,False,False,True,False,141.39,141,6285.85
5,2025-09-02,1,False,False,True,False,165.32,165,7401.7
6,2025-09-02,1,False,False,True,False,151.17,151,5868.05
7,2025-09-02,1,False,False,True,False,154.56,155,7668.66
8,2025-09-02,1,False,False,True,False,118.97,119,4448.23
9,2025-09-02,1,False,False,True,False,70.78,71,3466.69
10,2025-09-02,1,False,False,True,False,115.62,116,5829.09
11,2025-09-02,1,False,False,True,False,171.28,171,7735.44
12,2025-09-02,1,False,False,True,False,100.02,100,3620.15
1,2025-09-03,2,False,False,True,False,106.42,106,4421.07
2,2025-09-03,2,False,False,True,False,167.15,167,7252.94
3,2025-09-03,2,False,False,True,False,103.69,104,5036.04
4,2025-09-03,2,False,False,True,False,117.9,118,5237.55
5,2025-09-03,2,False,False,True,False,159.1,159,7707.4
6,2025-09-03,2,False,False,True,False,197.95,198,7694.73
7,2025-09-03,2,False,False,True,False,174.11,174,8758.79
8,2025-09-03,2,False,False,True,False,179.42,179,9307.67
9,2025-09-03,2,False,False,True,False,82.57,83,3010.74
10,2025-09-03,2,False,False,True,False,124.73,125,6807.62
11,2025-09-03,2,False,False,True,False,119.84,120,5803.86
12,2025-09-03,2,False,False,True,False,147.56,148,7367.73
1,2025-09-04,3,False,False,True,False,80.49,80,3480.95
2,2025-09-04,3,False,False,True,False,171.58,172,9299.56
3,2025-09-04,3,False,False,True,False,118.85,119,4957.88
4,2025-09-04,3,False,False,True,False,181.13,181,9373.89
5,2025-09-04,3,False,False,True,False,157.24,157,6621.77
6,2025-09-04,3,False,False,True,False,207.83,208,10277.08
7,2025-09-04,3,False,False,True,False,128.04,128,5800.72
8,2025-09-04,3,False,False,True,False,147.51,148,7997.6
9,2025-09-04,3,False,False,True,False,83.66,84,3484.75
10,2025-09-04,3,False,False,True,False,131.41,131,5248.77
11,2025-09-04,3,False,False,True,False,166.92,167,6425.89
12,2025-09-04,3,False,False,True,False,145.27,145,7799.38
1,2025-09-05,4,False,False,True,False,115.06,115,6298.85
2,2025-09-05,4,False,False,True,False,226.26,226,10325.08
3,2025-09-05,4,False,False,True,False,85.61,86,4482.01
4,2025-09-05,4,False,False,True,False,142.99,143,6837.68
5,2025-09-05,4,False,False,True,False,273.69,274,14252.71
6,2025-09-05,4,False,False,True,False,208.24,208,7744.32
7,2025-09-05,4,False,False,True,False,145.65,146,6199.98
8,2025-09-05,4,False,False,True,False,173.69,174,8823.86
9,2025-09-05,4,False,False,True,False,117.68,118,4395.12
10,2025-09-05,4,False,False,True,False,142.91,143,5623.31
11,2025-09-05,4,False,False,True,False,190.74,191,10171.8
12,2025-09-05,4,False,False,True,False,210.86,211,11496.61
1,2025-09-06,5,True,False,True,False,103.87,104,4613.77
2,2025-09-06,5,True,False,True,False,246.01,246,13306.88
3,2025-09-06,5,True,False,True,False,128.48,128,5103.35
4,2025-09-06,5,True,False,True,False,162.93,163,7612.73
5,2025-09-06,5,True,False,True,False,231.2,231,8538.75
6,2025-09-06,5,True,False,True,False,258.84,259,12330.03
7,2025-09-06,5,True,False,True,False,208.25,208,9003.5
8,2025-09-06,5,True,False,True,False,151.16,151,7564.4
9,2025-09-06,5,True,False,True,False,124.33,124,5736.54
10,2025-09-06,5,True,False,True,False,165.48,165,7669.94
11,2025-09-06,5,True,False,True,False,232.85,233,8633.31
12,2025-09-06,5,True,False,True,False,179.94,180,8572.77
1,2025-09-07,6,True,False,True,False,102.52,103,4073.17
2,2025-09-07,6,True,False,True,False,250.01,250,12029.57
3,2025-09-07,6,True,False,True,False,128.39,128,6248.24
4,2025-09-07,6,True,False,True,False,250.29,250,11613.37
5,2025-09-07,6,True,False,True,False,177.94,178,7722.65
6,2025-09-07,6,True,False,True,False,233.61,234,8296.15
7,2025-09-07,6,True,False,True,False,235.83,236,9873.55
8,2025-09-07,6,True,False,True,False,172.13,172,8296.6
9,2025-09-07,6,True,False,True,False,139.54,140,5329.54
10,2025-09-07,6,True,False,True,False,165.72,166,8885.26
11,2025-09-07,6,True,False,True,False,236.58,237,9521.82
12,2025-09-07,6,True,False,True,False,162.29,162,8426.55
1,2025-09-08,0,False,False,True,False,82.35,82,3446.37
2,2025-09-08,0,False,False,True,False,154.8,155,6217.37
3,2025-09-08,0,False,False,True,False,94.35,94,3798.54
4,2025-09-08,0,False,False,True,False,120.09,120,5997.6
5,2025-09-08,0,False,False,True,False,186.09,186,6990.01
6,2025-09-08,0,False,False,True,False,184.74,185,9519.44
7,2025-09-08,0,False,False,True,False,144.18,144,5753.3
8,2025-09-08,0,False,False,True,False,109.08,109,4399.99
9,2025-09-08,0,False,False,True,False,88.15,88,4785.01
10,2025-09-08,0,False,False,True,False,100.64,101,3919.16
11,2025-09-08,0,False,False,True,False,161.31,161,8545.45
12,2025-09-08,0,False,False,True,False,136.77,137,4998.06
1,2025-09-09,1,False,False,True,False,94.05,94,3959.49
2,2025-09-09,1,False,False,True,False,224.16,224,7931.46
3,2025-09-09,1,False,False,True,False,87.14,87,4115.88
4,2025-09-09,1,False,False,True,False,162.36,162,8500.93
5,2025-09-09,1,False,False,True,False,181.02,181,8197.71
6,2025-09-09,1,False,False,True,False,155.51,156,7951.51
7,2025-09-09,1,False,False,True,False,157.29,157,7548.99
8,2025-09-09,1,False,False,True,False,129.37,129,7005.45
9,2025-09-09,1,False,False,True,False,94.01,94,4196.1
10,2025-09-09,1,False,False,True,False,116.33,116,4797.56
11,2025-09-09,1,False,False,True,False,156.14,156,7516.2
12,2025-09-09,1,False,False,True,False,111.57,112,6041.28
1,2025-09-10,2,False,False,True,False,104.46,104,4961.74
2,2025-09-10,2,False,False,True,False,183.57,184,8359.07
3,2025-09-10,2,False,False,True,False,108.87,109,5245.21
4,2025-09-10,2,False,False,True,False,99.48,99,4292.57
5,2025-09-10,2,False,False,True,False,236.2,236,8544.1
6,2025-09-10,2,False,False,True,False,247.2,247,11758.64
7,2025-09-10,2,False,False,True,False,136.49,136,5741.32
8,2025-09-10,2,False,False,True,False,133.26,133,4828.34
9,2025-09-10,2,False,False,True,False,75.06,75,3690.39
10,2025-09-10,2,False,False,True,False,135.32,135,4945.35
11,2025-09-10,2,False,False,True,False,134.86,135,6534.81
12,2025-09-10,2,False,False,True,False,149.33,149,5221.78
1,2025-09-11,3,False,False,True,False,78.84,79,3306.18
2,2025-09-11,3,False,False,True,False,191.9,192,9937.27
3,2025-09-11,3,False,False,True,False,120.54,121,6159.27
4,2025-09-11,3,False,False,True,False,175.96,176,8435.02
5,2025-09-11,3,False,False,True,False,220.58,221,9986.82
6,2025-09-11,3,False,False,True,False,163.84,164,6057.5
7,2025-09-11,3,False,False,True,False,204.61,205,7403.29
8,2025-09-11,3,False,False,True,False,134.94,135,5802.49
9,2025-09-11,3,False,False,True,False,144.63,145,6112.02
10,2025-09-11,3,False,False,True,False,143.74,144,5385.66
11,2025-09-11,3,False,False,True,False,196.3,196,10182.42
12,2025-09-11,3,False,False,True,False,146.54,147,6339.58
1,2025-09-12,4,False,False,True,False,121.96,122,6447.48
2,2025-09-12,4,False,False,True,False,166.74,167,7732.08
3,2025-09-12,4,False,False,True,False,161.89,162,6503.61
4,2025-09-12,4,False,False,True,False,171.68,172,6168.47
5,2025-09-12,4,False,False,True,False,219.03,219,8126.85
6,2025-09-12,4,False,False,True,False,218.68,219,11957.78
7,2025-09-12,4,False,False,True,False,187.74,188,7236.12
8,2025-09-12,4,False,False,True,False,219.22,219,9087.19
9,2025-09-12,4,False,False,True,False,93.52,94,4160.36
10,2025-09-12,4,False,False,True,False,187.1,187,9530.48
11,2025-09-12,4,False,False,True,False,248.81,249,9681.49
12,2025-09-12,4,False,False,True,False,129.69,130,6345.2
1,2025-09-13,5,True,False,True,False,126.18,126,5184.07
2,2025-09-13,5,True,False,True,False,265.44,265,12959.16
3,2025-09-13,5,True,False,True,False,178.21,178,8532.43
4,2025-09-13,5,True,False,True,False,227.76,228,9952.68
5,2025-09-13,5,True,False,True,False,241.0,241,11624.35
6,2025-09-13,5,True,False,True,False,277.61,278,12681.54
7,2025-09-13,5,True,False,True,False,221.17,221,9224.17
8,2025-09-13,5,True,False,True,False,190.19,190,10010.59
9,2025-09-13,5,True,False,True,False,110.35,110,5721.91
10,2025-09-13,5,True,False,True,False,166.08,166,6600.26
11,2025-09-13,5,True,False,True,False,250.02,250,12876.81
12,2025-09-13,5,True,False,True,False,160.7,161,6631.24
1,2025-09-14,6,True,False,True,False,118.48,118,6236.37
2,2025-09-14,6,True,False,True,False,201.14,201,8352.13
3,2025-09-14,6,True,False,True,False,157.68,158,6075.72
4,2025-09-14,6,True,False,True,False,203.49,203,11110.75
5,2025-09-14,6,True,False,True,False,181.55,182,7647.81
6,2025-09-14,6,True,False,True,False,157.62,158,5936.52
7,2025-09-14,6,True,False,True,False,123.32,123,6374.73
8,2025-09-14,6,True,False,True,False,194.09,194,8184.51
9,2025-09-14,6,True,False,True,False,192.61,193,6894.3
10,2025-09-14,6,True,False,True,False,180.17,180,7543.86
11,2025-09-14,6,True,False,True,False,229.04,229,8789.67
12,2025-09-14,6,True,False,True,False,199.24,199,8837.03
1,2025-09-15,0,False,False,True,False,76.13,76,3250.68
2,2025-09-15,0,False,False,True,False,130.3,130,6882.41
3,2025-09-15,0,False,False,True,False,102.56,103,4736.33
4,2025-09-15,0,False,False,True,False,136.83,137,4852.68
5,2025-09-15,0,False,False,True,False,123.25,123,5747.96
6,2025-09-15,0,False,False,True,False,173.72,174,7188.68
7,2025-09-15,0,False,False,True,False,145.35,145,7118.35
8,2025-09-15,0,False,False,True,False,126.44,126,5033.39
9,2025-09-15,0,False,False,True,False,104.71,105,3848.33
10,2025-09-15,0,False,False,True,False,140.76,141,6304.84
11,2025-09-15,0,False,False,True,False,156.65,157,7062.68
12,2025-09-15,0,False,False,True,False,135.32,135,6427.25
1,2025-09-16,1,False,False,True,False,68.58,69,3170.25
2,2025-09-16,1,False,False,True,False,185.07,185,8077.08
3,2025-09-16,1,False,False,True,False,87.27,87,3842.58
4,2025-09-16,1,False,False,True,False,143.67,144,6295.14
5,2025-09-16,1,False,False,True,False,121.49,121,4851.73
6,2025-09-16,1,False,False,True,False,226.07,226,9611.27
7,2025-09-16,1,False,False,True,False,113.47,113,5988.78
8,2025-09-16,1,False,False,True,False,126.5,126,4855.42
9,2025-09-16,1,False,False,True,False,94.94,95,3564.05
10,2025-09-16,1,False,False,True,False,117.76,118,4228.49
11,2025-09-16,1,False,False,True,False,186.86,187,9775.93
12,2025-09-16,1,False,False,True,False,124.26,124,4429.51
1,2025-09-17,2,False,False,True,False,74.88,75,3529.04
2,2025-09-17,2,False,False,True,False,199.13,199,9876.71
3,2025-09-17,2,False,False,True,False,97.01,97,4762.98
4,2025-09-17,2,False,False,True,False,113.44,113,6034.19
5,2025-09-17,2,False,False,True,False,119.49,119,6476.96
6,2025-09-17,2,False,False,True,False,203.55,204,8283.3
7,2025-09-17,2,False,False,True,False,138.22,138,6400.41
8,2025-09-17,2,False,False,True,False,125.79,126,5138.4
9,2025-09-17,2,False,False,True,False,105.21,105,4184.68
10,2025-09-17,2,False,False,True,False,147.13,147,7687.54
11,2025-09-17,2,False,False,True,False,154.35,154,8319.68
12,2025-09-17,2,False,False,True,False,149.05,149,7261.84
1,2025-09-18,3,False,False,True,False,84.97,85,3297.2
2,2025-09-18,3,False,False,True,False,202.18,202,9405.0
3,2025-09-18,3,False,False,True,False,91.73,92,4095.93
4,2025-09-18,3,False,False,True,False,195.53,196,7313.42
5,2025-09-18,3,False,False,True,False,123.5,124,6665.96
6,2025-09-18,3,False,False,True,False,197.69,198,7896.44
7,2025-09-18,3,False,False,True,False,150.52,151,6026.98
8,2025-09-18,3,False,False,True,False,181.77,182,6656.0
9,2025-09-18,3,False,False,True,False,113.19,113,4025.41
10,2025-09-18,3,False,False,True,False,204.35,204,10919.86
11,2025-09-18,3,False,False,True,False,214.58,215,8619.98
12,2025-09-18,3,False,False,True,False,174.76,175,7090.01
1,2025-09-19,4,False,False,True,False,139.98,140,7498.3
2,2025-09-19,4,False,False,True,False,189.6,190,6905.6
3,2025-09-19,4,False,False,True,False,128.11,128,5548.42
4,2025-09-19,4,False,False,True,False,130.89,131,5148.59
5,2025-09-19,4,False,False,True,False,221.04,221,9905.53
6,2025-09-19,4,False,False,True,False,183.73,184,9180.77
7,2025-09-19,4,False,False,True,False,198.32,198,10241.23
8,2025-09-19,4,False,False,True,False,176.67,177,6319.29
9,2025-09-19,4,False,False,True,False,136.77,137,7006.01
10,2025-09-19,4,False,False,True,False,177.0,177,6218.34
11,2025-09-19,4,False,False,True,False,189.4,189,8533.15
12,2025-09-19,4,False,False,True,False,249.68,250,9475.86
1,2025-09-20,5,True,False,True,False,144.72,145,5883.82
2,2025-09-20,5,True,False,True,False,260.29,260,13132.44
3,2025-09-20,5,True,False,True,False,118.54,119,6543.06
4,2025-09-20,5,True,False,True,False,165.84,166,7790.24
5,2025-09-20,5,True,False,True,False,207.36,207,11089.0
6,2025-09-20,5,True,False,True,False,199.47,199,9601.31
7,2025-09-20,5,True,False,True,False,228.18,228,8548.61
8,2025-09-20,5,True,False,True,False,188.31,188,9772.76
9,2025-09-20,5,True,False,True,False,161.45,161,7431.26
10,2025-09-20,5,True,False,True,False,176.92,177,7686.69
11,2025-09-20,5,True,False,True,False,309.85,310,15001.2
12,2025-09-20,5,True,False,True,False,240.65,241,10763.39
1,2025-09-21,6,True,False,True,False,141.44,141,7514.98
2,2025-09-21,6,True,False,True,False,215.94,216,8071.96
3,2025-09-21,6,True,False,True,False,123.92,124,6662.36
4,2025-09-21,6,True,False,True,False,135.71,136,5308.31
5,2025-09-21,6,True,False,True,False,205.36,205,11102.17
6,2025-09-21,6,True,False,True,False,231.13,231,12242.13
7,2025-09-21,6,True,False,True,False,141.09,141,5220.27
8,2025-09-21,6,True,False,True,False,147.17,147,7779.55
9,2025-09-21,6,True,False,True,False,86.71,87,4158.98
10,2025-09-21,6,True,False,True,False,174.35,174,8826.69
11,2025-09-21,6,True,False,True,False,193.5,194,7951.61
12,2025-09-21,6,True,False,True,False,189.09,189,7985.19
1,2025-09-22,0,False,False,True,False,70.86,71,2835.16
2,2025-09-22,0,False,False,True,False,179.91,180,7363.74
3,2025-09-22,0,False,False,True,False,93.34,93,3685.42
4,2025-09-22,0,False,False,True,False,107.41,107,4859.9
5,2025-09-22,0,False,False,True,False,156.28,156,5970.52
6,2025-09-22,0,False,False,True,False,157.28,157,8439.23
7,2025-09-22,0,False,False,True,False,107.68,108,5334.05
8,2025-09-22,0,False,False,True,False,106.47,106,4632.01
9,2025-09-22,0,False,False,True,False,66.55,67,3203.61
10,2025-09-22,0,False,False,True,False,102.07,102,5368.37
11,2025-09-22,0,False,False,True,False,141.43,141,7063.2
12,2025-09-22,0,False,False,True,False,145.52,146,5392.27
1,2025-09-23,1,False,False,True,False,73.54,74,3516.69
2,2025-09-23,1,False,False,True,False,139.59,140,6561.47
3,2025-09-23,1,False,False,True,False,76.34,76,3084.41
4,2025-09-23,1,False,False,True,False,143.1,143,5557.47
5,2025-09-23,1,False,False,True,False,206.72,207,10475.2
6,2025-09-23,1,False,False,True,False,191.88,192,7913.37
7,2025-09-23,1,False,False,True,False,118.79,119,6191.03
8,2025-09-23,1,False,False,True,False,148.18,148,5312.28
9,2025-09-23,1,False,False,True,False,107.9,108,5539.09
10,2025-09-23,1,False,False,True,False,144.17,144,5341.44
11,2025-09-23,1,False,False,True,False,171.24,171,8333.54
12,2025-09-23,1,False,False,True,False,154.17,154,6084.05
1,2025-09-24,2,False,False,True,False,116.99,117,4865.22
2,2025-09-24,2,False,False,True,False,164.67,165,8336.41
3,2025-09-24,2,False,False,True,False,109.35,109,5463.6
4,2025-09-24,2,False,False,True,False,164.82,165,7445.04
5,2025-09-24,2,False,False,True,False,176.64,177,9104.36
6,2025-09-24,2,False,False,True,False,168.31,168,9221.34
7,2025-09-24,2,False,False,True,False,121.78,122,6594.63
8,2025-09-24,2,False,False,True,False,158.82,159,7194.08
9,2025-09-24,2,False,False,True,False,86.76,87,4036.32
10,2025-09-24,2,False,False,True,False,172.37,172,9263.32
11,2025-09-24,2,False,False,True,False,199.21,199,8797.78
12,2025-09-24,2,False,False,True,False,124.95,125,6808.33
1,2025-09-25,3,False,False,True,False,136.73,137,6512.86
2,2025-09-25,3,False,False,True,False,113.01,113,4220.27
3,2025-09-25,3,False,False,True,False,88.0,88,3773.4
4,2025-09-25,3,False,False,True,False,153.55,154,5598.73
5,2025-09-25,3,False,False,True,False,199.08,199,10632.89
6,2025-09-25,3,False,False,True,False,200.6,201,7589.92
7,2025-09-25,3,False,False,True,False,167.97,168,8009.75
8,2025-09-25,3,False,False,True,False,148.65,149,7720.09
9,2025-09-25,3,False,False,True,False,119.11,119,6325.46
10,2025-09-25,3,False,False,True,False,146.17,146,5665.71
11,2025-09-25,3,False,False,True,False,246.0,246,11464.68
12,2025-09-25,3,False,False,True,False,186.03,186,8079.66
1,2025-09-26,4,False,False,True,False,132.61,133,5278.88
2,2025-09-26,4,False,False,True,False,235.05,235,10315.98
3,2025-09-26,4,False,False,True,False,81.6,82,3753.47
4,2025-09-26,4,False,False,True,False,190.76,191,8310.35
5,2025-09-26,4,False,False,True,False,296.08,296,12420.87
6,2025-09-26,4,False,False,True,False,271.0,271,12440.48
7,2025-09-26,4,False,False,True,False,148.99,149,5384.45
8,2025-09-26,4,False,False,True,False,177.41,177,7078.72
9,2025-09-26,4,False,False,True,False,135.03,135,4965.51
10,2025-09-26,4,False,False,True,False,158.63,159,5863.7
11,2025-09-26,4,False,False,True,False,259.87,260,12919.6
12,2025-09-26,4,False,False,True,False,188.46,188,8019.97
1,2025-09-27,5,True,False,False,True,140.86,141,7282.87
2,2025-09-27,5,True,False,False,True,267.61,268,11730.78
3,2025-09-27,5,True,False,False,True,165.83,166,8411.47
4,2025-09-27,5,True,False,False,True,192.55,193,10584.46
5,2025-09-27,5,True,False,False,True,268.5,268,14056.4
6,2025-09-27,5,True,False,False,True,227.75,228,9550.81
7,2025-09-27,5,True,False,False,True,230.95,231,9697.35
8,2025-09-27,5,True,False,False,True,171.84,172,9419.09
9,2025-09-27,5,True,False,False,True,116.86,117,4347.64
10,2025-09-27,5,True,False,False,True,172.01,172,7618.17
11,2025-09-27,5,True,False,False,True,252.0,252,13426.95
12,2025-09-27,5,True,False,False,True,182.61,183,8950.96
1,2025-09-28,6,True,False,False,True,170.66,171,8030.96
2,2025-09-28,6,True,False,False,True,224.0,224,8387.48
3,2025-09-28,6,True,False,False,True,138.6,139,6343.9
4,2025-09-28,6,True,False,False,True,177.69,178,9662.75
5,2025-09-28,6,True,False,False,True,299.73,300,15034.14
6,2025-09-28,6,True,False,False,True,216.81,217,8009.7
7,2025-09-28,6,True,False,False,True,145.25,145,6076.74
8,2025-09-28,6,True,False,False,True,182.03,182,8274.67
9,2025-09-28,6,True,False,False,True,182.91,183,7002.27
10,2025-09-28,6,True,False,False,True,139.97,140,6963.92
11,2025-09-28,6,True,False,False,True,278.93,279,10145.59
12,2025-09-28,6,True,False,False,True,191.16,191,10059.5
1,2025-09-29,0,False,False,False,True,90.1,90,4054.41
2,2025-09-29,0,False,False,False,True,210.31,210,7400.03
3,2025-09-29,0,False,False,False,True,76.5,77,2709.21
4,2025-09-29,0,False,False,False,True,134.15,134,4967.56
5,2025-09-29,0,False,False,False,True,201.89,202,9007.36
6,2025-09-29,0,False,False,False,True,163.38,163,7488.75
7,2025-09-29,0,False,False,False,True,175.0,175,9001.86
8,2025-09-29,0,False,False,False,True,155.32,155,7001.17
9,2025-09-29,0,False,False,False,True,97.17,97,3896.51
10,2025-09-29,0,False,False,False,True,203.5,203,8591.68
11,2025-09-29,0,False,False,False,True,159.13,159,5759.0
12,2025-09-29,0,False,False,False,True,125.12,125,5534.31
1,2025-09-30,1,False,False,False,True,112.08,112,5928.88
2,2025-09-30,1,False,False,False,True,133.9,134,5563.47
3,2025-09-30,1,False,False,False,True,121.03,121,6123.31
4,2025-09-30,1,False,False,False,True,145.05,145,7663.18
5,2025-09-30,1,False,False,False,True,192.89,193,8573.49
6,2025-09-30,1,False,False,False,True,220.37,220,10597.88
7,2025-09-30,1,False,False,False,True,97.9,98,4626.02
8,2025-09-30,1,False,False,False,True,104.87,105,5225.57
9,2025-09-30,1,False,False,False,True,113.04,113,4010.03
10,2025-09-30,1,False,False,False,True,159.93,160,8541.51
11,2025-09-30,1,False,False,False,True,198.17,198,7447.25
12,2025-09-30,1,False,False,False,True,177.4,177,8135.84
1,2025-10-01,2,False,False,False,True,110.82,111,5651.94
2,2025-10-01,2,False,False,False,True,221.07,221,11740.35
3,2025-10-01,2,False,False,False,True,124.76,125,5434.23
4,2025-10-01,2,False,False,False,True,168.84,169,9212.13
5,2025-10-01,2,False,False,False,True,236.38,236,11345.67
6,2025-10-01,2,False,False,False,True,248.81,249,9428.21
7,2025-10-01,2,False,False,False,True,177.15,177,8891.88
8,2025-10-01,2,False,False,False,True,157.64,158,6500.62
9,2025-10-01,2,False,False,False,True,113.9,114,4781.34
10,2025-10-01,2,False,False,False,True,160.52,161,6599.47
11,2025-10-01,2,False,False,False,True,201.09,201,8852.56
12,2025-10-01,2,False,False,False,True,161.44,161,7030.57
1,2025-10-02,3,False,False,False,True,111.56,112,5915.05
2,2025-10-02,3,False,False,False,True,247.31,247,8662.04
3,2025-10-02,3,False,False,False,True,163.29,163,8005.39
4,2025-10-02,3,False,False,False,True,192.59,193,10220.53
5,2025-10-02,3,False,False,False,True,210.43,210,8472.29
6,2025-10-02,3,False,False,False,True,279.0,279,15280.59
7,2025-10-02,3,False,False,False,True,169.54,170,7677.24
8,2025-10-02,3,False,False,False,True,187.4,187,7550.87
9,2025-10-02,3,False,False,False,True,146.92,147,7243.54
10,2025-10-02,3,False,False,False,True,242.12,242,9299.44
11,2025-10-02,3,False,False,False,True,196.39,196,10195.36
12,2025-10-02,3,False,False,False,True,181.63,182,6706.59
1,2025-10-03,4,False,False,False,True,112.28,112,5354.41
2,2025-10-03,4,False,False,False,True,221.58,222,9319.58
3,2025-10-03,4,False,False,False,True,134.23,134,6488.73
4,2025-10-03,4,False,False,False,True,182.63,183,8404.24
5,2025-10-03,4,False,False,False,True,224.78,225,8371.59
6,2025-10-03,4,False,False,False,True,151.14,151,5699.33
7,2025-10-03,4,False,False,False,True,279.07,279,12241.74
8,2025-10-03,4,False,False,False,True,167.48,167,5939.29
9,2025-10-03,4,False,False,False,True,123.68,124,6655.64
10,2025-10-03,4,False,False,False,True,176.92,177,8871.43
11,2025-10-03,4,False,False,False,True,298.04,298,14377.19
12,2025-10-03,4,False,False,False,True,206.32,206,9731.35
1,2025-10-04,5,True,False,False,True,185.89,186,9804.97
2,2025-10-04,5,True,False,False,True,267.71,268,11527.64
3,2025-10-04,5,True,False,False,True,245.18,245,8773.57
4,2025-10-04,5,True,False,False,True,181.47,181,6835.08
5,2025-10-04,5,True,False,False,True,319.83,320,15928.99
6,2025-10-04,5,True,False,False,True,246.99,247,10499.64
7,2025-10-04,5,True,False,False,True,180.73,181,8260.41
8,2025-10-04,5,True,False,False,True,273.71,274,10964.69
9,2025-10-04,5,True,False,False,True,222.26,222,11285.87
10,2025-10-04,5,True,False,False,True,213.42,213,7635.59
11,2025-10-04,5,True,False,False,True,201.99,202,8338.57
12,2025-10-04,5,True,False,False,True,222.85,223,10775.73
1,2025-10-05,6,True,False,False,True,124.35,124,5384.69
2,2025-10-05,6,True,False,False,True,214.58,215,11705.31
3,2025-10-05,6,True,False,False,True,175.98,176,8544.61
4,2025-10-05,6,True,False,False,True,205.93,206,7339.51
5,2025-10-05,6,True,False,False,True,228.72,229,9247.07
6,2025-10-05,6,True,False,False,True,226.57,227,9953.68
7,2025-10-05,6,True,False,False,True,201.9,202,10755.39
8,2025-10-05,6,True,False,False,True,219.94,220,8444.3
9,2025-10-05,6,True,False,False,True,133.09,133,5563.79
10,2025-10-05,6,True,False,False,True,200.36,200,10798.88
11,2025-10-05,6,True,False,False,True,274.17,274,12872.35
12,2025-10-05,6,True,False,False,True,191.62,192,9192.37
1,2025-10-06,0,False,False,False,True,81.72,82,3777.7
2,2025-10-06,0,False,False,False,True,147.4,147,6828.67
3,2025-10-06,0,False,False,False,True,99.65,100,5334.63
4,2025-10-06,0,False,False,False,True,155.75,156,8217.14
5,2025-10-06,0,False,False,False,True,133.45,133,4700.67
6,2025-10-06,0,False,False,False,True,177.92,178,6761.95
7,2025-10-06,0,False,False,False,True,158.07,158,7237.27
8,2025-10-06,0,False,False,False,True,180.75,181,6354.09
9,2025-10-06,0,False,False,False,True,86.35,86,3111.75
10,2025-10-06,0,False,False,False,True,146.27,146,7030.18
11,2025-10-06,0,False,False,False,True,134.06,134,5687.01
12,2025-10-06,0,False,False,False,True,116.51,117,4931.67
1,2025-10-07,1,False,False,False,True,101.38,101,4222.93
2,2025-10-07,1,False,False,False,True,250.26,250,10931.26
3,2025-10-07,1,False,False,False,True,118.11,118,5299.42
4,2025-10-07,1,False,False,False,True,129.9,130,5209.8
5,2025-10-07,1,False,False,False,True,221.64,222,8772.92
6,2025-10-07,1,False,False,False,True,256.67,257,11657.57
7,2025-10-07,1,False,False,False,True,186.34,186,7687.2
8,2025-10-07,1,False,False,False,True,137.46,137,6809.16
9,2025-10-07,1,False,False,False,True,82.33,82,4496.54
10,2025-10-07,1,False,False,False,True,200.34,200,7143.34
11,2025-10-07,1,False,False,False,True,181.5,181,9765.34
12,2025-10-07,1,False,False,False,True,103.48,103,4573.11
1,2025-10-08,2,False,False,False,True,97.8,98,4250.26
2,2025-10-08,2,False,False,False,True,265.89,266,14489.77
3,2025-10-08,2,False,False,False,True,103.43,103,5522.16
4,2025-10-08,2,False,False,False,True,145.3,145,7318.61
5,2025-10-08,2,False,False,False,True,178.11,178,9171.78
6,2025-10-08,2,False,False,False,True,178.82,179,7141.39
7,2025-10-08,2,False,False,False,True,140.09,140,6779.93
8,2025-10-08,2,False,False,False,True,197.59,198,9018.01
9,2025-10-08,2,False,False,False,True,96.73,97,3401.69
10,2025-10-08,2,False,False,False,True,154.23,154,7620.24
11,2025-10-08,2,False,False,False,True,301.68,302,10843.85
12,2025-10-08,2,False,False,False,True,161.09,161,7228.63
1,2025-10-09,3,False,False,False,True,124.74,125,6257.62
2,2025-10-09,3,False,False,False,True,228.25,228,10536.22
3,2025-10-09,3,False,False,False,True,126.86,127,4764.48
4,2025-10-09,3,False,False,False,True,156.27,156,8383.51
5,2025-10-09,3,False,False,False,True,265.57,266,11994.7
6,2025-10-09,3,False,False,False,True,238.27,238,8605.25
7,2025-10-09,3,False,False,False,True,136.43,136,6362.87
8,2025-10-09,3,False,False,False,True,143.02,143,7815.15
9,2025-10-09,3,False,False,False,True,118.46,118,5521.14
10,2025-10-09,3,False,False,False,True,171.6,172,9202.84
11,2025-10-09,3,False,False,False,True,155.57,156,8436.5
12,2025-10-09,3,False,False,False,True,160.08,160,7667.98
1,2025-10-10,4,False,False,False,True,164.99,165,8371.0
2,2025-10-10,4,False,False,False,True,231.14,231,8952.43
3,2025-10-10,4,False,False,False,True,150.65,151,7039.51
4,2025-10-10,4,False,False,False,True,191.54,192,9860.18
5,2025-10-10,4,False,False,False,True,278.84,279,13465.36
6,2025-10-10,4,False,False,False,True,257.65,258,9689.75
7,2025-10-10,4,False,False,False,True,156.23,156,7303.25
8,2025-10-10,4,False,False,False,True,272.8,273,13777.98
9,2025-10-10,4,False,False,False,True,150.22,150,5944.92
10,2025-10-10,4,False,False,False,True,178.23,178,6783.09
11,2025-10-10,4,False,False,False,True,219.51,220,8234.58
12,2025-10-10,4,False,False,False,True,181.84,182,9021.59
1,2025-10-11,5,True,False,False,True,144.29,144,7431.38
2,2025-10-11,5,True,False,False,True,214.94,215,8613.03
3,2025-10-11,5,True,False,False,True,199.58,200,9567.32
4,2025-10-11,5,True,False,False,True,213.16,213,9218.6
5,2025-10-11,5,True,False,False,True,292.9,293,14877.92
6,2025-10-11,5,True,False,False,True,309.43,309,15291.18
7,2025-10-11,5,True,False,False,True,226.69,227,11818.28
8,2025-10-11,5,True,False,False,True,223.97,224,8693.12
9,2025-10-11,5,True,False,False,True,168.88,169,7958.67
10,2025-10-11,5,True,False,False,True,321.44,321,14875.97
11,2025-10-11,5,True,False,False,True,322.98,323,16957.99
12,2025-10-11,5,True,False,False,True,230.06,230,11302.6
1,2025-10-12,6,True,False,False,True,139.25,139,5903.72
2,2025-10-12,6,True,False,False,True,169.62,170,8909.07
3,2025-10-12,6,True,False,False,True,131.73,132,6061.36
4,2025-10-12,6,True,False,False,True,210.26,210,7835.96
5,2025-10-12,6,True,False,False,True,356.16,356,15845.56
6,2025-10-12,6,True,False,False,True,316.74,317,12189.4
7,2025-10-12,6,True,False,False,True,219.45,219,9786.49
8,2025-10-12,6,True,False,False,True,226.39,226,8229.41
9,2025-10-12,6,True,False,False,True,131.3,131,6223.72
10,2025-10-12,6,True,False,False,True,176.55,177,8697.78
11,2025-10-12,6,True,False,False,True,243.83,244,10760.45
12,2025-10-12,6,True,False,False,True,196.16,196,7164.73
1,2025-10-13,0,False,False,True,False,82.49,82,3055.43
2,2025-10-13,0,False,False,True,False,144.68,145,7637.03
3,2025-10-13,0,False,False,True,False,99.81,100,3598.13
4,2025-10-13,0,False,False,True,False,76.23,76,3635.12
5,2025-10-13,0,False,False,True,False,188.43,188,9760.64
6,2025-10-13,0,False,False,True,False,143.44,143,5122.26
7,2025-10-13,0,False,False,True,False,128.26,128,4528.86
8,2025-10-13,0,False,False,True,False,117.11,117,5985.22
9,2025-10-13,0,False,False,True,False,114.37,114,4054.24
10,2025-10-13,0,False,False,True,False,119.79,120,5411.95
11,2025-10-13,0,False,False,True,False,157.16,157,7065.25
12,2025-10-13,0,False,False,True,False,107.61,108,4752.81
1,2025-10-14,1,False,False,True,False,86.56,87,3384.6
2,2025-10-14,1,False,False,True,False,145.8,146,6719.79
3,2025-10-14,1,False,False,True,False,87.89,88,3818.82
4,2025-10-14,1,False,False,True,False,93.7,94,3478.57
5,2025-10-14,1,False,False,True,False,156.6,157,7914.61
6,2025-10-14,1,False,False,True,False,137.08,137,5557.2
7,2025-10-14,1,False,False,True,False,124.5,124,6593.82
8,2025-10-14,1,False,False,True,False,121.4,121,4467.12
9,2025-10-14,1,False,False,True,False,78.0,78,2998.3
10,2025-10-14,1,False,False,True,False,133.0,133,6079.61
11,2025-10-14,1,False,False,True,False,151.0,151,7762.33
12,2025-10-14,1,False,False,True,False,148.11,148,8010.0
1,2025-10-15,2,False,False,True,False,85.31,85,2977.6
2,2025-10-15,2,False,False,True,False,177.97,178,9134.4
3,2025-10-15,2,False,False,True,False,103.69,104,5440.69
4,2025-10-15,2,False,False,True,False,174.53,175,7857.64
5,2025-10-15,2,False,False,True,False,216.92,217,10710.16
6,2025-10-15,2,False,False,True,False,169.64,170,8365.74
7,2025-10-15,2,False,False,True,False,123.4,123,6339.17
8,2025-10-15,2,False,False,True,False,161.07,161,7602.13
9,2025-10-15,2,False,False,True,False,108.21,108,4554.12
10,2025-10-15,2,False,False,True,False,119.25,119,5660.77
11,2025-10-15,2,False,False,True,False,123.05,123,5062.28
12,2025-10-15,2,False,False,True,False,155.5,156,6309.39
1,2025-10-16,3,False,False,True,False,83.81,84,3566.77
2,2025-10-16,3,False,False,True,False,269.12,269,11591.91
3,2025-10-16,3,False,False,True,False,72.14,72,3340.06
4,2025-10-16,3,False,False,True,False,140.53,141,6055.96
5,2025-10-16,3,False,False,True,False,157.08,157,7058.82
6,2025-10-16,3,False,False,True,False,170.43,170,8375.98
7,2025-10-16,3,False,False,True,False,177.24,177,7756.12
8,2025-10-16,3,False,False,True,False,105.78,106,5637.87
9,2025-10-16,3,False,False,True,False,123.92,124,4418.77
10,2025-10-16,3,False,False,True,False,156.13,156,6013.34
11,2025-10-16,3,False,False,True,False,154.28,154,6469.52
12,2025-10-16,3,False,False,True,False,131.28,131,5644.22
1,2025-10-17,4,False,False,True,False,110.34,110,4952.09
2,2025-10-17,4,False,False,True,False,216.98,217,10625.84
3,2025-10-17,4,False,False,True,False,109.02,109,3865.68
4,2025-10-17,4,False,False,True,False,153.93,154,7196.76
5,2025-10-17,4,False,False,True,False,245.68,246,13088.16
6,2025-10-17,4,False,False,True,False,212.12,212,11029.44
7,2025-10-17,4,False,False,True,False,135.62,136,7345.92
8,2025-10-17,4,False,False,True,False,146.01,146,6496.37
9,2025-10-17,4,False,False,True,False,156.39,156,6384.32
10,2025-10-17,4,False,False,True,False,159.53,160,8187.57
11,2025-10-17,4,False,False,True,False,206.41,206,7620.65
12,2025-10-17,4,False,False,True,False,160.82,161,7098.1
1,2025-10-18,5,True,False,True,False,90.83,91,3228.39
2,2025-10-18,5,True,False,True,False,163.97,164,6897.21
3,2025-10-18,5,True,False,True,False,157.75,158,7227.74
4,2025-10-18,5,True,False,True,False,170.71,171,8522.86
5,2025-10-18,5,True,False,True,False,197.58,198,10011.08
6,2025-10-18,5,True,False,True,False,320.52,321,14260.86
7,2025-10-18,5,True,False,True,False,190.14,190,8264.54
8,2025-10-18,5,True,False,True,False,238.78,239,11913.18
9,2025-10-18,5,True,False,True,False,112.67,113,4366.57
10,2025-10-18,5,True,False,True,False,217.51,218,7934.88
11,2025-10-18,5,True,False,True,False,267.74,268,12091.49
12,2025-10-18,5,True,False,True,False,188.79,189,10349.97
1,2025-10-19,6,True,False,True,False,137.6,138,5503.9
2,2025-10-19,6,True,False,True,False,251.48,251,10352.86
3,2025-10-19,6,True,False,True,False,147.06,147,6776.2
4,2025-10-19,6,True,False,True,False,194.06,194,8563.71
5,2025-10-19,6,True,False,True,False,225.06,225,11604.68
6,2025-10-19,6,True,False,True,False,198.5,198,7210.81
7,2025-10-19,6,True,False,True,False,198.65,199,9939.16
8,2025-10-19,6,True,False,True,False,225.29,225,11779.64
9,2025-10-19,6,True,False,True,False,126.3,126,4988.69
10,2025-10-19,6,True,False,True,False,189.91,190,9762.18
11,2025-10-19,6,True,False,True,False,256.63,257,12026.75
12,2025-10-19,6,True,False,True,False,141.79,142,5919.8
1,2025-10-20,0,False,False,True,False,72.45,72,3480.26
2,2025-10-20,0,False,False,True,False,213.37,213,9102.02
3,2025-10-20,0,False,False,True,False,97.45,97,4813.23
4,2025-10-20,0,False,False,True,False,147.63,148,5306.03
5,2025-10-20,0,False,False,True,False,164.65,165,6486.62
6,2025-10-20,0,False,False,True,False,190.36,190,7979.74
7,2025-10-20,0,False,False,True,False,98.57,99,4425.61
8,2025-10-20,0,False,False,True,False,98.05,98,4271.73
9,2025-10-20,0,False,False,True,False,109.25,109,5326.47
10,2025-10-20,0,False,False,True,False,137.84,138,5821.63
11,2025-10-20,0,False,False,True,False,184.84,185,9924.12
12,2025-10-20,0,False,False,True,False,157.23,157,7778.11
1,2025-10-21,1,False,False,True,False,58.01,58,2560.23
2,2025-10-21,1,False,False,True,False,202.35,202,10986.63
3,2025-10-21,1,False,False,True,False,91.22,91,3569.42
4,2025-10-21,1,False,False,True,False,138.24,138,6226.19
5,2025-10-21,1,False,False,True,False,173.22,173,6471.38
6,2025-10-21,1,False,False,True,False,150.99,151,5518.12
7,2025-10-21,1,False,False,True,False,144.67,145,6886.82
8,2025-10-21,1,False,False,True,False,133.28,133,6588.34
9,2025-10-21,1,False,False,True,False,95.76,96,4346.0
10,2025-10-21,1,False,False,True,False,96.03,96,4563.69
11,2025-10-21,1,False,False,True,False,193.69,194,7996.55
12,2025-10-21,1,False,False,True,False,125.78,126,6251.84
1,2025-10-22,2,False,False,True,False,109.79,110,4893.02
2,2025-10-22,2,False,False,True,False,209.89,210,10503.87
3,2025-10-22,2,False,False,True,False,102.09,102,5500.11
4,2025-10-22,2,False,False,True,False,165.74,166,7702.43
5,2025-10-22,2,False,False,True,False,172.02,172,7346.72
6,2025-10-22,2,False,False,True,False,224.38,224,11658.0
7,2025-10-22,2,False,False,True,False,145.61,146,6159.37
8,2025-10-22,2,False,False,True,False,141.12,141,7430.15
9,2025-10-22,2,False,False,True,False,119.87,120,6446.73
10,2025-10-22,2,False,False,True,False,122.95,123,6146.13
11,2025-10-22,2,False,False,True,False,192.66,193,8965.23
12,2025-10-22,2,False,False,True,False,112.84,113,4734.87
1,2025-10-23,3,False,False,True,False,100.82,101,5042.99
2,2025-10-23,3,False,False,True,False,190.23,190,9820.06
3,2025-10-23,3,False,False,True,False,101.37,101,3573.33
4,2025-10-23,3,False,False,True,False,165.84,166,6590.56
5,2025-10-23,3,False,False,True,False,211.17,211,7413.35
6,2025-10-23,3,False,False,True,False,220.74,221,9640.51
7,2025-10-23,3,False,False,True,False,176.54,177,6630.19
8,2025-10-23,3,False,False,True,False,175.13,175,7566.34
9,2025-10-23,3,False,False,True,False,89.95,90,4182.03
10,2025-10-23,3,False,False,True,False,138.39,138,5629.34
11,2025-10-23,3,False,False,True,False,228.97,229,9272.77
12,2025-10-23,3,False,False,True,False,178.61,179,7177.76
1,2025-10-24,4,False,False,True,False,126.16,126,5758.73
2,2025-10-24,4,False,False,True,False,213.09,213,11505.6
3,2025-10-24,4,False,False,True,False,83.08,83,3170.68
4,2025-10-24,4,False,False,True,False,164.16,164,6245.51
5,2025-10-24,4,False,False,True,False,235.18,235,9419.6
6,2025-10-24,4,False,False,True,False,236.06,236,10864.37
7,2025-10-24,4,False,False,True,False,214.68,215,9558.5
8,2025-10-24,4,False,False,True,False,142.19,142,7626.8
9,2025-10-24,4,False,False,True,False,138.97,139,6594.6
10,2025-10-24,4,False,False,True,False,148.35,148,7457.14
11,2025-10-24,4,False,False,True,False,290.09,290,12907.83
12,2025-10-24,4,False,False,True,False,172.94,173,7742.4
1,2025-10-25,5,True,False,True,False,98.58,99,4884.01
2,2025-10-25,5,True,False,True,False,269.01,269,13357.37
3,2025-10-25,5,True,False,True,False,139.35,139,5191.25
4,2025-10-25,5,True,False,True,False,235.88,236,10699.71
5,2025-10-25,5,True,False,True,False,241.36,241,12355.48
6,2025-10-25,5,True,False,True,False,265.79,266,9360.96
7,2025-10-25,5,True,False,True,False,145.28,145,5552.69
8,2025-10-25,5,True,False,True,False,157.18,157,7779.24
9,2025-10-25,5,True,False,True,False,137.3,137,5528.49
10,2025-10-25,5,True,False,True,False,170.81,171,6594.62
11,2025-10-25,5,True,False,True,False,242.46,242,12591.95
12,2025-10-25,5,True,False,True,False,181.6,182,9105.67
1,2025-10-26,6,True,False,True,False,120.4,120,4839.56
2,2025-10-26,6,True,False,True,False,221.61,222,11978.13
3,2025-10-26,6,True,False,True,False,110.59,111,3949.35
4,2025-10-26,6,True,False,True,False,181.11,181,7947.08
5,2025-10-26,6,True,False,True,False,228.07,228,11924.61
6,2025-10-26,6,True,False,True,False,229.34,229,11292.69
7,2025-10-26,6,True,False,True,False,191.78,192,10341.3
8,2025-10-26,6,True,False,True,False,167.83,168,9208.14
9,2025-10-26,6,True,False,True,False,118.9,119,4398.33
10,2025-10-26,6,True,False,True,False,159.73,160,8467.49
11,2025-10-26,6,True,False,True,False,213.19,213,11626.08
12,2025-10-26,6,True,False,True,False,152.3,152,7637.4
1,2025-10-27,0,False,True,True,False,113.86,114,5353.64
2,2025-10-27,0,False,True,True,False,173.02,173,8118.3
3,2025-10-27,0,False,True,True,False,115.97,116,6144.34
4,2025-10-27,0,False,True,True,False,171.08,171,9056.48
5,2025-10-27,0,False,True,True,False,285.71,286,14510.4
6,2025-10-27,0,False,True,True,False,255.32,255,12096.63
7,2025-10-27,0,False,True,True,False,180.03,180,7149.04
8,2025-10-27,0,False,True,True,False,164.55,165,8128.39
9,2025-10-27,0,False,True,True,False,99.57,100,3635.23
10,2025-10-27,0,False,True,True,False,199.14,199,8109.48
11,2025-10-27,0,False,True,True,False,247.2,247,12838.33
12,2025-10-27,0,False,True,True,False,140.43,140,7167.66
1,2025-10-28,1,False,False,True,False,102.95,103,5604.68
2,2025-10-28,1,False,False,True,False,177.49,177,7392.3
3,2025-10-28,1,False,False,True,False,80.09,80,3690.71
4,2025-10-28,1,False,False,True,False,152.57,153,6789.49
5,2025-10-28,1,False,False,True,False,173.01,173,9160.51
6,2025-10-28,1,False,False,True,False,170.38,170,7720.99
7,2025-10-28,1,False,False,True,False,141.95,142,5080.57
8,2025-10-28,1,False,False,True,False,91.3,91,3923.78
9,2025-10-28,1,False,False,True,False,101.63,102,4537.7
10,2025-10-28,1,False,False,True,False,121.52,122,4288.21
11,2025-10-28,1,False,False,True,False,130.73,131,6434.86
12,2025-10-28,1,False,False,True,False,121.41,121,4785.06
1,2025-10-29,2,False,False,True,False,92.53,93,4354.32
2,2025-10-29,2,False,False,True,False,263.25,263,12980.55
3,2025-10-29,2,False,False,True,False,106.95,107,4918.57
4,2025-10-29,2,False,False,True,False,131.55,132,4983.07
5,2025-10-29,2,False,False,True,False,186.24,186,7208.54
6,2025-10-29,2,False,False,True,False,144.77,145,5429.65
7,2025-10-29,2,False,False,True,False,169.7,170,6776.63
8,2025-10-29,2,False,False,True,False,148.16,148,7090.34
9,2025-10-29,2,False,False,True,False,99.6,100,4633.37
10,2025-10-29,2,False,False,True,False,113.23,113,5206.44
11,2025-10-29,2,False,False,True,False,174.42,174,7645.9
12,2025-10-29,2,False,False,True,False,131.96,132,5780.46
1,2025-10-30,3,False,False,True,False,121.95,122,4712.23
2,2025-10-30,3,False,False,True,False,101.79,102,4405.15
3,2025-10-30,3,False,False,True,False,104.6,105,5020.71
4,2025-10-30,3,False,False,True,False,149.51,150,6748.37
5,2025-10-30,3,False,False,True,False,165.72,166,7892.21
6,2025-10-30,3,False,False,True,False,189.81,190,10339.86
7,2025-10-30,3,False,False,True,False,192.64,193,10420.8
8,2025-10-30,3,False,False,True,False,136.56,137,7332.13
9,2025-10-30,3,False,False,True,False,67.8,68,3695.37
10,2025-10-30,3,False,False,True,False,124.11,124,6595.39
11,2025-10-30,3,False,False,True,False,271.82,272,11733.23
12,2025-10-30,3,False,False,True,False,129.04,129,4823.52
1,2025-10-31,4,False,False,True,False,171.99,172,6102.77
2,2025-10-31,4,False,False,True,False,294.36,294,10677.31
3,2025-10-31,4,False,False,True,False,98.63,99,5372.75
4,2025-10-31,4,False,False,True,False,188.46,188,6642.5
5,2025-10-31,4,False,False,True,False,236.82,237,9163.37
6,2025-10-31,4,False,False,True,False,274.91,275,10160.64
7,2025-10-31,4,False,False,True,False,165.99,166,7029.06
8,2025-10-31,4,False,False,True,False,211.14,211,7485.87
9,2025-10-31,4,False,False,True,False,128.87,129,5633.92
10,2025-10-31,4,False,False,True,False,166.67,167,8763.21
11,2025-10-31,4,False,False,True,False,219.45,219,8888.03
12,2025-10-31,4,False,False,True,False,159.72,160,6683.17
1,2025-11-01,5,True,False,True,False,115.4,115,5837.07
2,2025-11-01,5,True,False,True,False,297.86,298,14308.04
3,2025-11-01,5,True,False,True,False,112.03,112,5646.88
4,2025-11-01,5,True,False,True,False,258.93,259,10328.01
5,2025-11-01,5,True,False,True,False,269.1,269,11899.06
6,2025-11-01,5,True,False,True,False,262.64,263,11513.02
7,2025-11-01,5,True,False,True,False,230.29,230,9923.8
8,2025-11-01,5,True,False,True,False,195.03,195,9748.12
9,2025-11-01,5,True,False,True,False,200.02,200,9463.02
10,2025-11-01,5,True,False,True,False,191.44,191,9188.97
11,2025-11-01,5,True,False,True,False,330.85,331,12989.35
12,2025-11-01,5,True,False,True,False,202.51,203,8313.13
1,2025-11-02,6,True,False,True,False,131.31,131,5418.54
2,2025-11-02,6,True,False,True,False,259.55,260,10081.55
3,2025-11-02,6,True,False,True,False,127.74,128,5319.52
4,2025-11-02,6,True,False,True,False,184.38,184,10100.25
5,2025-11-02,6,True,False,True,False,251.8,252,9458.5
6,2025-11-02,6,True,False,True,False,126.54,127,6907.14
7,2025-11-02,6,True,False,True,False,138.28,138,6414.57
8,2025-11-02,6,True,False,True,False,222.64,223,8744.96
9,2025-11-02,6,True,False,True,False,111.14,111,4325.25
10,2025-11-02,6,True,False,True,False,189.51,190,8135.06
11,2025-11-02,6,True,False,True,False,310.25,310,11066.12
12,2025-11-02,6,True,False,True,False,182.51,183,6984.4
1,2025-11-03,0,False,False,True,False,82.48,82,3714.45
2,2025-11-03,0,False,False,True,False,158.26,158,6001.73
3,2025-11-03,0,False,False,True,False,86.85,87,4380.57
4,2025-11-03,0,False,False,True,False,146.2,146,7801.97
5,2025-11-03,0,False,False,True,False,155.32,155,7756.99
6,2025-11-03,0,False,False,True,False,181.2,181,8922.53
7,2025-11-03,0,False,False,True,False,138.49,138,5955.32
8,2025-11-03,0,False,False,True,False,156.77,157,7726.49
9,2025-11-03,0,False,False,True,False,70.45,70,2515.75
10,2025-11-03,0,False,False,True,False,115.29,115,5546.11
11,2025-11-03,0,False,False,True,False,211.69,212,7920.03
12,2025-11-03,0,False,False,True,False,112.53,113,4491.75
1,2025-11-04,1,False,False,True,False,68.55,69,3626.57
2,2025-11-04,1,False,False,True,False,273.83,274,12860.22
3,2025-11-04,1,False,False,True,False,87.89,88,4512.32
4,2025-11-04,1,False,False,True,False,93.12,93,3874.57
5,2025-11-04,1,False,False,True,False,189.5,190,7043.43
6,2025-11-04,1,False,False,True,False,155.96,156,5749.26
7,2025-11-04,1,False,False,True,False,142.15,142,5875.81
8,2025-11-04,1,False,False,True,False,128.84,129,6880.48
9,2025-11-04,1,False,False,True,False,101.36,101,4393.19
10,2025-11-04,1,False,False,True,False,144.99,145,6982.08
11,2025-11-04,1,False,False,True,False,140.14,140,7436.27
12,2025-11-04,1,False,False,True,False,170.72,171,6418.21
1,2025-11-05,2,False,False,True,False,120.2,120,5730.25
2,2025-11-05,2,False,False,True,False,209.57,210,8981.33
3,2025-11-05,2,False,False,True,False,115.7,116,6357.27
4,2025-11-05,2,False,False,True,False,144.35,144,5385.91
5,2025-11-05,2,False,False,True,False,112.92,113,4284.53
6,2025-11-05,2,False,False,True,False,197.22,197,9983.12
7,2025-11-05,2,False,False,True,False,227.26,227,8335.38
8,2025-11-05,2,False,False,True,False,154.89,155,5530.33
9,2025-11-05,2,False,False,True,False,105.13,105,4941.93
10,2025-11-05,2,False,False,True,False,141.42,141,6439.51
11,2025-11-05,2,False,False,True,False,134.43,134,6593.0
12,2025-11-05,2,False,False,True,False,222.02,222,8985.09
1,2025-11-06,3,False,False,True,False,123.37,123,4681.23
2,2025-11-06,3,False,False,True,False,198.41,198,8609.42
3,2025-11-06,3,False,False,True,False,94.07,94,3940.77
4,2025-11-06,3,False,False,True,False,179.05,179,7604.24
5,2025-11-06,3,False,False,True,False,162.04,162,8405.61
6,2025-11-06,3,False,False,True,False,205.09,205,10555.33
7,2025-11-06,3,False,False,True,False,148.16,148,6122.75
8,2025-11-06,3,False,False,True,False,161.93,162,8796.18
9,2025-11-06,3,False,False,True,False,100.72,101,5472.3
10,2025-11-06,3,False,False,True,False,132.12,132,6300.36
11,2025-11-06,3,False,False,True,False,185.56,186,7932.23
12,2025-11-06,3,False,False,True,False,145.69,146,7820.29
1,2025-11-07,4,False,False,True,False,109.07,109,4756.43
2,2025-11-07,4,False,False,True,False,213.25,213,9858.97
3,2025-11-07,4,False,False,True,False,170.99,171,8541.88
4,2025-11-07,4,False,False,True,False,185.51,186,9708.34
5,2025-11-07,4,False,False,True,False,194.66,195,9957.03
6,2025-11-07,4,False,False,True,False,260.75,261,9361.44
7,2025-11-07,4,False,False,True,False,147.86,148,6255.43
8,2025-11-07,4,False,False,True,False,160.19,160,7787.2
9,2025-11-07,4,False,False,True,False,112.58,113,3983.41
10,2025-11-07,4,False,False,True,False,170.68,171,9045.65
11,2025-11-07,4,False,False,True,False,257.56,258,12561.61
12,2025-11-07,4,False,False,True,False,189.51,190,8311.28
1,2025-11-08,5,True,False,True,False,151.19,151,7644.31
2,2025-11-08,5,True,False,True,False,241.1,241,8979.1
3,2025-11-08,5,True,False,True,False,158.2,158,7421.63
4,2025-11-08,5,True,False,True,False,195.12,195,6960.07
5,2025-11-08,5,True,False,True,False,147.42,147,7577.34
6,2025-11-08,5,True,False,True,False,338.91,339,13904.72
7,2025-11-08,5,True,False,True,False,187.94,188,8703.9
8,2025-11-08,5,True,False,True,False,241.05,241,12202.2
9,2025-11-08,5,True,False,True,False,124.93,125,5411.1
10,2025-11-08,5,True,False,True,False,220.4,220,9368.28
11,2025-11-08,5,True,False,True,False,294.61,295,15498.04
12,2025-11-08,5,True,False,True,False,202.36,202,10775.34
1,2025-11-09,6,True,False,True,False,135.35,135,4771.29
2,2025-11-09,6,True,False,True,False,175.45,175,9124.71
3,2025-11-09,6,True,False,True,False,112.52,113,4048.81
4,2025-11-09,6,True,False,True,False,137.94,138,7203.35
5,2025-11-09,6,True,False,True,False,269.47,269,10195.82
6,2025-11-09,6,True,False,True,False,241.76,242,11003.21
7,2025-11-09,6,True,False,True,False,151.36,151,7342.73
8,2025-11-09,6,True,False,True,False,279.16,279,15269.44
9,2025-11-09,6,True,False,True,False,133.04,133,6388.94
10,2025-11-09,6,True,False,True,False,181.61,182,8850.84
11,2025-11-09,6,True,False,True,False,218.12,218,11866.32
12,2025-11-09,6,True,False,True,False,192.76,193,9179.11
1,2025-11-10,0,False,False,True,False,61.28,61,3067.38
2,2025-11-10,0,False,False,True,False,159.68,160,7588.63
3,2025-11-10,0,False,False,True,False,113.33,113,5529.22
4,2025-11-10,0,False,False,True,False,164.68,165,6141.22
5,2025-11-10,0,False,False,True,False,205.16,205,10215.6
6,2025-11-10,0,False,False,True,False,135.4,135,5878.99
7,2025-11-10,0,False,False,True,False,169.42,169,8562.65
8,2025-11-10,0,False,False,True,False,144.51,145,7416.03
9,2025-11-10,0,False,False,True,False,101.8,102,4235.19
10,2025-11-10,0,False,False,True,False,152.89,153,7143.38
11,2025-11-10,0,False,False,True,False,200.25,200,9555.59
12,2025-11-10,0,False,False,True,False,160.17,160,8597.03
1,2025-11-11,1,False,False,True,False,96.1,96,5057.7
2,2025-11-11,1,False,False,True,False,173.15,173,8191.33
3,2025-11-11,1,False,False,True,False,104.11,104,3745.77
4,2025-11-11,1,False,False,True,False,165.51,166,7379.72
5,2025-11-11,1,False,False,True,False,145.45,145,6678.03
6,2025-11-11,1,False,False,True,False,189.02,189,7083.88
7,2025-11-11,1,False,False,True,False,152.02,152,6007.53
8,2025-11-11,1,False,False,True,False,118.99,119,6006.65
9,2025-11-11,1,False,False,True,False,75.35,75,3270.77
10,2025-11-11,1,False,False,True,False,202.1,202,9091.94
11,2025-11-11,1,False,False,True,False,201.87,202,9281.15
12,2025-11-11,1,False,False,True,False,158.67,159,7712.69
1,2025-11-12,2,False,False,True,False,104.11,104,4790.01
2,2025-11-12,2,False,False,True,False,177.84,178,9755.0
3,2025-11-12,2,False,False,True,False,77.99,78,3591.33
4,2025-11-12,2,False,False,True,False,168.19,168,8326.62
5,2025-11-12,2,False,False,True,False,225.71,226,8734.33
6,2025-11-12,2,False,False,True,False,178.31,178,6940.43
7,2025-11-12,2,False,False,True,False,119.67,120,4677.47
8,2025-11-12,2,False,False,True,False,154.15,154,6003.96
9,2025-11-12,2,False,False,True,False,100.8,101,5030.75
10,2025-11-12,2,False,False,True,False,119.18,119,4848.47
11,2025-11-12,2,False,False,True,False,157.85,158,8549.64
12,2025-11-12,2,False,False,True,False,137.26,137,5197.69
1,2025-11-13,3,False,False,True,False,105.82,106,5554.47
2,2025-11-13,3,False,False,True,False,122.66,123,4635.42
3,2025-11-13,3,False,False,True,False,118.86,119,6021.83
4,2025-11-13,3,False,False,True,False,142.49,142,5788.64
5,2025-11-13,3,False,False,True,False,155.39,155,5551.86
6,2025-11-13,3,False,False,True,False,274.75,275,10071.35
7,2025-11-13,3,False,False,True,False,147.93,148,7485.88
8,2025-11-13,3,False,False,True,False,179.13,179,7079.37
9,2025-11-13,3,False,False,True,False,98.52,99,4699.86
10,2025-11-13,3,False,False,True,False,160.96,161,8610.56
11,2025-11-13,3,False,False,True,False,224.39,224,10007.49
12,2025-11-13,3,False,False,True,False,205.36,205,7387.77
1,2025-11-14,4,False,False,True,False,129.59,130,7108.03
2,2025-11-14,4,False,False,True,False,173.64,174,7596.75
3,2025-11-14,4,False,False,True,False,135.53,136,5281.63
4,2025-11-14,4,False,False,True,False,215.51,216,10711.6
5,2025-11-14,4,False,False,True,False,198.83,199,7311.9
6,2025-11-14,4,False,False,True,False,247.86,248,12304.1
7,2025-11-14,4,False,False,True,False,214.81,215,7630.23
8,2025-11-14,4,False,False,True,False,148.68,149,6732.19
9,2025-11-14,4,False,False,True,False,166.9,167,6653.82
10,2025-11-14,4,False,False,True,False,128.88,129,5527.58
11,2025-11-14,4,False,False,True,False,234.08,234,11924.83
12,2025-11-14,4,False,False,True,False,224.49,224,10980.22
1,2025-11-15,5,True,False,True,False,127.26,127,5071.56
2,2025-11-15,5,True,False,True,False,269.41,269,11277.13
3,2025-11-15,5,True,False,True,False,163.67,164,7270.64
4,2025-11-15,5,True,False,True,False,162.28,162,8247.14
5,2025-11-15,5,True,False,True,False,305.54,306,11834.62
6,2025-11-15,5,True,False,True,False,263.78,264,9474.6
7,2025-11-15,5,True,False,True,False,214.46,214,10731.06
8,2025-11-15,5,True,False,True,False,222.83,223,8713.78
9,2025-11-15,5,True,False,True,False,162.11,162,7999.61
10,2025-11-15,5,True,False,True,False,217.36,217,8647.19
11,2025-11-15,5,True,False,True,False,335.6,336,17484.06
12,2025-11-15,5,True,False,True,False,188.2,188,9723.78
1,2025-11-16,6,True,False,True,False,79.86,80,3548.42
2,2025-11-16,6,True,False,True,False,160.1,160,6855.86
3,2025-11-16,6,True,False,True,False,121.24,121,5793.17
4,2025-11-16,6,True,False,True,False,197.73,198,7545.06
5,2025-11-16,6,True,False,True,False,194.01,194,8904.79
6,2025-11-16,6,True,False,True,False,222.21,222,8592.29
7,2025-11-16,6,True,False,True,False,201.75,202,7110.17
8,2025-11-16,6,True,False,True,False,139.53,140,6248.13
9,2025-11-16,6,True,False,True,False,129.44,129,4781.76
10,2025-11-16,6,True,False,True,False,191.35,191,8271.64
11,2025-11-16,6,True,False,True,False,186.64,187,7167.56
12,2025-11-16,6,True,False,True,False,172.64,173,8677.59
1,2025-11-17,0,False,False,True,False,102.1,102,4568.69
2,2025-11-17,0,False,False,True,False,182.24,182,6814.55
3,2025-11-17,0,False,False,True,False,103.07,103,5205.3
4,2025-11-17,0,False,False,True,False,89.66,90,4107.71
5,2025-11-17,0,False,False,True,False,124.06,124,5084.69
6,2025-11-17,0,False,False,True,False,140.41,140,7048.83
7,2025-11-17,0,False,False,True,False,144.0,144,6083.34
8,2025-11-17,0,False,False,True,False,124.12,124,5666.41
9,2025-11-17,0,False,False,True,False,90.48,90,4415.34
10,2025-11-17,0,False,False,True,False,136.79,137,6704.38
11,2025-11-17,0,False,False,True,False,141.62,142,7173.65
12,2025-11-17,0,False,False,True,False,120.46,120,5934.23
1,2025-11-18,1,False,False,True,False,113.96,114,5147.2
2,2025-11-18,1,False,False,True,False,161.66,162,8493.47
3,2025-11-18,1,False,False,True,False,108.92,109,5835.64
4,2025-11-18,1,False,False,True,False,189.2,189,9044.96
5,2025-11-18,1,False,False,True,False,165.79,166,6133.64
6,2025-11-18,1,False,False,True,False,186.58,187,9355.14
7,2025-11-18,1,False,False,True,False,104.74,105,5094.47
8,2025-11-18,1,False,False,True,False,96.6,97,5061.98
9,2025-11-18,1,False,False,True,False,108.49,108,5561.27
10,2025-11-18,1,False,False,True,False,135.97,136,6631.81
11,2025-11-18,1,False,False,True,False,233.93,234,10486.37
12,2025-11-18,1,False,False,True,False,129.24,129,4956.26
1,2025-11-19,2,False,False,True,False,85.97,86,4153.16
2,2025-11-19,2,False,False,True,False,213.57,214,7933.03
3,2025-11-19,2,False,False,True,False,100.96,101,4374.35
4,2025-11-19,2,False,False,True,False,122.75,123,4756.01
5,2025-11-19,2,False,False,True,False,216.76,217,11593.9
6,2025-11-19,2,False,False,True,False,186.71,187,8547.5
7,2025-11-19,2,False,False,True,False,197.66,198,10698.63
8,2025-11-19,2,False,False,True,False,129.32,129,6211.9
9,2025-11-19,2,False,False,True,False,106.79,107,4252.31
10,2025-11-19,2,False,False,True,False,143.01,143,7847.85
11,2025-11-19,2,False,False,True,False,193.36,193,9755.57
12,2025-11-19,2,False,False,True,False,141.04,141,5857.34
1,2025-11-20,3,False,False,True,False,84.71,85,4554.19
2,2025-11-20,3,False,False,True,False,222.28,222,11163.36
3,2025-11-20,3,False,False,True,False,104.04,104,4630.06
4,2025-11-20,3,False,False,True,False,166.07,166,6677.19
5,2025-11-20,3,False,False,True,False,246.82,247,9005.26
6,2025-11-20,3,False,False,True,False,159.8,160,7468.11
7,2025-11-20,3,False,False,True,False,179.9,180,9612.64
8,2025-11-20,3,False,False,True,False,187.15,187,9157.49
9,2025-11-20,3,False,False,True,False,105.63,106,5803.97
10,2025-11-20,3,False,False,True,False,169.33,169,6246.73
11,2025-11-20,3,False,False,True,False,226.49,226,10303.76
12,2025-11-20,3,False,False,True,False,170.03,170,6556.63
1,2025-11-21,4,False,False,True,False,123.28,123,6013.67
2,2025-11-21,4,False,False,True,False,214.66,215,10284.66
3,2025-11-21,4,False,False,True,False,107.17,107,4956.79
4,2025-11-21,4,False,False,True,False,183.97,184,8281.31
5,2025-11-21,4,False,False,True,False,270.89,271,14321.06
6,2025-11-21,4,False,False,True,False,294.46,294,15561.75
7,2025-11-21,4,False,False,True,False,120.45,120,6167.08
8,2025-11-21,4,False,False,True,False,201.87,202,10670.09
9,2025-11-21,4,False,False,True,False,163.48,163,8317.74
10,2025-11-21,4,False,False,True,False,233.26,233,9931.81
11,2025-11-21,4,False,False,True,False,203.72,204,7342.57
12,2025-11-21,4,False,False,True,False,168.38,168,8952.15
1,2025-11-22,5,True,False,True,False,151.81,152,8097.86
2,2025-11-22,5,True,False,True,False,199.84,200,8499.56
3,2025-11-22,5,True,False,True,False,163.12,163,6249.07
4,2025-11-22,5,True,False,True,False,167.94,168,6689.9
5,2025-11-22,5,True,False,True,False,299.02,299,12480.44
6,2025-11-22,5,True,False,True,False,277.88,278,13362.54
7,2025-11-22,5,True,False,True,False,212.9,213,9187.08
8,2025-11-22,5,True,False,True,False,252.91,253,11322.16
9,2025-11-22,5,True,False,True,False,169.48,169,6345.95
10,2025-11-22,5,True,False,True,False,268.93,269,9585.26
11,2025-11-22,5,True,False,True,False,181.27,181,7517.31
12,2025-11-22,5,True,False,True,False,218.23,218,11517.89
1,2025-11-23,6,True,False,True,False,142.01,142,7602.28
2,2025-11-23,6,True,False,True,False,168.66,169,7985.89
3,2025-11-23,6,True,False,True,False,151.95,152,7895.12
4,2025-11-23,6,True,False,True,False,170.16,170,7467.77
5,2025-11-23,6,True,False,True,False,238.68,239,10737.6
6,2025-11-23,6,True,False,True,False,261.25,261,10240.32
7,2025-11-23,6,True,False,True,False,185.76,186,7284.91
8,2025-11-23,6,True,False,True,False,197.83,198,8390.46
9,2025-11-23,6,True,False,True,False,135.68,136,5884.42
10,2025-11-23,6,True,False,True,False,165.82,166,8795.49
11,2025-11-23,6,True,False,True,False,182.98,183,7795.5
12,2025-11-23,6,True,False,True,False,166.3,166,6412.17
1,2025-11-24,0,False,False,True,False,125.18,125,4397.29
2,2025-11-24,0,False,False,True,False,176.51,177,6493.48
3,2025-11-24,0,False,False,True,False,100.42,100,3939.8
4,2025-11-24,0,False,False,True,False,138.35,138,7188.12
5,2025-11-24,0,False,False,True,False,133.52,134,7324.1
6,2025-11-24,0,False,False,True,False,131.83,132,7232.65
7,2025-11-24,0,False,False,True,False,107.75,108,5939.71
8,2025-11-24,0,False,False,True,False,136.49,136,6973.37
9,2025-11-24,0,False,False,True,False,102.82,103,4999.01
10,2025-11-24,0,False,False,True,False,131.15,131,6343.05
11,2025-11-24,0,False,False,True,False,229.73,230,8054.99
12,2025-11-24,0,False,False,True,False,160.82,161,6543.24
1,2025-11-25,1,False,False,True,False,101.94,102,5337.79
2,2025-11-25,1,False,False,True,False,130.98,131,5326.05
3,2025-11-25,1,False,False,True,False,127.82,128,6236.29
4,2025-11-25,1,False,False,True,False,144.73,145,6844.81
5,2025-11-25,1,False,False,True,False,199.88,200,8160.23
6,2025-11-25,1,False,False,True,False,176.0,176,6784.03
7,2025-11-25,1,False,False,True,False,122.44,122,5336.63
8,2025-11-25,1,False,False,True,False,132.25,132,6392.58
9,2025-11-25,1,False,False,True,False,120.71,121,5487.26
10,2025-11-25,1,False,False,True,False,127.67,128,5983.3
11,2025-11-25,1,False,False,True,False,150.44,150,5276.08
12,2025-11-25,1,False,False,True,False,170.96,171,6825.6
1,2025-11-26,2,False,False,True,False,115.55,116,4863.66
2,2025-11-26,2,False,False,True,False,191.66,192,8901.67
3,2025-11-26,2,False,False,True,False,81.03,81,4011.64
4,2025-11-26,2,False,False,True,False,146.31,146,6094.24
5,2025-11-26,2,False,False,True,False,217.3,217,11845.04
6,2025-11-26,2,False,False,True,False,206.7,207,10774.44
7,2025-11-26,2,False,False,True,False,168.47,168,6868.35
8,2025-11-26,2,False,False,True,False,165.66,166,8758.11
9,2025-11-26,2,False,False,True,False,101.75,102,5112.96
10,2025-11-26,2,False,False,True,False,121.76,122,4431.2
11,2025-11-26,2,False,False,True,False,247.06,247,13283.78
12,2025-11-26,2,False,False,True,False,95.05,95,3551.6
1,2025-11-27,3,False,False,True,False,154.55,155,5987.15
2,2025-11-27,3,False,False,True,False,149.54,150,7654.54
3,2025-11-27,3,False,False,True,False,80.11,80,3358.59
4,2025-11-27,3,False,False,True,False,167.49,167,7698.25
5,2025-11-27,3,False,False,True,False,202.41,202,9157.84
6,2025-11-27,3,False,False,True,False,214.05,214,11460.94
7,2025-11-27,3,False,False,True,False,146.92,147,5962.96
8,2025-11-27,3,False,False,True,False,135.9,136,5481.64
9,2025-11-27,3,False,False,True,False,113.98,114,6254.72
10,2025-11-27,3,False,False,True,False,101.28,101,4133.67
11,2025-11-27,3,False,False,True,False,212.64,213,8268.76
12,2025-11-27,3,False,False,True,False,165.55,166,8296.61
1,2025-11-28,4,False,False,True,False,116.55,117,6050.05
2,2025-11-28,4,False,False,True,False,179.4,179,7690.26
3,2025-11-28,4,False,False,True,False,119.9,120,4455.37
4,2025-11-28,4,False,False,True,False,171.63,172,6112.31
5,2025-11-28,4,False,False,True,False,251.18,251,10594.92
6,2025-11-28,4,False,False,True,False,138.41,138,6083.92
7,2025-11-28,4,False,False,True,False,194.15,194,9876.42
8,2025-11-28,4,False,False,True,False,117.63,118,4328.15
9,2025-11-28,4,False,False,True,False,129.66,130,4974.68
10,2025-11-28,4,False,False,True,False,171.76,172,7733.85
11,2025-11-28,4,False,False,True,False,175.35,175,7628.5
12,2025-11-28,4,False,False,True,False,155.07,155,6704.42
1,2025-11-29,5,True,False,True,False,161.3,161,7832.93
2,2025-11-29,5,True,False,True,False,319.81,320,17490.87
3,2025-11-29,5,True,False,True,False,164.84,165,6210.08
4,2025-11-29,5,True,False,True,False,202.65,203,8670.28
5,2025-11-29,5,True,False,True,False,352.65,353,16254.81
6,2025-11-29,5,True,False,True,False,235.7,236,8947.97
7,2025-11-29,5,True,False,True,False,279.24,279,14599.9
8,2025-11-29,5,True,False,True,False,133.29,133,7083.91
9,2025-11-29,5,True,False,True,False,140.84,141,7024.71
10,2025-11-29,5,True,False,True,False,231.54,232,11444.12
11,2025-11-29,5,True,False,True,False,310.66,311,15293.56
12,2025-11-29,5,True,False,True,False,206.18,206,7863.62
1,2025-11-30,6,True,False,True,False,145.51,146,7558.39
2,2025-11-30,6,True,False,True,False,300.78,301,13431.63
3,2025-11-30,6,True,False,True,False,89.92,90,4709.67
4,2025-11-30,6,True,False,True,False,219.57,220,9391.95
5,2025-11-30,6,True,False,True,False,206.57,207,8927.12
6,2025-11-30,6,True,False,True,False,272.42,272,12882.05
7,2025-11-30,6,True,False,True,False,193.16,193,8528.52
8,2025-11-30,6,True,False,True,False,240.76,241,12036.36
9,2025-11-30,6,True,False,True,False,168.22,168,6989.55
10,2025-11-30,6,True,False,True,False,161.79,162,7560.92
11,2025-11-30,6,True,False,True,False,199.59,200,7786.97
12,2025-11-30,6,True,False,True,False,211.87,212,8130.78
1,2025-12-01,0,False,False,True,False,109.94,110,5434.45
2,2025-12-01,0,False,False,True,False,207.41,207,7611.65
3,2025-12-01,0,False,False,True,False,116.74,117,4510.04
4,2025-12-01,0,False,False,True,False,148.3,148,6485.55
5,2025-12-01,0,False,False,True,False,129.74,130,5809.71
6,2025-12-01,0,False,False,True,False,228.99,229,10965.81
7,2025-12-01,0,False,False,True,False,124.06,124,5235.84
8,2025-12-01,0,False,False,True,False,96.23,96,5001.76
9,2025-12-01,0,False,False,True,False,144.91,145,5550.85
10,2025-12-01,0,False,False,True,False,163.67,164,7378.67
11,2025-12-01,0,False,False,True,False,182.54,183,7408.28
12,2025-12-01,0,False,False,True,False,134.42,134,4697.05
1,2025-12-02,1,False,False,True,False,114.64,115,4936.34
2,2025-12-02,1,False,False,True,False,182.89,183,7762.85
3,2025-12-02,1,False,False,True,False,117.87,118,4274.93
4,2025-12-02,1,False,False,True,False,155.02,155,5892.53
5,2025-12-02,1,False,False,True,False,278.42,278,12905.56
6,2025-12-02,1,False,False,True,False,259.94,260,9607.49
7,2025-12-02,1,False,False,True,False,183.43,183,7968.39
8,2025-12-02,1,False,False,True,False,165.72,166,8522.63
9,2025-12-02,1,False,False,True,False,132.53,133,4961.55
10,2025-12-02,1,False,False,True,False,100.23,100,4034.64
11,2025-12-02,1,False,False,True,False,188.51,189,9435.53
12,2025-12-02,1,False,False,True,False,226.7,227,8272.7
1,2025-12-03,2,False,False,True,False,90.2,90,3747.81
2,2025-12-03,2,False,False,True,False,211.12,211,9712.43
3,2025-12-03,2,False,False,True,False,146.76,147,6213.39
4,2025-12-03,2,False,False,True,False,197.91,198,7269.42
5,2025-12-03,2,False,False,True,False,277.09,277,13104.04
6,2025-12-03,2,False,False,True,False,298.53,299,15140.18
7,2025-12-03,2,False,False,True,False,223.57,224,10563.02
8,2025-12-03,2,False,False,True,False,185.43,185,9899.2
9,2025-12-03,2,False,False,True,False,135.31,135,7098.3
10,2025-12-03,2,False,False,True,False,165.5,166,6286.82
11,2025-12-03,2,False,False,True,False,222.93,223,11190.1
12,2025-12-03,2,False,False,True,False,177.19,177,9188.08
1,2025-12-04,3,False,False,True,False,138.56,139,6770.14
2,2025-12-04,3,False,False,True,False,164.34,164,7362.7
3,2025-12-04,3,False,False,True,False,154.33,154,6072.22
4,2025-12-04,3,False,False,True,False,251.3,251,12343.02
5,2025-12-04,3,False,False,True,False,219.08,219,9925.28
6,2025-12-04,3,False,False,True,False,225.64,226,11160.49
7,2025-12-04,3,False,False,True,False,218.05,218,10264.92
8,2025-12-04,3,False,False,True,False,186.94,187,9608.65
9,2025-12-04,3,False,False,True,False,140.03,140,6389.1
10,2025-12-04,3,False,False,True,False,149.72,150,7784.25
11,2025-12-04,3,False,False,True,False,162.99,163,6176.25
12,2025-12-04,3,False,False,True,False,248.05,248,13539.86
1,2025-12-05,4,False,False,True,False,170.06,170,6038.17
2,2025-12-05,4,False,False,True,False,297.01,297,15347.7
3,2025-12-05,4,False,False,True,False,152.97,153,7923.52
4,2025-12-05,4,False,False,True,False,231.12,231,8326.95
5,2025-12-05,4,False,False,True,False,326.5,326,12034.87
6,2025-12-05,4,False,False,True,False,315.61,316,11120.39
7,2025-12-05,4,False,False,True,False,203.43,203,10471.55
8,2025-12-05,4,False,False,True,False,191.2,191,8912.61
9,2025-12-05,4,False,False,True,False,123.2,123,6641.63
10,2025-12-05,4,False,False,True,False,224.23,224,8598.77
11,2025-12-05,4,False,False,True,False,217.92,218,10318.47
12,2025-12-05,4,False,False,True,False,238.67,239,12477.93
1,2025-12-06,5,True,False,True,False,188.22,188,9679.46
2,2025-12-06,5,True,False,True,False,285.31,285,10904.63
3,2025-12-06,5,True,False,True,False,204.38,204,7677.95
4,2025-12-06,5,True,False,True,False,370.68,371,17391.1
5,2025-12-06,5,True,False,True,False,366.92,367,16461.26
6,2025-12-06,5,True,False,True,False,316.31,316,14964.29
7,2025-12-06,5,True,False,True,False,230.27,230,10433.37
8,2025-12-06,5,True,False,True,False,218.7,219,11572.43
9,2025-12-06,5,True,False,True,False,198.82,199,9684.36
10,2025-12-06,5,True,False,True,False,234.5,234,11928.54
11,2025-12-06,5,True,False,True,False,336.1,336,16490.02
12,2025-12-06,5,True,False,True,False,211.84,212,11338.17
1,2025-12-07,6,True,False,True,False,153.77,154,6206.09
2,2025-12-07,6,True,False,True,False,366.74,367,17413.43
3,2025-12-07,6,True,False,True,False,155.95,156,7882.93
4,2025-12-07,6,True,False,True,False,184.75,185,6864.06
5,2025-12-07,6,True,False,True,False,325.82,326,13040.77
6,2025-12-07,6,True,False,True,False,242.13,242,13151.57
7,2025-12-07,6,True,False,True,False,251.91,252,13373.57
8,2025-12-07,6,True,False,True,False,249.24,249,10434.74
9,2025-12-07,6,True,False,True,False,174.04,174,8282.34
10,2025-12-07,6,True,False,True,False,162.55,163,6167.32
11,2025-12-07,6,True,False,True,False,297.77,298,10852.48
12,2025-12-07,6,True,False,True,False,206.08,206,9133.21
1,2025-12-08,0,False,False,True,False,92.85,93,3817.21
2,2025-12-08,0,False,False,True,False,210.54,211,8120.77
3,2025-12-08,0,False,False,True,False,142.31,142,7247.22
4,2025-12-08,0,False,False,True,False,137.78,138,6754.68
5,2025-12-08,0,False,False,True,False,235.27,235,11442.6
6,2025-12-08,0,False,False,True,False,190.43,190,9645.76
7,2025-12-08,0,False,False,True,False,157.69,158,7973.91
8,2025-12-08,0,False,False,True,False,137.31,137,6511.41
9,2025-12-08,0,False,False,True,False,113.76,114,4494.72
10,2025-12-08,0,False,False,True,False,170.16,170,7771.42
11,2025-12-08,0,False,False,True,False,169.21,169,9159.8
12,2025-12-08,0,False,False,True,False,188.09,188,7467.59
1,2025-12-09,1,False,False,True,False,118.64,119,5683.72
2,2025-12-09,1,False,False,True,False,228.83,229,12547.9
3,2025-12-09,1,False,False,True,False,111.81,112,4020.2
4,2025-12-09,1,False,False,True,False,211.83,212,7936.6
5,2025-12-09,1,False,False,True,False,225.27,225,12261.1
6,2025-12-09,1,False,False,True,False,196.56,197,10014.24
7,2025-12-09,1,False,False,True,False,118.52,119,6362.28
8,2025-12-09,1,False,False,True,False,154.83,155,6374.22
9,2025-12-09,1,False,False,True,False,115.18,115,6211.69
10,2025-12-09,1,False,False,True,False,250.69,251,8990.7
11,2025-12-09,1,False,False,True,False,301.68,302,11899.4
12,2025-12-09,1,False,False,True,False,160.87,161,6472.69
1,2025-12-10,2,False,False,True,False,172.85,173,8803.28
2,2025-12-10,2,False,False,True,False,301.75,302,12275.72
3,2025-12-10,2,False,False,True,False,193.4,193,7888.41
4,2025-12-10,2,False,False,True,False,172.93,173,6329.98
5,2025-12-10,2,False,False,True,False,246.46,246,12112.47
6,2025-12-10,2,False,False,True,False,195.93,196,8845.4
7,2025-12-10,2,False,False,True,False,144.65,145,6028.03
8,2025-12-10,2,False,False,True,False,133.35,133,7047.81
9,2025-12-10,2,False,False,True,False,150.67,151,5400.03
10,2025-12-10,2,False,False,True,False,194.16,194,9932.01
11,2025-12-10,2,False,False,True,False,230.87,231,9915.38
12,2025-12-10,2,False,False,True,False,157.47,157,8305.14
1,2025-12-11,3,False,False,True,False,131.78,132,6946.27
2,2025-12-11,3,False,False,True,False,175.91,176,9326.35
3,2025-12-11,3,False,False,True,False,172.82,173,6253.61
4,2025-12-11,3,False,False,True,False,181.01,181,6478.27
5,2025-12-11,3,False,False,True,False,226.59,227,10815.51
6,2025-12-11,3,False,False,True,False,245.33,245,12324.44
7,2025-12-11,3,False,False,True,False,196.26,196,10207.8
8,2025-12-11,3,False,False,True,False,210.73,211,7782.97
9,2025-12-11,3,False,False,True,False,116.9,117,4186.94
10,2025-12-11,3,False,False,True,False,111.44,111,5762.17
11,2025-12-11,3,False,False,True,False,212.36,212,8085.68
12,2025-12-11,3,False,False,True,False,220.41,220,11345.31
1,2025-12-12,4,False,False,True,False,196.71,197,10295.21
2,2025-12-12,4,False,False,True,False,267.43,267,11870.28
3,2025-12-12,4,False,False,True,False,159.46,159,8206.2
4,2025-12-12,4,False,False,True,False,226.89,227,10819.23
5,2025-12-12,4,False,False,True,False,336.33,336,15720.57
6,2025-12-12,4,False,False,True,False,281.63,282,12530.51
7,2025-12-12,4,False,False,True,False,230.19,230,10174.26
8,2025-12-12,4,False,False,True,False,179.86,180,8010.89
9,2025-12-12,4,False,False,True,False,161.91,162,6244.36
10,2025-12-12,4,False,False,True,False,203.83,204,9350.47
11,2025-12-12,4,False,False,True,False,290.6,291,10257.44
12,2025-12-12,4,False,False,True,False,251.23,251,12580.18
1,2025-12-13,5,True,False,True,False,203.16,203,8570.75
2,2025-12-13,5,True,False,True,False,342.24,342,12057.5
3,2025-12-13,5,True,False,True,False,182.84,183,7040.01
4,2025-12-13,5,True,False,True,False,366.32,366,15390.78
5,2025-12-13,5,True,False,True,False,361.97,362,17922.58
6,2025-12-13,5,True,False,True,False,348.51,349,18072.7
7,2025-12-13,5,True,False,True,False,277.99,278,12764.04
8,2025-12-13,5,True,False,True,False,168.43,168,7716.07
9,2025-12-13,5,True,False,True,False,201.26,201,9771.79
10,2025-12-13,5,True,False,True,False,247.04,247,10993.91
11,2025-12-13,5,True,False,True,False,299.09,299,15911.97
12,2025-12-13,5,True,False,True,False,226.86,227,9254.48
1,2025-12-14,6,True,False,True,False,132.53,133,7010.74
2,2025-12-14,6,True,False,True,False,267.9,268,10465.37
3,2025-12-14,6,True,False,True,False,116.23,116,6125.22
4,2025-12-14,6,True,False,True,False,239.03,239,10691.96
5,2025-12-14,6,True,False,True,False,279.39,279,10331.62
6,2025-12-14,6,True,False,True,False,311.58,312,16126.76
7,2025-12-14,6,True,False,True,False,300.93,301,10989.87
8,2025-12-14,6,True,False,True,False,212.53,213,8585.19
9,2025-12-14,6,True,False,True,False,114.57,115,5114.77
10,2025-12-14,6,True,False,True,False,304.7,305,16255.31
11,2025-12-14,6,True,False,True,False,261.25,261,14237.54
12,2025-12-14,6,True,False,True,False,210.38,210,10577.59
1,2025-12-15,0,False,False,True,True,155.83,156,7649.3
2,2025-12-15,0,False,False,True,True,294.79,295,14442.71
3,2025-12-15,0,False,False,True,True,122.5,122,5053.67
4,2025-12-15,0,False,False,True,True,189.21,189,9753.42
5,2025-12-15,0,False,False,True,True,206.83,207,8054.49
6,2025-12-15,0,False,False,True,True,184.26,184,7646.88
7,2025-12-15,0,False,False,True,True,176.41,176,9652.54
8,2025-12-15,0,False,False,True,True,227.35,227,8720.83
9,2025-12-15,0,False,False,True,True,114.21,114,5241.23
10,2025-12-15,0,False,False,True,True,208.7,209,11146.93
11,2025-12-15,0,False,False,True,True,197.32,197,7443.6
12,2025-12-15,0,False,False,True,True,208.91,209,7695.99
1,2025-12-16,1,False,False,True,True,119.37,119,5862.67
2,2025-12-16,1,False,False,True,True,238.07,238,8747.2
3,2025-12-16,1,False,False,True,True,111.1,111,5966.23
4,2025-12-16,1,False,False,True,True,220.07,220,9010.74
5,2025-12-16,1,False,False,True,True,220.86,221,9506.5
6,2025-12-16,1,False,False,True,True,253.77,254,10696.79
7,2025-12-16,1,False,False,True,True,192.59,193,9395.38
8,2025-12-16,1,False,False,True,True,152.55,153,7649.46
9,2025-12-16,1,False,False,True,True,125.9,126,6769.45
10,2025-12-16,1,False,False,True,True,230.58,231,8318.58
11,2025-12-16,1,False,False,True,True,299.04,299,15085.55
12,2025-12-16,1,False,False,True,True,186.82,187,9358.63
1,2025-12-17,2,False,False,True,True,132.7,133,6745.33
2,2025-12-17,2,False,False,True,True,250.11,250,13399.7
3,2025-12-17,2,False,False,True,True,188.83,189,7296.57
4,2025-12-17,2,False,False,True,True,243.12,243,10000.28
5,2025-12-17,2,False,False,True,True,233.39,233,10746.85
6,2025-12-17,2,False,False,True,True,263.13,263,11343.57
7,2025-12-17,2,False,False,True,True,171.82,172,8697.01
8,2025-12-17,2,False,False,True,True,210.45,210,11095.98
9,2025-12-17,2,False,False,True,True,150.08,150,5280.32
10,2025-12-17,2,False,False,True,True,219.33,219,9602.06
11,2025-12-17,2,False,False,True,True,285.84,286,15136.98
12,2025-12-17,2,False,False,True,True,212.21,212,11063.96
1,2025-12-18,3,False,False,True,True,144.41,144,5727.63
2,2025-12-18,3,False,False,True,True,297.66,298,14320.67
3,2025-12-18,3,False,False,True,True,149.73,150,5988.38
4,2025-12-18,3,False,False,True,True,198.4,198,8698.07
5,2025-12-18,3,False,False,True,True,260.99,261,9919.08
6,2025-12-18,3,False,False,True,True,301.59,302,11656.53
7,2025-12-18,3,False,False,True,True,257.74,258,11613.42
8,2025-12-18,3,False,False,True,True,159.06,159,8477.99
9,2025-12-18,3,False,False,True,True,145.82,146,5823.49
10,2025-12-18,3,False,False,True,True,268.51,269,13571.88
11,2025-12-18,3,False,False,True,True,324.26,324,15957.22
12,2025-12-18,3,False,False,True,True,243.84,244,12830.48
1,2025-12-19,4,False,False,True,True,176.89,177,8084.27
2,2025-12-19,4,False,False,True,True,353.75,354,12567.28
3,2025-12-19,4,False,False,True,True,157.98,158,7807.27
4,2025-12-19,4,False,False,True,True,246.14,246,11484.17
5,2025-12-19,4,False,False,True,True,345.1,345,18390.99
6,2025-12-19,4,False,False,True,True,322.55,323,17608.79
7,2025-12-19,4,False,False,True,True,272.67,273,10320.41
8,2025-12-19,4,False,False,True,True,236.71,237,9355.38
9,2025-12-19,4,False,False,True,True,148.14,148,7146.69
10,2025-12-19,4,False,False,True,True,186.58,187,8626.11
11,2025-12-19,4,False,False,True,True,330.51,331,14169.63
12,2025-12-19,4,False,False,True,True,202.38,202,10061.97
1,2025-12-20,5,True,False,False,True,261.96,262,9176.97
2,2025-12-20,5,True,False,False,True,424.13,424,22414.93
3,2025-12-20,5,True,False,False,True,159.69,160,7730.18
4,2025-12-20,5,True,False,False,True,262.36,262,12721.48
5,2025-12-20,5,True,False,False,True,406.79,407,20742.05
6,2025-12-20,5,True,False,False,True,371.75,372,16368.42
7,2025-12-20,5,True,False,False,True,262.29,262,13245.01
8,2025-12-20,5,True,False,False,True,237.79,238,11363.77
9,2025-12-20,5,True,False,False,True,212.82,213,9632.42
10,2025-12-20,5,True,False,False,True,225.11,225,10370.04
11,2025-12-20,5,True,False,False,True,415.62,416,22388.28
12,2025-12-20,5,True,False,False,True,292.65,293,14392.9
1,2025-12-21,6,True,False,False,True,202.59,203,7550.95
2,2025-12-21,6,True,False,False,True,254.37,254,10990.34
3,2025-12-21,6,True,False,False,True,168.57,169,7862.9
4,2025-12-21,6,True,False,False,True,172.43,172,7227.69
5,2025-12-21,6,True,False,False,True,324.49,324,16774.45
6,2025-12-21,6,True,False,False,True,412.85,413,17643.58
7,2025-12-21,6,True,False,False,True,331.75,332,15977.29
8,2025-12-21,6,True,False,False,True,210.16,210,10807.16
9,2025-12-21,6,True,False,False,True,215.63,216,9769.33
10,2025-12-21,6,True,False,False,True,267.66,268,14459.24
11,2025-12-21,6,True,False,False,True,348.09,348,16038.28
12,2025-12-21,6,True,False,False,True,230.74,231,10146.48
1,2025-12-22,0,False,False,False,True,156.35,156,6347.87
2,2025-12-22,0,False,False,False,True,225.02,225,8429.06
3,2025-12-22,0,False,False,False,True,142.31,142,7132.0
4,2025-12-22,0,False,False,False,True,204.01,204,8161.09
5,2025-12-22,0,False,False,False,True,160.72,161,5884.34
6,2025-12-22,0,False,False,False,True,233.11,233,12307.46
7,2025-12-22,0,False,False,False,True,185.33,185,9772.2
8,2025-12-22,0,False,False,False,True,231.79,232,12603.13
9,2025-12-22,0,False,False,False,True,92.29,92,4607.94
10,2025-12-22,0,False,False,False,True,188.83,189,8296.29
11,2025-12-22,0,False,False,False,True,225.42,225,11043.82
12,2025-12-22,0,False,False,False,True,216.55,217,8121.1
1,2025-12-23,1,False,False,False,True,114.77,115,5257.07
2,2025-12-23,1,False,False,False,True,328.2,328,16608.19
3,2025-12-23,1,False,False,False,True,151.03,151,5290.52
4,2025-12-23,1,False,False,False,True,237.34,237,11374.55
5,2025-12-23,1,False,False,False,True,259.32,259,9929.23
6,2025-12-23,1,False,False,False,True,267.84,268,11283.72
7,2025-12-23,1,False,False,False,True,162.36,162,7118.36
8,2025-12-23,1,False,False,False,True,140.02,140,7063.75
9,2025-12-23,1,False,False,False,True,162.65,163,5978.68
10,2025-12-23,1,False,False,False,True,154.13,154,8058.35
11,2025-12-23,1,False,False,False,True,251.2,251,12032.73
12,2025-12-23,1,False,False,False,True,247.22,247,9448.29
1,2025-12-24,2,False,False,False,True,150.38,150,8070.03
2,2025-12-24,2,False,False,False,True,232.48,232,10482.89
3,2025-12-24,2,False,False,False,True,112.86,113,4759.73
4,2025-12-24,2,False,False,False,True,229.32,229,12054.71
5,2025-12-24,2,False,False,False,True,246.84,247,11387.58
6,2025-12-24,2,False,False,False,True,266.39,266,10523.17
7,2025-12-24,2,False,False,False,True,242.25,242,12055.45
8,2025-12-24,2,False,False,False,True,213.87,214,9122.26
9,2025-12-24,2,False,False,False,True,125.53,126,5246.1
10,2025-12-24,2,False,False,False,True,202.24,202,7217.04
11,2025-12-24,2,False,False,False,True,271.6,272,11485.52
12,2025-12-24,2,False,False,False,True,242.38,242,9265.56
1,2025-12-25,3,False,True,False,True,216.95,217,8658.2
2,2025-12-25,3,False,True,False,True,207.13,207,9105.75
3,2025-12-25,3,False,True,False,True,161.78,162,7346.31
4,2025-12-25,3,False,True,False,True,259.15,259,11955.09
5,2025-12-25,3,False,True,False,True,375.11,375,13841.57
6,2025-12-25,3,False,True,False,True,280.74,281,11876.37
7,2025-12-25,3,False,True,False,True,339.74,340,13077.84
8,2025-12-25,3,False,True,False,True,193.38,193,8823.48
9,2025-12-25,3,False,True,False,True,195.27,195,7304.94
10,2025-12-25,3,False,True,False,True,248.55,249,11918.43
11,2025-12-25,3,False,True,False,True,342.87,343,18267.71
12,2025-12-25,3,False,True,False,True,328.48,328,11980.5
1,2025-12-26,4,False,True,False,True,292.92,293,12137.51
2,2025-12-26,4,False,True,False,True,468.86,469,19067.73
3,2025-12-26,4,False,True,False,True,212.65,213,9458.61
4,2025-12-26,4,False,True,False,True,344.04,344,12973.17
5,2025-12-26,4,False,True,False,True,375.16,375,14650.36
6,2025-12-26,4,False,True,False,True,482.21,482,17972.21
7,2025-12-26,4,False,True,False,True,313.89,314,13043.59
8,2025-12-26,4,False,True,False,True,394.84,395,21194.87
9,2025-12-26,4,False,True,False,True,270.61,271,10463.48
10,2025-12-26,4,False,True,False,True,356.81,357,19165.98
11,2025-12-26,4,False,True,False,True,461.44,461,22199.46
12,2025-12-26,4,False,True,False,True,264.69,265,12903.32
1,2025-12-27,5,True,False,False,True,274.04,274,14601.33
2,2025-12-27,5,True,False,False,True,345.96,346,15247.1
3,2025-12-27,5,True,False,False,True,242.64,243,11530.4
4,2025-12-27,5,True,False,False,True,297.24,297,12579.16
5,2025-12-27,5,True,False,False,True,427.73,428,19897.93
6,2025-12-27,5,True,False,False,True,470.79,471,20149.35
7,2025-12-27,5,True,False,False,True,263.34,263,12356.12
8,2025-12-27,5,True,False,False,True,244.4,244,11238.03
9,2025-12-27,5,True,False,False,True,207.25,207,7403.88
10,2025-12-27,5,True,False,False,True,306.41,306,12402.94
11,2025-12-27,5,True,False,False,True,415.56,416,21642.37
12,2025-12-27,5,True,False,False,True,297.06,297,11356.95
1,2025-12-28,6,True,False,False,True,205.24,205,9307.75
2,2025-12-28,6,True,False,False,True,443.6,444,21141.06
3,2025-12-28,6,True,False,False,True,181.83,182,6851.7
4,2025-12-28,6,True,False,False,True,365.49,365,14145.79
5,2025-12-28,6,True,False,False,True,486.7,487,25606.96
6,2025-12-28,6,True,False,False,True,404.85,405,14300.2
7,2025-12-28,6,True,False,False,True,318.36,318,12907.1
8,2025-12-28,6,True,False,False,True,256.42,256,12214.29
9,2025-12-28,6,True,False,False,True,147.07,147,5209.84
10,2025-12-28,6,True,False,False,True,220.02,220,8653.31
11,2025-12-28,6,True,False,False,True,283.33,283,13280.34
12,2025-12-28,6,True,False,False,True,309.62,310,13901.61
1,2025-12-29,0,False,False,False,True,120.12,120,4917.04
2,2025-12-29,0,False,False,False,True,215.02,215,7655.83
3,2025-12-29,0,False,False,False,True,151.51,152,5971.74
4,2025-12-29,0,False,False,False,True,225.51,226,11994.22
5,2025-12-29,0,False,False,False,True,205.02,205,10279.11
6,2025-12-29,0,False,False,False,True,166.65,167,8199.14
7,2025-12-29,0,False,False,False,True,198.98,199,8144.76
8,2025-12-29,0,False,False,False,True,128.22,128,5080.49
9,2025-12-29,0,False,False,False,True,154.64,155,6330.35
10,2025-12-29,0,False,False,False,True,179.75,180,9730.24
11,2025-12-29,0,False,False,False,True,325.71,326,14714.47
12,2025-12-29,0,False,False,False,True,173.48,173,6951.86
1,2025-12-30,1,False,False,False,True,134.15,134,5270.59
2,2025-12-30,1,False,False,False,True,308.33,308,11563.39
3,2025-12-30,1,False,False,False,True,164.32,164,6158.35
4,2025-12-30,1,False,False,False,True,219.21,219,8261.56
5,2025-12-30,1,False,False,False,True,255.51,256,12473.14
6,2025-12-30,1,False,False,False,True,328.08,328,12401.34
7,2025-12-30,1,False,False,False,True,309.48,309,16285.96
8,2025-12-30,1,False,False,False,True,131.62,132,6080.11
9,2025-12-30,1,False,False,False,True,122.29,122,5627.8
10,2025-12-30,1,False,False,False,True,213.18,213,11395.56
11,2025-12-30,1,False,False,False,True,243.61,244,10152.84
12,2025-12-30,1,False,False,False,True,223.24,223,10324.95
1,2025-12-31,2,False,False,False,True,128.76,129,6409.19
2,2025-12-31,2,False,False,False,True,345.47,345,17681.09
3,2025-12-31,2,False,False,False,True,156.32,156,5968.08
4,2025-12-31,2,False,False,False,True,174.46,174,8884.68
5,2025-12-31,2,False,False,False,True,249.26,249,12467.28
6,2025-12-31,2,False,False,False,True,306.57,307,16136.47
7,2025-12-31,2,False,False,False,True,221.04,221,9871.2
8,2025-12-31,2,False,False,False,True,153.99,154,6296.46
9,2025-12-31,2,False,False,False,True,134.92,135,5457.11
10,2025-12-31,2,False,False,False,True,201.88,202,7802.26
11,2025-12-31,2,False,False,False,True,243.31,243,13012.04
12,2025-12-31,2,False,False,False,True,256.69,257,9436.76
1,2026-01-01,3,False,True,False,True,123.72,124,5611.02
2,2026-01-01,3,False,True,False,True,320.81,321,12111.89
3,2026-01-01,3,False,True,False,True,149.4,149,5682.91
4,2026-01-01,3,False,True,False,True,176.35,176,7992.84
5,2026-01-01,3,False,True,False,True,296.03,296,10628.62
6,2026-01-01,3,False,True,False,True,246.33,246,11990.79
7,2026-01-01,3,False,True,False,True,148.24,148,5519.11
8,2026-01-01,3,False,True,False,True,234.44,234,11098.79
9,2026-01-01,3,False,True,False,True,122.25,122,6265.07
10,2026-01-01,3,False,True,False,True,218.44,218,8228.1
11,2026-01-01,3,False,True,False,True,244.13,244,12680.24
12,2026-01-01,3,False,True,False,True,177.27,177,8311.91
1,2026-01-02,4,False,True,False,True,108.68,109,4563.71
2,2026-01-02,4,False,True,False,True,279.31,279,13925.86
3,2026-01-02,4,False,True,False,True,105.08,105,3705.68
4,2026-01-02,4,False,True,False,True,167.79,168,7178.97
5,2026-01-02,4,False,True,False,True,296.17,296,11471.7
6,2026-01-02,4,False,True,False,True,234.31,234,8414.05
7,2026-01-02,4,False,True,False,True,188.05,188,6905.35
8,2026-01-02,4,False,True,False,True,219.96,220,10744.53
9,2026-01-02,4,False,True,False,True,116.02,116,5755.65
10,2026-01-02,4,False,True,False,True,173.28,173,6131.12
11,2026-01-02,4,False,True,False,True,278.21,278,10597.03
12,2026-01-02,4,False,True,False,True,223.61,224,12055.71
1,2026-01-03,5,True,False,False,True,122.73,123,5431.3
2,2026-01-03,5,True,False,False,True,196.5,196,8095.98
3,2026-01-03,5,True,False,False,True,134.4,134,6452.65
4,2026-01-03,5,True,False,False,True,204.73,205,10765.8
5,2026-01-03,5,True,False,False,True,259.17,259,10997.12
6,2026-01-03,5,True,False,False,True,236.07,236,11284.57
7,2026-01-03,5,True,False,False,True,185.49,185,7418.07
8,2026-01-03,5,True,False,False,True,278.64,279,11611.35
9,2026-01-03,5,True,False,False,True,143.91,144,6003.77
10,2026-01-03,5,True,False,False,True,178.85,179,8710.14
11,2026-01-03,5,True,False,False,True,221.33,221,7881.11
12,2026-01-03,5,True,False,False,True,219.06,219,9189.89
1,2026-01-04,6,True,False,False,True,116.02,116,6097.96
2,2026-01-04,6,True,False,False,True,178.51,179,8614.07
3,2026-01-04,6,True,False,False,True,136.0,136,4947.35
4,2026-01-04,6,True,False,False,True,195.14,195,8083.26
5,2026-01-04,6,True,False,False,True,230.75,231,9932.5
6,2026-01-04,6,True,False,False,True,244.23,244,11078.78
7,2026-01-04,6,True,False,False,True,208.27,208,8367.23
8,2026-01-04,6,True,False,False,True,135.86,136,5912.01
9,2026-01-04,6,True,False,False,True,120.32,120,4812.41
10,2026-01-04,6,True,False,False,True,177.75,178,8507.93
11,2026-01-04,6,True,False,False,True,275.35,275,11230.05
12,2026-01-04,6,True,False,False,True,188.6,189,7579.65
1,2026-01-05,0,False,False,False,True,78.23,78,2730.46
2,2026-01-05,0,False,False,False,True,142.18,142,7301.66
3,2026-01-05,0,False,False,False,True,67.25,67,3096.83
4,2026-01-05,0,False,False,False,True,119.33,119,6295.38
5,2026-01-05,0,False,False,False,True,189.41,189,7618.44
6,2026-01-05,0,False,False,False,True,202.54,203,9147.6
7,2026-01-05,0,False,False,False,True,118.96,119,4335.37
8,2026-01-05,0,False,False,False,True,120.39,120,5482.23
9,2026-01-05,0,False,False,False,True,105.91,106,4635.15
10,2026-01-05,0,False,False,False,True,136.16,136,6719.42
11,2026-01-05,0,False,False,False,True,182.64,183,6655.73
12,2026-01-05,0,False,False,False,True,106.6,107,3940.41
1,2026-01-06,1,False,False,False,True,78.94,79,4247.22
2,2026-01-06,1,False,False,False,True,126.76,127,4481.96
3,2026-01-06,1,False,False,False,True,90.48,90,3850.16
4,2026-01-06,1,False,False,False,True,145.98,146,5929.67
5,2026-01-06,1,False,False,False,True,179.64,180,8366.01
6,2026-01-06,1,False,False,False,True,201.99,202,7947.56
7,2026-01-06,1,False,False,False,True,160.37,160,6757.94
8,2026-01-06,1,False,False,False,True,140.29,140,7194.91
9,2026-01-06,1,False,False,False,True,123.56,124,5627.12
10,2026-01-06,1,False,False,False,True,101.3,101,4113.12
11,2026-01-06,1,False,False,False,True,165.87,166,8658.81
12,2026-01-06,1,False,False,False,True,165.94,166,7193.37
1,2026-01-07,2,False,False,False,True,67.49,67,3408.52
2,2026-01-07,2,False,False,False,True,244.39,244,10501.85
3,2026-01-07,2,False,False,False,True,109.12,109,4811.32
4,2026-01-07,2,False,False,False,True,133.21,133,6039.76
5,2026-01-07,2,False,False,False,True,207.94,208,7976.12
6,2026-01-07,2,False,False,False,True,234.36,234,11433.27
7,2026-01-07,2,False,False,False,True,112.9,113,5750.75
8,2026-01-07,2,False,False,False,True,145.04,145,5179.39
9,2026-01-07,2,False,False,False,True,105.23,105,4393.62
10,2026-01-07,2,False,False,False,True,129.96,130,5901.55
11,2026-01-07,2,False,False,False,True,224.25,224,10125.15
12,2026-01-07,2,False,False,False,True,126.96,127,5404.71
1,2026-01-08,3,False,False,False,True,87.79,88,4356.72
2,2026-01-08,3,False,False,False,True,248.57,249,13192.39
3,2026-01-08,3,False,False,False,True,89.09,89,4234.17
4,2026-01-08,3,False,False,False,True,161.23,161,6787.61
5,2026-01-08,3,False,False,False,True,189.05,189,7699.78
6,2026-01-08,3,False,False,False,True,209.14,209,8815.02
7,2026-01-08,3,False,False,False,True,120.78,121,5599.87
8,2026-01-08,3,False,False,False,True,129.31,129,6737.7
9,2026-01-08,3,False,False,False,True,115.22,115,4783.53
10,2026-01-08,3,False,False,False,True,176.6,177,6517.46
11,2026-01-08,3,False,False,False,True,197.23,197,9989.28
12,2026-01-08,3,False,False,False,True,123.3,123,4387.13
1,2026-01-09,4,False,False,False,True,121.28,121,4270.96
2,2026-01-09,4,False,False,False,True,192.97,193,10542.73
3,2026-01-09,4,False,False,False,True,134.87,135,5374.74
4,2026-01-09,4,False,False,False,True,156.14,156,8336.99
5,2026-01-09,4,False,False,False,True,153.53,154,6488.66
6,2026-01-09,4,False,False,False,True,172.49,172,8235.73
7,2026-01-09,4,False,False,False,True,164.62,165,7204.28
8,2026-01-09,4,False,False,False,True,153.04,153,6234.18
9,2026-01-09,4,False,False,False,True,136.33,136,5311.18
10,2026-01-09,4,False,False,False,True,124.95,125,6218.21
11,2026-01-09,4,False,False,False,True,228.01,228,10705.1
12,2026-01-09,4,False,False,False,True,183.96,184,7274.91
1,2026-01-10,5,True,False,False,True,140.59,141,7455.11
2,2026-01-10,5,True,False,False,True,222.95,223,10461.45
3,2026-01-10,5,True,False,False,True,123.68,124,5179.72
4,2026-01-10,5,True,False,False,True,218.64,219,10798.48
5,2026-01-10,5,True,False,False,True,210.46,210,10928.02
6,2026-01-10,5,True,False,False,True,263.43,263,11774.97
7,2026-01-10,5,True,False,False,True,219.82,220,11990.0
8,2026-01-10,5,True,False,False,True,216.49,216,9557.08
9,2026-01-10,5,True,False,False,True,101.61,102,5031.13
10,2026-01-10,5,True,False,False,True,236.87,237,9201.56
11,2026-01-10,5,True,False,False,True,251.39,251,8900.52
12,2026-01-10,5,True,False,False,True,218.75,219,8961.64
1,2026-01-11,6,True,False,False,True,145.1,145,5677.21
2,2026-01-11,6,True,False,False,True,286.6,287,14784.58
3,2026-01-11,6,True,False,False,True,165.25,165,5903.98
4,2026-01-11,6,True,False,False,True,163.12,163,7155.09
5,2026-01-11,6,True,False,False,True,292.79,293,15972.19
6,2026-01-11,6,True,False,False,True,234.82,235,11791.98
7,2026-01-11,6,True,False,False,True,179.66,180,8145.42
8,2026-01-11,6,True,False,False,True,168.29,168,8410.9
9,2026-01-11,6,True,False,False,True,150.41,150,5511.49
10,2026-01-11,6,True,False,False,True,198.84,199,10342.87
11,2026-01-11,6,True,False,False,True,285.41,285,14392.92
12,2026-01-11,6,True,False,False,True,195.58,196,10296.09
1,2026-01-12,0,False,False,False,True,75.27,75,3800.94
2,2026-01-12,0,False,False,False,True,135.28,135,5738.32
3,2026-01-12,0,False,False,False,True,84.19,84,2945.89
4,2026-01-12,0,False,False,False,True,125.6,126,4438.62
5,2026-01-12,0,False,False,False,True,183.31,183,6824.1
6,2026-01-12,0,False,False,False,True,200.92,201,8493.58
7,2026-01-12,0,False,False,False,True,132.44,132,4817.88
8,2026-01-12,0,False,False,False,True,130.2,130,6698.29
9,2026-01-12,0,False,False,False,True,83.75,84,2941.64
10,2026-01-12,0,False,False,False,True,119.9,120,6514.1
11,2026-01-12,0,False,False,False,True,179.29,179,6414.74
12,2026-01-12,0,False,False,False,True,94.02,94,3431.32
1,2026-01-13,1,False,False,False,True,60.58,61,3043.84
2,2026-01-13,1,False,False,False,True,164.95,165,7484.73
3,2026-01-13,1,False,False,False,True,112.41,112,6141.85
4,2026-01-13,1,False,False,False,True,165.88,166,7296.93
5,2026-01-13,1,False,False,False,True,170.98,171,8651.47
6,2026-01-13,1,False,False,False,True,147.61,148,5765.22
7,2026-01-13,1,False,False,False,True,114.56,115,5840.59
8,2026-01-13,1,False,False,False,True,131.31,131,5635.51
9,2026-01-13,1,False,False,False,True,89.58,90,3597.81
10,2026-01-13,1,False,False,False,True,131.9,132,6528.42
11,2026-01-13,1,False,False,False,True,153.54,154,7297.23
12,2026-01-13,1,False,False,False,True,140.37,140,5917.07
1,2026-01-14,2,False,False,False,True,48.49,48,1839.69
2,2026-01-14,2,False,False,False,True,240.23,240,8578.21
3,2026-01-14,2,False,False,False,True,86.12,86,4465.77
4,2026-01-14,2,False,False,False,True,135.6,136,6753.01
5,2026-01-14,2,False,False,False,True,179.24,179,6433.01
6,2026-01-14,2,False,False,False,True,219.69,220,8323.89
7,2026-01-14,2,False,False,False,True,117.85,118,4521.6
8,2026-01-14,2,False,False,False,True,109.95,110,5860.68
9,2026-01-14,2,False,False,False,True,127.96,128,5961.98
10,2026-01-14,2,False,False,False,True,173.2,173,8305.26
11,2026-01-14,2,False,False,False,True,219.53,220,11696.72
12,2026-01-14,2,False,False,False,True,151.09,151,6071.67
1,2026-01-15,3,False,False,False,True,118.8,119,4947.89
2,2026-01-15,3,False,False,False,True,234.0,234,8254.6
3,2026-01-15,3,False,False,False,True,89.07,89,3194.21
4,2026-01-15,3,False,False,False,True,207.96,208,11012.16
5,2026-01-15,3,False,False,False,True,158.13,158,7905.85
6,2026-01-15,3,False,False,False,True,165.78,166,8062.63
7,2026-01-15,3,False,False,False,True,123.08,123,5160.91
8,2026-01-15,3,False,False,False,True,193.43,193,8582.5
9,2026-01-15,3,False,False,False,True,132.51,133,7062.5
10,2026-01-15,3,False,False,False,True,138.61,139,4882.95
11,2026-01-15,3,False,False,False,True,248.05,248,10685.75
12,2026-01-15,3,False,False,False,True,133.09,133,6007.67
1,2026-01-16,4,False,False,False,False,126.23,126,4498.11
2,2026-01-16,4,False,False,False,False,247.42,247,10985.67
3,2026-01-16,4,False,False,False,False,85.81,86,3045.43
4,2026-01-16,4,False,False,False,False,176.21,176,7181.15
5,2026-01-16,4,False,False,False,False,221.16,221,11960.31
6,2026-01-16,4,False,False,False,False,196.79,197,8117.45
7,2026-01-16,4,False,False,False,False,159.14,159,8654.26
8,2026-01-16,4,False,False,False,False,150.89,151,7594.18
9,2026-01-16,4,False,False,False,False,135.14,135,5001.01
10,2026-01-16,4,False,False,False,False,155.52,156,7114.8
11,2026-01-16,4,False,False,False,False,201.51,202,7442.16
12,2026-01-16,4,False,False,False,False,143.67,144,6267.5
1,2026-01-17,5,True,False,False,False,150.84,151,5314.77
2,2026-01-17,5,True,False,False,False,196.12,196,10148.04
3,2026-01-17,5,True,False,False,False,111.71,112,3995.54
4,2026-01-17,5,True,False,False,False,152.0,152,8276.76
5,2026-01-17,5,True,False,False,False,267.53,268,12271.34
6,2026-01-17,5,True,False,False,False,172.28,172,7267.48
7,2026-01-17,5,True,False,False,False,187.2,187,7118.87
8,2026-01-17,5,True,False,False,False,181.25,181,8345.4
9,2026-01-17,5,True,False,False,False,167.3,167,6109.43
10,2026-01-17,5,True,False,False,False,115.42,115,4878.73
11,2026-01-17,5,True,False,False,False,278.29,278,10900.21
12,2026-01-17,5,True,False,False,False,145.05,145,7816.49
1,2026-01-18,6,True,False,False,False,96.54,97,4293.75
2,2026-01-18,6,True,False,False,False,205.93,206,8313.7
3,2026-01-18,6,True,False,False,False,125.15,125,5585.04
4,2026-01-18,6,True,False,False,False,155.16,155,7430.72
5,2026-01-18,6,True,False,False,False,159.75,160,7582.71
6,2026-01-18,6,True,False,False,False,222.19,222,10342.84
7,2026-01-18,6,True,False,False,False,178.59,179,9251.57
8,2026-01-18,6,True,False,False,False,111.93,112,4063.34
9,2026-01-18,6,True,False,False,False,113.39,113,4181.37
10,2026-01-18,6,True,False,False,False,128.38,128,6704.6
11,2026-01-18,6,True,False,False,False,157.63,158,5546.75
12,2026-01-18,6,True,False,False,False,162.53,163,6497.7
1,2026-01-19,0,False,False,False,False,84.69,85,4412.0
2,2026-01-19,0,False,False,False,False,173.8,174,8685.41
3,2026-01-19,0,False,False,False,False,80.58,81,3430.96
4,2026-01-19,0,False,False,False,False,133.01,133,5134.05
5,2026-01-19,0,False,False,False,False,145.25,145,6804.01
6,2026-01-19,0,False,False,False,False,127.45,127,6129.94
7,2026-01-19,0,False,False,False,False,94.94,95,3864.4
8,2026-01-19,0,False,False,False,False,83.29,83,3098.51
9,2026-01-19,0,False,False,False,False,85.48,85,3288.46
10,2026-01-19,0,False,False,False,False,98.64,99,4919.1
11,2026-01-19,0,False,False,False,False,150.38,150,5681.49
12,2026-01-19,0,False,False,False,False,76.17,76,3039.93
1,2026-01-20,1,False,False,False,False,69.33,69,3516.85
2,2026-01-20,1,False,False,False,False,127.27,127,5982.76
3,2026-01-20,1,False,False,False,False,82.6,83,4003.46
4,2026-01-20,1,False,False,False,False,121.6,122,6425.09
5,2026-01-20,1,False,False,False,False,169.87,170,8434.61
6,2026-01-20,1,False,False,False,False,206.13,206,7846.86
7,2026-01-20,1,False,False,False,False,117.45,117,4925.46
8,2026-01-20,1,False,False,False,False,159.93,160,6761.07
9,2026-01-20,1,False,False,False,False,81.89,82,4295.59
10,2026-01-20,1,False,False,False,False,101.79,102,4096.47
11,2026-01-20,1,False,False,False,False,167.51,168,8776.67
12,2026-01-20,1,False,False,False,False,103.36,103,3886.75
1,2026-01-21,2,False,False,False,False,85.72,86,4604.31
2,2026-01-21,2,False,False,False,False,124.18,124,5475.61
3,2026-01-21,2,False,False,False,False,70.06,70,2630.42
4,2026-01-21,2,False,False,False,False,127.52,128,5009.99
5,2026-01-21,2,False,False,False,False,134.35,134,5209.97
6,2026-01-21,2,False,False,False,False,126.32,126,5829.32
7,2026-01-21,2,False,False,False,False,112.75,113,5048.68
8,2026-01-21,2,False,False,False,False,101.57,102,3716.11
9,2026-01-21,2,False,False,False,False,77.09,77,3174.68
10,2026-01-21,2,False,False,False,False,110.94,111,3988.41
11,2026-01-21,2,False,False,False,False,172.07,172,6775.52
12,2026-01-21,2,False,False,False,False,116.12,116,5298.85
1,2026-01-22,3,False,False,False,False,62.64,63,2979.37
2,2026-01-22,3,False,False,False,False,167.47,167,8346.12
3,2026-01-22,3,False,False,False,False,92.96,93,3879.52
4,2026-01-22,3,False,False,False,False,135.89,136,7222.34
5,2026-01-22,3,False,False,False,False,106.92,107,5405.44
6,2026-01-22,3,False,False,False,False,205.11,205,7688.49
7,2026-01-22,3,False,False,False,False,80.61,81,4037.09
8,2026-01-22,3,False,False,False,False,100.25,100,4393.83
9,2026-01-22,3,False,False,False,False,90.15,90,3614.85
10,2026-01-22,3,False,False,False,False,103.96,104,5242.68
11,2026-01-22,3,False,False,False,False,184.43,184,9599.83
12,2026-01-22,3,False,False,False,False,138.91,139,6338.83
1,2026-01-23,4,False,False,False,False,114.7,115,6317.6
2,2026-01-23,4,False,False,False,False,166.03,166,6745.24
3,2026-01-23,4,False,False,False,False,117.92,118,4681.63
4,2026-01-23,4,False,False,False,False,154.84,155,8261.99
5,2026-01-23,4,False,False,False,False,200.01,200,9085.59
6,2026-01-23,4,False,False,False,False,238.66,239,12298.68
7,2026-01-23,4,False,False,False,False,165.53,166,7609.22
8,2026-01-23,4,False,False,False,False,150.07,150,8196.54
9,2026-01-23,4,False,False,False,False,101.92,102,4966.95
10,2026-01-23,4,False,False,False,False,114.04,114,5564.6
11,2026-01-23,4,False,False,False,False,169.39,169,7490.86
12,2026-01-23,4,False,False,False,False,116.16,116,4977.58
1,2026-01-24,5,True,False,False,False,111.21,111,3902.88
2,2026-01-24,5,True,False,False,False,183.36,183,6645.02
3,2026-01-24,5,True,False,False,False,127.29,127,6467.62
4,2026-01-24,5,True,False,False,False,174.64,175,6629.95
5,2026-01-24,5,True,False,False,False,134.04,134,6967.69
6,2026-01-24,5,True,False,False,False,220.29,220,8582.18
7,2026-01-24,5,True,False,False,False,120.98,121,4687.42
8,2026-01-24,5,True,False,False,False,195.21,195,7300.66
9,2026-01-24,5,True,False,False,False,102.88,103,4919.22
10,2026-01-24,5,True,False,False,False,144.89,145,5651.51
11,2026-01-24,5,True,False,False,False,186.9,187,7434.96
12,2026-01-24,5,True,False,False,False,162.79,163,6161.06
1,2026-01-25,6,True,False,False,False,95.99,96,4994.72
2,2026-01-25,6,True,False,False,False,279.3,279,14340.44
3,2026-01-25,6,True,False,False,False,104.44,104,4739.03
4,2026-01-25,6,True,False,False,False,126.29,126,5623.34
5,2026-01-25,6,True,False,False,False,212.65,213,11614.84
6,2026-01-25,6,True,False,False,False,128.77,129,5769.34
7,2026-01-25,6,True,False,False,False,147.23,147,7295.08
8,2026-01-25,6,True,False,False,False,147.53,148,7936.76
9,2026-01-25,6,True,False,False,False,122.85,123,6509.83
10,2026-01-25,6,True,False,False,False,169.37,169,5982.9
11,2026-01-25,6,True,False,False,False,168.56,169,7015.31
12,2026-01-25,6,True,False,False,False,147.76,148,6880.54
1,2026-01-26,0,False,True,True,False,113.18,113,5645.05
2,2026-01-26,0,False,True,True,False,213.55,214,10128.46
3,2026-01-26,0,False,True,True,False,127.26,127,5397.64
4,2026-01-26,0,False,True,True,False,136.37,136,5727.19
5,2026-01-26,0,False,True,True,False,235.15,235,11785.79
6,2026-01-26,0,False,True,True,False,210.2,210,8499.35
7,2026-01-26,0,False,True,True,False,149.96,150,5465.5
8,2026-01-26,0,False,True,True,False,147.98,148,6760.16
9,2026-01-26,0,False,True,True,False,71.89,72,3712.08
10,2026-01-26,0,False,True,True,False,159.94,160,7573.64
11,2026-01-26,0,False,True,True,False,200.21,200,9251.95
12,2026-01-26,0,False,True,True,False,152.06,152,5482.91
1,2026-01-27,1,False,False,True,False,84.72,85,3917.13
2,2026-01-27,1,False,False,True,False,112.7,113,5713.98
3,2026-01-27,1,False,False,True,False,100.91,101,3605.71
4,2026-01-27,1,False,False,True,False,99.22,99,4568.19
5,2026-01-27,1,False,False,True,False,166.71,167,7171.29
6,2026-01-27,1,False,False,True,False,143.39,143,5497.33
7,2026-01-27,1,False,False,True,False,98.44,98,3562.24
8,2026-01-27,1,False,False,True,False,137.0,137,6094.5
9,2026-01-27,1,False,False,True,False,64.57,65,2589.87
10,2026-01-27,1,False,False,True,False,151.41,151,7016.45
11,2026-01-27,1,False,False,True,False,140.64,141,7418.61
12,2026-01-27,1,False,False,True,False,99.59,100,5056.85
1,2026-01-28,2,False,False,True,False,84.87,85,3762.81
2,2026-01-28,2,False,False,True,False,198.22,198,8770.64
3,2026-01-28,2,False,False,True,False,99.88,100,3608.37
4,2026-01-28,2,False,False,True,False,107.24,107,5639.32
5,2026-01-28,2,False,False,True,False,146.64,147,5935.85
6,2026-01-28,2,False,False,True,False,157.04,157,5991.82
7,2026-01-28,2,False,False,True,False,135.09,135,5109.03
8,2026-01-28,2,False,False,True,False,111.35,111,5045.1
9,2026-01-28,2,False,False,True,False,80.76,81,3045.31
10,2026-01-28,2,False,False,True,False,120.94,121,4316.39
11,2026-01-28,2,False,False,True,False,149.73,150,7060.94
12,2026-01-28,2,False,False,True,False,148.2,148,6406.37
1,2026-01-29,3,False,False,True,False,77.49,77,4165.76
2,2026-01-29,3,False,False,True,False,130.95,131,7055.08
3,2026-01-29,3,False,False,True,False,88.37,88,3326.65
4,2026-01-29,3,False,False,True,False,141.33,141,6063.46
5,2026-01-29,3,False,False,True,False,186.1,186,8036.86
6,2026-01-29,3,False,False,True,False,181.11,181,7028.17
7,2026-01-29,3,False,False,True,False,141.92,142,7503.89
8,2026-01-29,3,False,False,True,False,121.5,122,6653.99
9,2026-01-29,3,False,False,True,False,99.2,99,4276.09
10,2026-01-29,3,False,False,True,False,103.55,104,4578.05
11,2026-01-29,3,False,False,True,False,152.15,152,5870.54
12,2026-01-29,3,False,False,True,False,188.35,188,9824.89
1,2026-01-30,4,False,False,True,False,97.54,98,4448.47
2,2026-01-30,4,False,False,True,False,179.47,179,7349.94
3,2026-01-30,4,False,False,True,False,110.28,110,5463.95
4,2026-01-30,4,False,False,True,False,120.15,120,4369.3
5,2026-01-30,4,False,False,True,False,185.4,185,6534.96
6,2026-01-30,4,False,False,True,False,211.9,212,10692.57
7,2026-01-30,4,False,False,True,False,121.25,121,4659.75
8,2026-01-30,4,False,False,True,False,153.64,154,6345.91
9,2026-01-30,4,False,False,True,False,83.8,84,3654.73
10,2026-01-30,4,False,False,True,False,106.23,106,5232.22
11,2026-01-30,4,False,False,True,False,222.0,222,10657.57
12,2026-01-30,4,False,False,True,False,150.96,151,8226.9
1,2026-01-31,5,True,False,True,False,132.93,133,4700.13
2,2026-01-31,5,True,False,True,False,203.36,203,10643.91
3,2026-01-31,5,True,False,True,False,132.72,133,4895.01
4,2026-01-31,5,True,False,True,False,140.93,141,6930.8
5,2026-01-31,5,True,False,True,False,229.31,229,9493.37
6,2026-01-31,5,True,False,True,False,196.04,196,9938.41
7,2026-01-31,5,True,False,True,False,206.04,206,9726.53
8,2026-01-31,5,True,False,True,False,137.63,138,5452.96
9,2026-01-31,5,True,False,True,False,115.7,116,4344.35
10,2026-01-31,5,True,False,True,False,179.45,179,7043.98
11,2026-01-31,5,True,False,True,False,229.06,229,8350.43
12,2026-01-31,5,True,False,True,False,245.66,246,12016.11
1,2026-02-01,6,True,False,True,False,91.1,91,3721.2
2,2026-02-01,6,True,False,True,False,217.08,217,10670.07
3,2026-02-01,6,True,False,True,False,71.27,71,3181.67
4,2026-02-01,6,True,False,True,False,122.33,122,6468.12
5,2026-02-01,6,True,False,True,False,276.87,277,15046.65
6,2026-02-01,6,True,False,True,False,225.3,225,11186.45
7,2026-02-01,6,True,False,True,False,151.78,152,7522.79
8,2026-02-01,6,True,False,True,False,214.26,214,10336.2
9,2026-02-01,6,True,False,True,False,87.51,88,3112.4
10,2026-02-01,6,True,False,True,False,150.72,151,7764.32
11,2026-02-01,6,True,False,True,False,201.06,201,9613.52
12,2026-02-01,6,True,False,True,False,200.53,201,10528.15
1,2026-02-02,0,False,True,True,False,120.68,121,6625.7
2,2026-02-02,0,False,True,True,False,212.65,213,7469.37
3,2026-02-02,0,False,True,True,False,96.62,97,4046.4
4,2026-02-02,0,False,True,True,False,173.47,173,6304.29
5,2026-02-02,0,False,True,True,False,182.99,183,7494.87
6,2026-02-02,0,False,True,True,False,172.98,173,6469.88
7,2026-02-02,0,False,True,True,False,173.18,173,7149.4
8,2026-02-02,0,False,True,True,False,183.18,183,7868.96
9,2026-02-02,0,False,True,True,False,82.85,83,3697.61
10,2026-02-02,0,False,True,True,False,189.67,190,8735.57
11,2026-02-02,0,False,True,True,False,182.75,183,7188.59
12,2026-02-02,0,False,True,True,False,198.37,198,7013.68
1,2026-02-03,1,False,False,True,False,87.11,87,3578.5
2,2026-02-03,1,False,False,True,False,162.1,162,6994.24
3,2026-02-03,1,False,False,True,False,73.13,73,3394.49
4,2026-02-03,1,False,False,True,False,104.5,104,4392.94
5,2026-02-03,1,False,False,True,False,176.94,177,9088.92
6,2026-02-03,1,False,False,True,False,196.04,196,8207.32
7,2026-02-03,1,False,False,True,False,115.28,115,5196.72
8,2026-02-03,1,False,False,True,False,123.06,123,6686.81
9,2026-02-03,1,False,False,True,False,96.27,96,4719.01
10,2026-02-03,1,False,False,True,False,118.59,119,4767.95
11,2026-02-03,1,False,False,True,False,114.6,115,4668.75
12,2026-02-03,1,False,False,True,False,103.99,104,5605.71
1,2026-02-04,2,False,False,True,False,84.01,84,3792.88
2,2026-02-04,2,False,False,True,False,143.0,143,7722.0
3,2026-02-04,2,False,False,True,False,59.95,60,2431.32
4,2026-02-04,2,False,False,True,False,156.0,156,5698.57
5,2026-02-04,2,False,False,True,False,157.97,158,6982.77
6,2026-02-04,2,False,False,True,False,170.19,170,8238.31
7,2026-02-04,2,False,False,True,False,114.19,114,5746.16
8,2026-02-04,2,False,False,True,False,135.54,136,7023.1
9,2026-02-04,2,False,False,True,False,98.4,98,4773.08
10,2026-02-04,2,False,False,True,False,179.41,179,8545.87
11,2026-02-04,2,False,False,True,False,159.18,159,6018.45
12,2026-02-04,2,False,False,True,False,106.33,106,4436.8
1,2026-02-05,3,False,False,True,False,80.17,80,3384.1
2,2026-02-05,3,False,False,True,False,163.5,164,8619.09
3,2026-02-05,3,False,False,True,False,101.04,101,5439.67
4,2026-02-05,3,False,False,True,False,116.93,117,5073.15
5,2026-02-05,3,False,False,True,False,143.64,144,6465.03
6,2026-02-05,3,False,False,True,False,151.67,152,5847.99
7,2026-02-05,3,False,False,True,False,141.3,141,7276.9
8,2026-02-05,3,False,False,True,False,127.9,128,6669.71
9,2026-02-05,3,False,False,True,False,105.5,105,4751.21
10,2026-02-05,3,False,False,True,False,119.67,120,6454.14
11,2026-02-05,3,False,False,True,False,184.56,185,7337.15
12,2026-02-05,3,False,False,True,False,120.25,120,6074.52
1,2026-02-06,4,False,True,True,False,152.03,152,5773.92
2,2026-02-06,4,False,True,True,False,262.27,262,10101.34
3,2026-02-06,4,False,True,True,False,178.81,179,9304.25
4,2026-02-06,4,False,True,True,False,209.8,210,10655.99
5,2026-02-06,4,False,True,True,False,228.58,229,10601.68
6,2026-02-06,4,False,True,True,False,326.77,327,12464.26
7,2026-02-06,4,False,True,True,False,229.27,229,11082.56
8,2026-02-06,4,False,True,True,False,134.24,134,6244.87
9,2026-02-06,4,False,True,True,False,165.1,165,7577.79
10,2026-02-06,4,False,True,True,False,215.65,216,9813.25
11,2026-02-06,4,False,True,True,False,281.3,281,15248.08
12,2026-02-06,4,False,True,True,False,237.62,238,12704.54
1,2026-02-07,5,True,False,True,False,129.73,130,5839.5
2,2026-02-07,5,True,False,True,False,259.27,259,13373.89
3,2026-02-07,5,True,False,True,False,111.62,112,4186.49
4,2026-02-07,5,True,False,True,False,151.42,151,7256.0
5,2026-02-07,5,True,False,True,False,298.42,298,12224.65
6,2026-02-07,5,True,False,True,False,224.73,225,9230.35
7,2026-02-07,5,True,False,True,False,152.46,152,5675.12
8,2026-02-07,5,True,False,True,False,214.25,214,9212.52
9,2026-02-07,5,True,False,True,False,112.69,113,4424.8
10,2026-02-07,5,True,False,True,False,205.8,206,9919.96
11,2026-02-07,5,True,False,True,False,257.43,257,11677.37
12,2026-02-07,5,True,False,True,False,209.87,210,7382.25
1,2026-02-08,6,True,False,True,False,125.98,126,6502.21
2,2026-02-08,6,True,False,True,False,230.41,230,12017.52
3,2026-02-08,6,True,False,True,False,86.93,87,4425.67
4,2026-02-08,6,True,False,True,False,156.96,157,7359.63
5,2026-02-08,6,True,False,True,False,241.27,241,9803.48
6,2026-02-08,6,True,False,True,False,186.91,187,9714.5
7,2026-02-08,6,True,False,True,False,162.0,162,8042.3
8,2026-02-08,6,True,False,True,False,143.29,143,6971.47
9,2026-02-08,6,True,False,True,False,119.35,119,6358.94
10,2026-02-08,6,True,False,True,False,156.82,157,5852.79
11,2026-02-08,6,True,False,True,False,268.63,269,10016.74
12,2026-02-08,6,True,False,True,False,160.85,161,6189.42
1,2026-02-09,0,False,False,True,False,77.05,77,3946.32
2,2026-02-09,0,False,False,True,False,165.83,166,6272.93
3,2026-02-09,0,False,False,True,False,55.65,56,2900.28
4,2026-02-09,0,False,False,True,False,102.3,102,5523.05
5,2026-02-09,0,False,False,True,False,149.96,150,6094.7
6,2026-02-09,0,False,False,True,False,200.76,201,8993.0
7,2026-02-09,0,False,False,True,False,104.98,105,4295.38
8,2026-02-09,0,False,False,True,False,148.89,149,6210.57
9,2026-02-09,0,False,False,True,False,75.29,75,3375.73
10,2026-02-09,0,False,False,True,False,80.51,81,3965.14
11,2026-02-09,0,False,False,True,False,167.8,168,7884.89
12,2026-02-09,0,False,False,True,False,104.6,105,5489.71
1,2026-02-10,1,False,False,True,False,69.64,70,3181.65
2,2026-02-10,1,False,False,True,False,157.23,157,8327.75
3,2026-02-10,1,False,False,True,False,105.44,105,4217.92
4,2026-02-10,1,False,False,True,False,131.09,131,4855.63
5,2026-02-10,1,False,False,True,False,161.44,161,7169.44
6,2026-02-10,1,False,False,True,False,158.2,158,8506.93
7,2026-02-10,1,False,False,True,False,102.08,102,3935.66
8,2026-02-10,1,False,False,True,False,120.46,120,4264.06
9,2026-02-10,1,False,False,True,False,78.92,79,3578.94
10,2026-02-10,1,False,False,True,False,91.38,91,3831.29
11,2026-02-10,1,False,False,True,False,130.98,131,6726.4
12,2026-02-10,1,False,False,True,False,103.58,104,4464.15
1,2026-02-11,2,False,False,True,False,76.6,77,3302.02
2,2026-02-11,2,False,False,True,False,136.96,137,6397.17
3,2026-02-11,2,False,False,True,False,55.61,56,2668.37
4,2026-02-11,2,False,False,True,False,97.89,98,4742.96
5,2026-02-11,2,False,False,True,False,172.26,172,9344.18
6,2026-02-11,2,False,False,True,False,131.0,131,5890.67
7,2026-02-11,2,False,False,True,False,93.45,93,4904.06
8,2026-02-11,2,False,False,True,False,91.2,91,3790.66
9,2026-02-11,2,False,False,True,False,106.21,106,4830.55
10,2026-02-11,2,False,False,True,False,120.48,120,6516.51
11,2026-02-11,2,False,False,True,False,178.15,178,6914.53
12,2026-02-11,2,False,False,True,False,72.12,72,3636.2
1,2026-02-12,3,False,False,True,False,72.48,72,3431.89
2,2026-02-12,3,False,False,True,False,166.2,166,7968.99
3,2026-02-12,3,False,False,True,False,108.55,109,4242.91
4,2026-02-12,3,False,False,True,False,132.93,133,6999.7
5,2026-02-12,3,False,False,True,False,142.77,143,6546.87
6,2026-02-12,3,False,False,True,False,224.33,224,8561.76
7,2026-02-12,3,False,False,True,False,158.29,158,8125.99
8,2026-02-12,3,False,False,True,False,165.71,166,7964.28
9,2026-02-12,3,False,False,True,False,107.12,107,4975.26
10,2026-02-12,3,False,False,True,False,116.8,117,4943.3
11,2026-02-12,3,False,False,True,False,216.17,216,9889.5
12,2026-02-12,3,False,False,True,False,96.46,96,3660.65
1,2026-02-13,4,False,False,True,False,110.59,111,5752.23
2,2026-02-13,4,False,False,True,False,193.83,194,7927.43
3,2026-02-13,4,False,False,True,False,122.24,122,6214.62
4,2026-02-13,4,False,False,True,False,143.39,143,7762.59
5,2026-02-13,4,False,False,True,False,192.36,192,9663.17
6,2026-02-13,4,False,False,True,False,222.54,223,8078.1
7,2026-02-13,4,False,False,True,False,130.97,131,5431.53
8,2026-02-13,4,False,False,True,False,130.1,130,6094.73
9,2026-02-13,4,False,False,True,False,114.85,115,5560.4
10,2026-02-13,4,False,False,True,False,167.86,168,6887.08
11,2026-02-13,4,False,False,True,False,193.9,194,7267.45
12,2026-02-13,4,False,False,True,False,143.15,143,6907.89
1,2026-02-14,5,True,False,True,False,143.55,144,6944.6
2,2026-02-14,5,True,False,True,False,200.64,201,8083.76
3,2026-02-14,5,True,False,True,False,146.75,147,6435.79
4,2026-02-14,5,True,False,True,False,149.72,150,6721.62
5,2026-02-14,5,True,False,True,False,240.66,241,12816.99
6,2026-02-14,5,True,False,True,False,238.0,238,10284.91
7,2026-02-14,5,True,False,True,False,205.69,206,7462.53
8,2026-02-14,5,True,False,True,False,172.18,172,7348.72
9,2026-02-14,5,True,False,True,False,172.47,172,7699.59
10,2026-02-14,5,True,False,True,False,160.09,160,6425.08
11,2026-02-14,5,True,False,True,False,219.7,220,10218.99
12,2026-02-14,5,True,False,True,False,135.55,136,6828.23
1,2026-02-15,6,True,False,True,False,92.06,92,4240.52
2,2026-02-15,6,True,False,True,False,157.96,158,7044.78
3,2026-02-15,6,True,False,True,False,107.67,108,5277.77
4,2026-02-15,6,True,False,True,False,155.25,155,6851.86
5,2026-02-15,6,True,False,True,False,193.96,194,7497.38
6,2026-02-15,6,True,False,True,False,145.69,146,6120.86
7,2026-02-15,6,True,False,True,False,203.59,204,9202.89
8,2026-02-15,6,True,False,True,False,115.87,116,5383.96
9,2026-02-15,6,True,False,True,False,133.23,133,6496.23
10,2026-02-15,6,True,False,True,False,143.9,144,7702.94
11,2026-02-15,6,True,False,True,False,253.03,253,12160.37
12,2026-02-15,6,True,False,True,False,237.24,237,12146.38
1,2026-02-16,0,False,False,True,False,75.75,76,3258.78
2,2026-02-16,0,False,False,True,False,157.37,157,7675.29
3,2026-02-16,0,False,False,True,False,102.89,103,4718.33
4,2026-02-16,0,False,False,True,False,142.41,142,7031.74
5,2026-02-16,0,False,False,True,False,143.24,143,5698.05
6,2026-02-16,0,False,False,True,False,138.03,138,6902.8
7,2026-02-16,0,False,False,True,False,87.01,87,3839.4
8,2026-02-16,0,False,False,True,False,127.36,127,4466.47
9,2026-02-16,0,False,False,True,False,81.98,82,3026.12
10,2026-02-16,0,False,False,True,False,130.15,130,4629.73
11,2026-02-16,0,False,False,True,False,170.84,171,6700.39
12,2026-02-16,0,False,False,True,False,111.81,112,5055.64
1,2026-02-17,1,False,False,True,False,116.04,116,5813.82
2,2026-02-17,1,False,False,True,False,131.08,131,6630.23
3,2026-02-17,1,False,False,True,False,96.33,96,3416.17
4,2026-02-17,1,False,False,True,False,107.82,108,4477.47
5,2026-02-17,1,False,False,True,False,146.8,147,6969.15
6,2026-02-17,1,False,False,True,False,181.14,181,9864.0
7,2026-02-17,1,False,False,True,False,147.71,148,6034.58
8,2026-02-17,1,False,False,True,False,96.44,96,4232.12
9,2026-02-17,1,False,False,True,False,88.56,89,4676.78
10,2026-02-17,1,False,False,True,False,110.88,111,5304.66
11,2026-02-17,1,False,False,True,False,195.36,195,8971.86
12,2026-02-17,1,False,False,True,False,145.03,145,7727.04
1,2026-02-18,2,False,False,True,False,51.3,51,2731.17
2,2026-02-18,2,False,False,True,False,157.51,158,6231.88
3,2026-02-18,2,False,False,True,False,88.38,88,3235.4
4,2026-02-18,2,False,False,True,False,124.3,124,6632.44
5,2026-02-18,2,False,False,True,False,168.8,169,7472.59
6,2026-02-18,2,False,False,True,False,149.66,150,5598.31
7,2026-02-18,2,False,False,True,False,128.4,128,4713.74
8,2026-02-18,2,False,False,True,False,127.42,127,6438.23
9,2026-02-18,2,False,False,True,False,71.52,72,2699.38
10,2026-02-18,2,False,False,True,False,134.08,134,4894.52
11,2026-02-18,2,False,False,True,False,163.08,163,8332.39
12,2026-02-18,2,False,False,True,False,129.4,129,6963.11
1,2026-02-19,3,False,False,True,False,97.73,98,4057.63
2,2026-02-19,3,False,False,True,False,179.68,180,6350.68
3,2026-02-19,3,False,False,True,False,84.91,85,3316.06
4,2026-02-19,3,False,False,True,False,127.15,127,4511.05
5,2026-02-19,3,False,False,True,False,203.64,204,10624.5
6,2026-02-19,3,False,False,True,False,188.57,189,9013.25
7,2026-02-19,3,False,False,True,False,111.97,112,5783.66
8,2026-02-19,3,False,False,True,False,115.65,116,5973.48
9,2026-02-19,3,False,False,True,False,64.68,65,2822.71
10,2026-02-19,3,False,False,True,False,98.47,98,4008.09
11,2026-02-19,3,False,False,True,False,154.15,154,7240.35
12,2026-02-19,3,False,False,True,False,130.82,131,5396.64
1,2026-02-20,4,False,False,True,False,98.48,98,3997.29
2,2026-02-20,4,False,False,True,False,155.4,155,7188.83
3,2026-02-20,4,False,False,True,False,110.78,111,5806.17
4,2026-02-20,4,False,False,True,False,135.02,135,7093.6
5,2026-02-20,4,False,False,True,False,157.68,158,6086.35
6,2026-02-20,4,False,False,True,False,193.68,194,7048.46
7,2026-02-20,4,False,False,True,False,134.64,135,5651.19
8,2026-02-20,4,False,False,True,False,115.8,116,4470.13
9,2026-02-20,4,False,False,True,False,94.4,94,4012.93
10,2026-02-20,4,False,False,True,False,109.74,110,4387.02
11,2026-02-20,4,False,False,True,False,151.62,152,7118.89
12,2026-02-20,4,False,False,True,False,120.73,121,4751.23
1,2026-02-21,5,True,False,True,False,107.23,107,5276.36
2,2026-02-21,5,True,False,True,False,220.64,221,10637.14
3,2026-02-21,5,True,False,True,False,115.27,115,4103.91
4,2026-02-21,5,True,False,True,False,172.15,172,7702.38
5,2026-02-21,5,True,False,True,False,284.58,285,11546.72
6,2026-02-21,5,True,False,True,False,149.32,149,6369.38
7,2026-02-21,5,True,False,True,False,137.15,137,6065.9
8,2026-02-21,5,True,False,True,False,169.81,170,6943.17
9,2026-02-21,5,True,False,True,False,143.29,143,7534.91
10,2026-02-21,5,True,False,True,False,165.77,166,7528.96
11,2026-02-21,5,True,False,True,False,220.78,221,11104.25
12,2026-02-21,5,True,False,True,False,156.35,156,7676.32
1,2026-02-22,6,True,False,True,False,106.66,107,5502.33
2,2026-02-22,6,True,False,True,False,182.88,183,7306.7
3,2026-02-22,6,True,False,True,False,148.37,148,6020.39
4,2026-02-22,6,True,False,True,False,162.97,163,7301.88
5,2026-02-22,6,True,False,True,False,180.91,181,7171.81
6,2026-02-22,6,True,False,True,False,244.99,245,9532.04
7,2026-02-22,6,True,False,True,False,132.58,133,6817.19
8,2026-02-22,6,True,False,True,False,143.23,143,7343.98
9,2026-02-22,6,True,False,True,False,110.53,111,5012.45
10,2026-02-22,6,True,False,True,False,168.42,168,8125.89
11,2026-02-22,6,True,False,True,False,177.55,178,9784.88
12,2026-02-22,6,True,False,True,False,150.57,151,6848.42
1,2026-02-23,0,False,False,True,False,88.43,88,4551.34
2,2026-02-23,0,False,False,True,False,127.79,128,4603.39
3,2026-02-23,0,False,False,True,False,82.16,82,2970.63
4,2026-02-23,0,False,False,True,False,118.4,118,5394.33
5,2026-02-23,0,False,False,True,False,181.84,182,8472.41
6,2026-02-23,0,False,False,True,False,124.85,125,5261.63
7,2026-02-23,0,False,False,True,False,116.76,117,5615.93
8,2026-02-23,0,False,False,True,False,120.41,120,5632.03
9,2026-02-23,0,False,False,True,False,63.78,64,2920.39
10,2026-02-23,0,False,False,True,False,104.29,104,4547.48
11,2026-02-23,0,False,False,True,False,171.66,172,9234.39
12,2026-02-23,0,False,False,True,False,115.28,115,5316.79
1,2026-02-24,1,False,False,True,False,111.79,112,5920.94
2,2026-02-24,1,False,False,True,False,119.43,119,4281.88
3,2026-02-24,1,False,False,True,False,95.63,96,4949.39
4,2026-02-24,1,False,False,True,False,170.55,171,9098.64
5,2026-02-24,1,False,False,True,False,153.74,154,6707.08
6,2026-02-24,1,False,False,True,False,163.22,163,8368.83
7,2026-02-24,1,False,False,True,False,119.91,120,6348.68
8,2026-02-24,1,False,False,True,False,142.66,143,5237.08
9,2026-02-24,1,False,False,True,False,71.91,72,3178.43
10,2026-02-24,1,False,False,True,False,107.09,107,5162.29
11,2026-02-24,1,False,False,True,False,156.27,156,6072.69
12,2026-02-24,1,False,False,True,False,86.78,87,3849.78
1,2026-02-25,2,False,False,True,False,107.28,107,5438.27
2,2026-02-25,2,False,False,True,False,144.8,145,6397.4
3,2026-02-25,2,False,False,True,False,77.3,77,4094.97
4,2026-02-25,2,False,False,True,False,126.4,126,6115.77
5,2026-02-25,2,False,False,True,False,138.89,139,7102.85
6,2026-02-25,2,False,False,True,False,132.69,133,5180.31
7,2026-02-25,2,False,False,True,False,153.83,154,7229.75
8,2026-02-25,2,False,False,True,False,154.16,154,6088.46
9,2026-02-25,2,False,False,True,False,71.14,71,3274.82
10,2026-02-25,2,False,False,True,False,122.84,123,6498.53
11,2026-02-25,2,False,False,True,False,122.01,122,5960.95
12,2026-02-25,2,False,False,True,False,113.97,114,5608.74
1,2026-02-26,3,False,False,True,False,79.48,79,4206.73
2,2026-02-26,3,False,False,True,False,154.29,154,7745.72
3,2026-02-26,3,False,False,True,False,90.58,91,3351.94
4,2026-02-26,3,False,False,True,False,88.75,89,4665.44
5,2026-02-26,3,False,False,True,False,165.55,166,6409.22
6,2026-02-26,3,False,False,True,False,132.25,132,4955.41
7,2026-02-26,3,False,False,True,False,111.75,112,4514.5
8,2026-02-26,3,False,False,True,False,175.18,175,6834.2
9,2026-02-26,3,False,False,True,False,84.37,84,3932.29
10,2026-02-26,3,False,False,True,False,129.85,130,6960.4
11,2026-02-26,3,False,False,True,False,158.44,158,7839.52
12,2026-02-26,3,False,False,True,False,154.52,155,5712.63
1,2026-02-27,4,False,False,True,False,82.17,82,4070.48
2,2026-02-27,4,False,False,True,False,168.1,168,8401.61
3,2026-02-27,4,False,False,True,False,111.85,112,5299.24
4,2026-02-27,4,False,False,True,False,170.35,170,6108.91
5,2026-02-27,4,False,False,True,False,285.47,285,14264.98
6,2026-02-27,4,False,False,True,False,189.08,189,9838.61
7,2026-02-27,4,False,False,True,False,114.48,114,4808.55
8,2026-02-27,4,False,False,True,False,186.17,186,9780.2
9,2026-02-27,4,False,False,True,False,95.06,95,3632.86
10,2026-02-27,4,False,False,True,False,175.27,175,6862.19
11,2026-02-27,4,False,False,True,False,185.51,186,7047.61
12,2026-02-27,4,False,False,True,False,170.56,171,7680.18
1,2026-02-28,5,True,False,True,False,156.61,157,7569.2
2,2026-02-28,5,True,False,True,False,262.36,262,14008.15
3,2026-02-28,5,True,False,True,False,105.66,106,4243.28
4,2026-02-28,5,True,False,True,False,156.24,156,8401.3
5,2026-02-28,5,True,False,True,False,240.32,240,10046.13
6,2026-02-28,5,True,False,True,False,300.31,300,14538.83
7,2026-02-28,5,True,False,True,False,202.45,202,10043.07
8,2026-02-28,5,True,False,True,False,172.82,173,9332.69
9,2026-02-28,5,True,False,True,False,119.0,119,5953.92
10,2026-02-28,5,True,False,True,False,154.21,154,5794.02
11,2026-02-28,5,True,False,True,False,248.01,248,11500.87
12,2026-02-28,5,True,False,True,False,217.59,218,10815.25
1,2026-03-01,6,True,False,True,False,93.29,93,3564.34
2,2026-03-01,6,True,False,True,False,242.93,243,10634.9
3,2026-03-01,6,True,False,True,False,142.07,142,6597.4
4,2026-03-01,6,True,False,True,False,197.62,198,9057.82
5,2026-03-01,6,True,False,True,False,234.9,235,12485.95
6,2026-03-01,6,True,False,True,False,272.53,273,13232.8
7,2026-03-01,6,True,False,True,False,220.57,221,10380.86
8,2026-03-01,6,True,False,True,False,167.12,167,5929.49
9,2026-03-01,6,True,False,True,False,106.41,106,3818.9
10,2026-03-01,6,True,False,True,False,147.76,148,6327.47
11,2026-03-01,6,True,False,True,False,231.84,232,9765.83
12,2026-03-01,6,True,False,True,False,156.83,157,6388.8
1,2026-03-02,0,False,False,True,False,74.33,74,4056.67
2,2026-03-02,0,False,False,True,False,145.53,146,5435.0
3,2026-03-02,0,False,False,True,False,96.51,97,4158.59
4,2026-03-02,0,False,False,True,False,79.01,79,3990.96
5,2026-03-02,0,False,False,True,False,126.65,127,5628.24
6,2026-03-02,0,False,False,True,False,124.05,124,4652.34
7,2026-03-02,0,False,False,True,False,80.93,81,3593.23
8,2026-03-02,0,False,False,True,False,127.59,128,4522.55
9,2026-03-02,0,False,False,True,False,82.41,82,3899.86
10,2026-03-02,0,False,False,True,False,108.05,108,4913.91
11,2026-03-02,0,False,False,True,False,173.08,173,7034.39
12,2026-03-02,0,False,False,True,False,110.68,111,4504.06
1,2026-03-03,1,False,False,True,False,68.52,69,2525.02
2,2026-03-03,1,False,False,True,False,177.42,177,7309.12
3,2026-03-03,1,False,False,True,False,71.71,72,3383.25
4,2026-03-03,1,False,False,True,False,99.88,100,3743.99
5,2026-03-03,1,False,False,True,False,212.19,212,8436.23
6,2026-03-03,1,False,False,True,False,157.45,157,8258.9
7,2026-03-03,1,False,False,True,False,109.15,109,4440.23
8,2026-03-03,1,False,False,True,False,101.53,102,3814.21
9,2026-03-03,1,False,False,True,False,86.21,86,3443.2
10,2026-03-03,1,False,False,True,False,105.93,106,4327.44
11,2026-03-03,1,False,False,True,False,206.02,206,8645.98
12,2026-03-03,1,False,False,True,False,154.2,154,7566.57
1,2026-03-04,2,False,False,True,False,100.49,100,4793.1
2,2026-03-04,2,False,False,True,False,176.3,176,7369.95
3,2026-03-04,2,False,False,True,False,117.65,118,4349.39
4,2026-03-04,2,False,False,True,False,175.07,175,9191.94
5,2026-03-04,2,False,False,True,False,128.94,129,5952.19
6,2026-03-04,2,False,False,True,False,159.68,160,8764.77
7,2026-03-04,2,False,False,True,False,108.97,109,5342.02
8,2026-03-04,2,False,False,True,False,118.95,119,5504.44
9,2026-03-04,2,False,False,True,False,116.58,117,5238.02
10,2026-03-04,2,False,False,True,False,146.33,146,6656.32
11,2026-03-04,2,False,False,True,False,162.29,162,6542.59
12,2026-03-04,2,False,False,True,False,121.42,121,6489.72
1,2026-03-05,3,False,False,True,False,79.52,80,3231.29
2,2026-03-05,3,False,False,True,False,191.99,192,10535.07
3,2026-03-05,3,False,False,True,False,107.53,108,4305.34
4,2026-03-05,3,False,False,True,False,131.81,132,5167.52
5,2026-03-05,3,False,False,True,False,181.7,182,8157.99
6,2026-03-05,3,False,False,True,False,164.59,165,7397.1
7,2026-03-05,3,False,False,True,False,130.22,130,6592.04
8,2026-03-05,3,False,False,True,False,127.09,127,5754.05
9,2026-03-05,3,False,False,True,False,110.62,111,5505.25
10,2026-03-05,3,False,False,True,False,119.53,120,5379.16
11,2026-03-05,3,False,False,True,False,143.73,144,5194.59
12,2026-03-05,3,False,False,True,False,148.74,149,6426.98
1,2026-03-06,4,False,False,True,False,83.59,84,4508.55
2,2026-03-06,4,False,False,True,False,139.81,140,4991.02
3,2026-03-06,4,False,False,True,False,107.29,107,5137.05
4,2026-03-06,4,False,False,True,False,136.03,136,5093.05
5,2026-03-06,4,False,False,True,False,207.81,208,7429.36
6,2026-03-06,4,False,False,True,False,181.22,181,6479.04
7,2026-03-06,4,False,False,True,False,198.02,198,9287.27
8,2026-03-06,4,False,False,True,False,177.79,178,9687.09
9,2026-03-06,4,False,False,True,False,145.35,145,7888.66
10,2026-03-06,4,False,False,True,False,192.09,192,7353.8
11,2026-03-06,4,False,False,True,False,252.74,253,10599.8
12,2026-03-06,4,False,False,True,False,149.59,150,5672.01
1,2026-03-07,5,True,False,True,False,161.95,162,7198.4
2,2026-03-07,5,True,False,True,False,197.34,197,7162.2
3,2026-03-07,5,True,False,True,False,124.11,124,4544.37
4,2026-03-07,5,True,False,True,False,189.02,189,7601.72
5,2026-03-07,5,True,False,True,False,259.42,259,11732.1
6,2026-03-07,5,True,False,True,False,196.08,196,6914.76
7,2026-03-07,5,True,False,True,False,232.32,232,12586.88
8,2026-03-07,5,True,False,True,False,150.15,150,5514.31
9,2026-03-07,5,True,False,True,False,191.17,191,7582.63
10,2026-03-07,5,True,False,True,False,146.09,146,6952.72
11,2026-03-07,5,True,False,True,False,285.23,285,14443.76
12,2026-03-07,5,True,False,True,False,225.29,225,8407.72
1,2026-03-08,6,True,False,True,False,89.42,89,4182.88
2,2026-03-08,6,True,False,True,False,239.71,240,10760.2
3,2026-03-08,6,True,False,True,False,92.63,93,4729.39
4,2026-03-08,6,True,False,True,False,190.07,190,8473.39
5,2026-03-08,6,True,False,True,False,218.59,219,9206.12
6,2026-03-08,6,True,False,True,False,220.98,221,11966.02
7,2026-03-08,6,True,False,True,False,128.03,128,6360.14
8,2026-03-08,6,True,False,True,False,138.78,139,6485.62
9,2026-03-08,6,True,False,True,False,101.72,102,5514.6
10,2026-03-08,6,True,False,True,False,164.87,165,8287.01
11,2026-03-08,6,True,False,True,False,229.73,230,8159.83
12,2026-03-08,6,True,False,True,False,164.28,164,5988.24
1,2026-03-09,0,False,False,True,False,76.26,76,3935.18
2,2026-03-09,0,False,False,True,False,178.49,178,8940.35
3,2026-03-09,0,False,False,True,False,78.09,78,3295.7
4,2026-03-09,0,False,False,True,False,137.97,138,7037.37
5,2026-03-09,0,False,False,True,False,128.49,128,5541.11
6,2026-03-09,0,False,False,True,False,165.01,165,8153.01
7,2026-03-09,0,False,False,True,False,75.68,76,3505.25
8,2026-03-09,0,False,False,True,False,138.69,139,7580.05
9,2026-03-09,0,False,False,True,False,90.94,91,3919.86
10,2026-03-09,0,False,False,True,False,131.69,132,4876.66
11,2026-03-09,0,False,False,True,False,178.23,178,8982.76
12,2026-03-09,0,False,False,True,False,101.28,101,3897.79
1,2026-03-10,1,False,False,True,False,95.36,95,5031.96
2,2026-03-10,1,False,False,True,False,154.99,155,8011.79
3,2026-03-10,1,False,False,True,False,91.43,91,4858.68
4,2026-03-10,1,False,False,True,False,134.31,134,5258.78
5,2026-03-10,1,False,False,True,False,165.18,165,6554.15
6,2026-03-10,1,False,False,True,False,133.91,134,7280.58
7,2026-03-10,1,False,False,True,False,116.5,116,4718.94
8,2026-03-10,1,False,False,True,False,154.12,154,6165.43
9,2026-03-10,1,False,False,True,False,100.77,101,4877.91
10,2026-03-10,1,False,False,True,False,127.6,128,4778.67
11,2026-03-10,1,False,False,True,False,165.18,165,7733.55
12,2026-03-10,1,False,False,True,False,122.36,122,5698.39
1,2026-03-11,2,False,False,True,False,91.95,92,4794.38
2,2026-03-11,2,False,False,True,False,161.91,162,7468.55
3,2026-03-11,2,False,False,True,False,84.68,85,3643.86
4,2026-03-11,2,False,False,True,False,153.62,154,6118.84
5,2026-03-11,2,False,False,True,False,160.15,160,5956.12
6,2026-03-11,2,False,False,True,False,188.27,188,7633.09
7,2026-03-11,2,False,False,True,False,130.72,131,5666.02
8,2026-03-11,2,False,False,True,False,103.48,103,4843.95
9,2026-03-11,2,False,False,True,False,96.52,97,5074.56
10,2026-03-11,2,False,False,True,False,88.09,88,3761.97
11,2026-03-11,2,False,False,True,False,146.41,146,5638.92
12,2026-03-11,2,False,False,True,False,128.04,128,6890.32
1,2026-03-12,3,False,False,True,False,69.91,70,3758.94
2,2026-03-12,3,False,False,True,False,151.65,152,6969.44
3,2026-03-12,3,False,False,True,False,106.53,107,5324.49
4,2026-03-12,3,False,False,True,False,152.43,152,7781.01
5,2026-03-12,3,False,False,True,False,177.49,177,8700.79
6,2026-03-12,3,False,False,True,False,182.24,182,9955.07
7,2026-03-12,3,False,False,True,False,154.87,155,7415.46
8,2026-03-12,3,False,False,True,False,139.86,140,5553.23
9,2026-03-12,3,False,False,True,False,112.94,113,5249.67
10,2026-03-12,3,False,False,True,False,174.56,175,8042.72
11,2026-03-12,3,False,False,True,False,227.47,227,12111.88
12,2026-03-12,3,False,False,True,False,146.43,146,5691.27
1,2026-03-13,4,False,False,True,False,98.49,98,5042.11
2,2026-03-13,4,False,False,True,False,235.02,235,8850.84
3,2026-03-13,4,False,False,True,False,110.14,110,5171.89
4,2026-03-13,4,False,False,True,False,169.91,170,7554.32
5,2026-03-13,4,False,False,True,False,223.08,223,12193.28
6,2026-03-13,4,False,False,True,False,185.69,186,7915.78
7,2026-03-13,4,False,False,True,False,118.65,119,4313.81
8,2026-03-13,4,False,False,True,False,165.66,166,8331.66
9,2026-03-13,4,False,False,True,False,122.55,123,4681.3
10,2026-03-13,4,False,False,True,False,138.35,138,5572.12
11,2026-03-13,4,False,False,True,False,215.89,216,11455.42
12,2026-03-13,4,False,False,True,False,151.69,152,5702.3
1,2026-03-14,5,True,False,True,False,106.75,107,4158.06
2,2026-03-14,5,True,False,True,False,211.86,212,9299.98
3,2026-03-14,5,True,False,True,False,105.57,106,3921.67
4,2026-03-14,5,True,False,True,False,229.12,229,11654.62
5,2026-03-14,5,True,False,True,False,266.41,266,13323.34
6,2026-03-14,5,True,False,True,False,382.78,383,17048.78
7,2026-03-14,5,True,False,True,False,144.59,145,7339.69
8,2026-03-14,5,True,False,True,False,221.85,222,7842.43
9,2026-03-14,5,True,False,True,False,145.2,145,5127.96
10,2026-03-14,5,True,False,True,False,152.81,153,5463.08
11,2026-03-14,5,True,False,True,False,207.19,207,8581.81
12,2026-03-14,5,True,False,True,False,180.18,180,8289.68
1,2026-03-15,6,True,False,True,False,117.07,117,5377.15
2,2026-03-15,6,True,False,True,False,236.54,237,8562.19
3,2026-03-15,6,True,False,True,False,114.57,115,4740.47
4,2026-03-15,6,True,False,True,False,192.44,192,8133.35
5,2026-03-15,6,True,False,True,False,130.82,131,7033.88
6,2026-03-15,6,True,False,True,False,192.3,192,8992.94
7,2026-03-15,6,True,False,True,False,140.74,141,6399.01
8,2026-03-15,6,True,False,True,False,207.45,207,7447.05
9,2026-03-15,6,True,False,True,False,100.17,100,4056.11
10,2026-03-15,6,True,False,True,False,254.88,255,11358.81
11,2026-03-15,6,True,False,True,False,280.75,281,11691.6
12,2026-03-15,6,True,False,True,False,206.28,206,9499.25
1,2026-03-16,0,False,False,True,False,79.05,79,3449.74
2,2026-03-16,0,False,False,True,False,195.46,195,8909.02
3,2026-03-16,0,False,False,True,False,83.33,83,3899.6
4,2026-03-16,0,False,False,True,False,89.96,90,4078.15
5,2026-03-16,0,False,False,True,False,119.79,120,6150.89
6,2026-03-16,0,False,False,True,False,126.37,126,5812.64
7,2026-03-16,0,False,False,True,False,135.39,135,7069.51
8,2026-03-16,0,False,False,True,False,108.66,109,5561.78
9,2026-03-16,0,False,False,True,False,93.14,93,3673.6
10,2026-03-16,0,False,False,True,False,120.93,121,5381.81
11,2026-03-16,0,False,False,True,False,133.11,133,5898.19
12,2026-03-16,0,False,False,True,False,101.38,101,3681.89
1,2026-03-17,1,False,False,True,False,86.25,86,3429.19
2,2026-03-17,1,False,False,True,False,209.88,210,7994.41
3,2026-03-17,1,False,False,True,False,82.0,82,4373.82
4,2026-03-17,1,False,False,True,False,113.32,113,4931.66
5,2026-03-17,1,False,False,True,False,121.14,121,5663.38
6,2026-03-17,1,False,False,True,False,139.04,139,7268.75
7,2026-03-17,1,False,False,True,False,132.28,132,5434.52
8,2026-03-17,1,False,False,True,False,156.82,157,5714.74
9,2026-03-17,1,False,False,True,False,91.23,91,3826.52
10,2026-03-17,1,False,False,True,False,128.27,128,4878.59
11,2026-03-17,1,False,False,True,False,108.93,109,4773.63
12,2026-03-17,1,False,False,True,False,145.7,146,5390.03
1,2026-03-18,2,False,False,True,False,96.82,97,3921.28
2,2026-03-18,2,False,False,True,False,153.56,154,7177.22
3,2026-03-18,2,False,False,True,False,108.75,109,5113.03
4,2026-03-18,2,False,False,True,False,128.21,128,6552.71
5,2026-03-18,2,False,False,True,False,207.93,208,11213.35
6,2026-03-18,2,False,False,True,False,102.22,102,3620.33
7,2026-03-18,2,False,False,True,False,105.96,106,4667.34
8,2026-03-18,2,False,False,True,False,167.94,168,6379.04
9,2026-03-18,2,False,False,True,False,73.46,73,3992.46
10,2026-03-18,2,False,False,True,False,150.28,150,7854.59
11,2026-03-18,2,False,False,True,False,141.8,142,6996.91
12,2026-03-18,2,False,False,True,False,116.42,116,5810.75
1,2026-03-19,3,False,False,True,False,90.23,90,4465.28
2,2026-03-19,3,False,False,True,False,176.89,177,8324.64
3,2026-03-19,3,False,False,True,False,68.18,68,3638.13
4,2026-03-19,3,False,False,True,False,118.76,119,6014.6
5,2026-03-19,3,False,False,True,False,175.23,175,7489.07
6,2026-03-19,3,False,False,True,False,226.43,226,9255.9
7,2026-03-19,3,False,False,True,False,129.69,130,6534.88
8,2026-03-19,3,False,False,True,False,138.96,139,6133.41
9,2026-03-19,3,False,False,True,False,91.95,92,3598.26
10,2026-03-19,3,False,False,True,False,154.62,155,6131.56
11,2026-03-19,3,False,False,True,False,202.19,202,9674.54
12,2026-03-19,3,False,False,True,False,150.1,150,5745.94
1,2026-03-20,4,False,False,True,False,102.36,102,5266.63
2,2026-03-20,4,False,False,True,False,171.77,172,6768.2
3,2026-03-20,4,False,False,True,False,119.9,120,5060.75
4,2026-03-20,4,False,False,True,False,166.14,166,8544.08
5,2026-03-20,4,False,False,True,False,174.55,175,8921.37
6,2026-03-20,4,False,False,True,False,224.23,224,8075.22
7,2026-03-20,4,False,False,True,False,152.08,152,7052.48
8,2026-03-20,4,False,False,True,False,152.76,153,7203.3
9,2026-03-20,4,False,False,True,False,96.5,96,3630.44
10,2026-03-20,4,False,False,True,False,166.03,166,7739.51
11,2026-03-20,4,False,False,True,False,160.9,161,7673.05
12,2026-03-20,4,False,False,True,False,160.44,160,6198.95
1,2026-03-21,5,True,False,True,False,140.05,140,6483.17
2,2026-03-21,5,True,False,True,False,208.47,208,9828.58
3,2026-03-21,5,True,False,True,False,103.13,103,4422.09
4,2026-03-21,5,True,False,True,False,239.42,239,10388.77
5,2026-03-21,5,True,False,True,False,305.6,306,11749.13
6,2026-03-21,5,True,False,True,False,214.8,215,9839.22
7,2026-03-21,5,True,False,True,False,205.26,205,7734.05
8,2026-03-21,5,True,False,True,False,191.68,192,6734.96
9,2026-03-21,5,True,False,True,False,129.69,130,5975.56
10,2026-03-21,5,True,False,True,False,179.07,179,8226.43
11,2026-03-21,5,True,False,True,False,246.01,246,12775.3
12,2026-03-21,5,True,False,True,False,158.59,159,7472.73
1,2026-03-22,6,True,False,True,False,130.21,130,6872.25
2,2026-03-22,6,True,False,True,False,220.74,221,9618.86
3,2026-03-22,6,True,False,True,False,104.2,104,4945.02
4,2026-03-22,6,True,False,True,False,139.97,140,6702.91
5,2026-03-22,6,True,False,True,False,259.2,259,12284.65
6,2026-03-22,6,True,False,True,False,229.74,230,12070.95
7,2026-03-22,6,True,False,True,False,196.89,197,8043.67
8,2026-03-22,6,True,False,True,False,217.49,217,10270.54
9,2026-03-22,6,True,False,True,False,137.5,138,5003.73
10,2026-03-22,6,True,False,True,False,231.47,231,11154.65
11,2026-03-22,6,True,False,True,False,129.64,130,4550.77
12,2026-03-22,6,True,False,True,False,185.19,185,7126.44
1,2026-03-23,0,False,False,True,False,93.55,94,4895.73
2,2026-03-23,0,False,False,True,False,153.75,154,8219.91
3,2026-03-23,0,False,False,True,False,86.25,86,4050.42
4,2026-03-23,0,False,False,True,False,117.03,117,4462.34
5,2026-03-23,0,False,False,True,False,164.11,164,6036.82
6,2026-03-23,0,False,False,True,False,158.56,159,5912.29
7,2026-03-23,0,False,False,True,False,88.25,88,3387.64
8,2026-03-23,0,False,False,True,False,113.15,113,4836.01
9,2026-03-23,0,False,False,True,False,96.08,96,3652.38
10,2026-03-23,0,False,False,True,False,89.24,89,4837.98
11,2026-03-23,0,False,False,True,False,130.45,130,6981.29
12,2026-03-23,0,False,False,True,False,130.1,130,5925.41
1,2026-03-24,1,False,False,True,False,65.47,65,3095.34
2,2026-03-24,1,False,False,True,False,188.97,189,7450.98
3,2026-03-24,1,False,False,True,False,109.78,110,4778.15
4,2026-03-24,1,False,False,True,False,161.17,161,8195.4
5,2026-03-24,1,False,False,True,False,133.04,133,5296.32
6,2026-03-24,1,False,False,True,False,150.17,150,6922.59
7,2026-03-24,1,False,False,True,False,99.47,99,5376.88
8,2026-03-24,1,False,False,True,False,184.55,185,9412.53
9,2026-03-24,1,False,False,True,False,81.92,82,4372.76
10,2026-03-24,1,False,False,True,False,99.31,99,5261.29
11,2026-03-24,1,False,False,True,False,161.53,162,8580.61
12,2026-03-24,1,False,False,True,False,171.01,171,6920.21
1,2026-03-25,2,False,False,True,False,105.47,105,5279.88
2,2026-03-25,2,False,False,True,False,160.24,160,6529.2
3,2026-03-25,2,False,False,True,False,77.39,77,2815.98
4,2026-03-25,2,False,False,True,False,132.46,132,6562.93
5,2026-03-25,2,False,False,True,False,215.53,216,7568.62
6,2026-03-25,2,False,False,True,False,192.58,193,8266.17
7,2026-03-25,2,False,False,True,False,143.13,143,6880.93
8,2026-03-25,2,False,False,True,False,129.88,130,4711.73
9,2026-03-25,2,False,False,True,False,95.73,96,3556.08
10,2026-03-25,2,False,False,True,False,180.95,181,9627.36
11,2026-03-25,2,False,False,True,False,166.25,166,8938.18
12,2026-03-25,2,False,False,True,False,150.04,150,7016.62
1,2026-03-26,3,False,False,True,False,88.14,88,4453.88
2,2026-03-26,3,False,False,True,False,184.4,184,7654.26
3,2026-03-26,3,False,False,True,False,83.34,83,3968.27
4,2026-03-26,3,False,False,True,False,141.67,142,5463.85
5,2026-03-26,3,False,False,True,False,174.13,174,9051.52
6,2026-03-26,3,False,False,True,False,139.76,140,7677.85
7,2026-03-26,3,False,False,True,False,141.4,141,5695.13
8,2026-03-26,3,False,False,True,False,155.12,155,6232.66
9,2026-03-26,3,False,False,True,False,95.1,95,4345.04
10,2026-03-26,3,False,False,True,False,100.48,100,4424.03
11,2026-03-26,3,False,False,True,False,254.5,255,9395.18
12,2026-03-26,3,False,False,True,False,111.22,111,5574.57
1,2026-03-27,4,False,False,True,False,137.24,137,7392.63
2,2026-03-27,4,False,False,True,False,199.72,200,9040.65
3,2026-03-27,4,False,False,True,False,78.19,78,3851.87
4,2026-03-27,4,False,False,True,False,179.98,180,8997.41
5,2026-03-27,4,False,False,True,False,214.92,215,7928.35
6,2026-03-27,4,False,False,True,False,208.56,209,11473.18
7,2026-03-27,4,False,False,True,False,139.57,140,5364.71
8,2026-03-27,4,False,False,True,False,180.55,181,7917.24
9,2026-03-27,4,False,False,True,False,66.21,66,2909.87
10,2026-03-27,4,False,False,True,False,101.82,102,4149.07
11,2026-03-27,4,False,False,True,False,174.6,175,7895.13
12,2026-03-27,4,False,False,True,False,141.15,141,6999.29
1,2026-03-28,5,True,False,True,False,146.22,146,6368.24
2,2026-03-28,5,True,False,True,False,212.33,212,9478.76
3,2026-03-28,5,True,False,True,False,143.82,144,7296.92
4,2026-03-28,5,True,False,True,False,241.53,242,11586.44
5,2026-03-28,5,True,False,True,False,152.2,152,7514.91
6,2026-03-28,5,True,False,True,False,283.91,284,11628.79
7,2026-03-28,5,True,False,True,False,170.2,170,9027.9
8,2026-03-28,5,True,False,True,False,198.63,199,9639.3
9,2026-03-28,5,True,False,True,False,116.91,117,6137.69
10,2026-03-28,5,True,False,True,False,214.61,215,7748.38
11,2026-03-28,5,True,False,True,False,170.03,170,7479.77
12,2026-03-28,5,True,False,True,False,130.65,131,6254.17
1,2026-03-29,6,True,False,True,False,140.5,141,7141.77
2,2026-03-29,6,True,False,True,False,141.61,142,7301.61
3,2026-03-29,6,True,False,True,False,161.28,161,6626.69
4,2026-03-29,6,True,False,True,False,197.14,197,9354.99
5,2026-03-29,6,True,False,True,False,247.21,247,8931.32
6,2026-03-29,6,True,False,True,False,227.96,228,11094.25
7,2026-03-29,6,True,False,True,False,181.53,182,8421.77
8,2026-03-29,6,True,False,True,False,210.22,210,7615.45
9,2026-03-29,6,True,False,True,False,130.46,130,6236.79
10,2026-03-29,6,True,False,True,False,200.57,201,9579.29
11,2026-03-29,6,True,False,True,False,293.08,293,10760.72
12,2026-03-29,6,True,False,True,False,134.83,135,6632.2
1,2026-03-30,0,False,False,True,False,82.31,82,2953.38
2,2026-03-30,0,False,False,True,False,178.7,179,9217.59
3,2026-03-30,0,False,False,True,False,96.29,96,5059.9
4,2026-03-30,0,False,False,True,False,110.86,111,4066.32
5,2026-03-30,0,False,False,True,False,134.11,134,7321.51
6,2026-03-30,0,False,False,True,False,173.5,174,7182.88
7,2026-03-30,0,False,False,True,False,126.36,126,6505.25
8,2026-03-30,0,False,False,True,False,138.24,138,5862.31
9,2026-03-30,0,False,False,True,False,65.76,66,3012.58
10,2026-03-30,0,False,False,True,False,131.44,131,6904.05
11,2026-03-30,0,False,False,True,False,215.7,216,8338.6
12,2026-03-30,0,False,False,True,False,108.44,108,5193.59
1,2026-03-31,1,False,False,True,False,103.04,103,4394.61
2,2026-03-31,1,False,False,True,False,158.57,159,5974.97
3,2026-03-31,1,False,False,True,False,91.85,92,4860.14
4,2026-03-31,1,False,False,True,False,141.24,141,5428.57
5,2026-03-31,1,False,False,True,False,152.58,153,5671.97
6,2026-03-31,1,False,False,True,False,230.85,231,8555.05
7,2026-03-31,1,False,False,True,False,154.9,155,7116.21
8,2026-03-31,1,False,False,True,False,113.95,114,4780.4
9,2026-03-31,1,False,False,True,False,110.58,111,5140.44
10,2026-03-31,1,False,False,True,False,123.37,123,4520.97
11,2026-03-31,1,False,False,True,False,207.69,208,7321.23
12,2026-03-31,1,False,False,True,False,177.45,177,7545.25
1,2026-04-01,2,False,False,True,False,111.99,112,5049.95
2,2026-04-01,2,False,False,True,False,133.19,133,5472.36
3,2026-04-01,2,False,False,True,False,125.42,125,4469.33
4,2026-04-01,2,False,False,True,False,131.74,132,5824.08
5,2026-04-01,2,False,False,True,False,193.14,193,7330.18
6,2026-04-01,2,False,False,True,False,168.6,169,7359.34
7,2026-04-01,2,False,False,True,False,149.57,150,7629.9
8,2026-04-01,2,False,False,True,False,102.31,102,4211.51
9,2026-04-01,2,False,False,True,False,122.47,122,6337.97
10,2026-04-01,2,False,False,True,False,151.79,152,7557.88
11,2026-04-01,2,False,False,True,False,164.16,164,8866.65
12,2026-04-01,2,False,False,True,False,126.92,127,5999.49
1,2026-04-02,3,False,False,True,False,79.45,79,3882.64
2,2026-04-02,3,False,False,True,False,169.25,169,7320.83
3,2026-04-02,3,False,False,True,False,96.28,96,3476.18
4,2026-04-02,3,False,False,True,False,198.22,198,8579.07
5,2026-04-02,3,False,False,True,False,217.08,217,8227.99
6,2026-04-02,3,False,False,True,False,232.26,232,11472.56
7,2026-04-02,3,False,False,True,False,177.96,178,6367.31
8,2026-04-02,3,False,False,True,False,189.55,190,10445.09
9,2026-04-02,3,False,False,True,False,125.11,125,4680.94
10,2026-04-02,3,False,False,True,False,140.48,140,7275.56
11,2026-04-02,3,False,False,True,False,213.08,213,7905.86
12,2026-04-02,3,False,False,True,False,199.27,199,9325.37
1,2026-04-03,4,False,True,True,False,129.84,130,5995.84
2,2026-04-03,4,False,True,True,False,289.54,290,14535.15
3,2026-04-03,4,False,True,True,False,157.08,157,5540.08
4,2026-04-03,4,False,True,True,False,257.99,258,10613.71
5,2026-04-03,4,False,True,True,False,422.48,422,21111.63
6,2026-04-03,4,False,True,True,False,323.97,324,16585.49
7,2026-04-03,4,False,True,True,False,275.9,276,12814.74
8,2026-04-03,4,False,True,True,False,302.08,302,13967.27
9,2026-04-03,4,False,True,True,False,220.57,221,8204.24
10,2026-04-03,4,False,True,True,False,223.32,223,10268.58
11,2026-04-03,4,False,True,True,False,433.45,433,17456.0
12,2026-04-03,4,False,True,True,False,251.66,252,11972.54
1,2026-04-04,5,True,False,True,False,142.02,142,7658.82
2,2026-04-04,5,True,False,True,False,294.42,294,11387.47
3,2026-04-04,5,True,False,True,False,119.21,119,6449.39
4,2026-04-04,5,True,False,True,False,121.26,121,6137.2
5,2026-04-04,5,True,False,True,False,303.87,304,12752.32
6,2026-04-04,5,True,False,True,False,268.81,269,11099.78
7,2026-04-04,5,True,False,True,False,192.19,192,9486.46
8,2026-04-04,5,True,False,True,False,267.87,268,12768.01
9,2026-04-04,5,True,False,True,False,141.44,141,7638.74
10,2026-04-04,5,True,False,True,False,192.02,192,7765.21
11,2026-04-04,5,True,False,True,False,193.04,193,9760.35
12,2026-04-04,5,True,False,True,False,181.97,182,7314.73
1,2026-04-05,6,True,False,True,False,141.13,141,7124.94
2,2026-04-05,6,True,False,True,False,211.89,212,7845.56
3,2026-04-05,6,True,False,True,False,124.51,125,5003.6
4,2026-04-05,6,True,False,True,False,198.6,199,7236.29
5,2026-04-05,6,True,False,True,False,205.78,206,9432.06
6,2026-04-05,6,True,False,True,False,188.32,188,8449.4
7,2026-04-05,6,True,False,True,False,185.92,186,8303.07
8,2026-04-05,6,True,False,True,False,144.1,144,5662.36
9,2026-04-05,6,True,False,True,False,102.61,103,5595.45
10,2026-04-05,6,True,False,True,False,182.26,182,9223.41
11,2026-04-05,6,True,False,True,False,220.19,220,8923.47
12,2026-04-05,6,True,False,True,False,224.79,225,9373.51
1,2026-04-06,0,False,True,True,False,172.08,172,7647.69
2,2026-04-06,0,False,True,True,False,193.87,194,9292.93
3,2026-04-06,0,False,True,True,False,137.78,138,6348.74
4,2026-04-06,0,False,True,True,False,178.96,179,8102.4
5,2026-04-06,0,False,True,True,False,267.59,268,14457.15
6,2026-04-06,0,False,True,True,False,198.82,199,7132.92
7,2026-04-06,0,False,True,True,False,239.24,239,11701.45
8,2026-04-06,0,False,True,True,False,162.11,162,6643.37
9,2026-04-06,0,False,True,True,False,147.21,147,5442.69
10,2026-04-06,0,False,True,True,False,207.41,207,9328.37
11,2026-04-06,0,False,True,True,False,252.09,252,9007.58
12,2026-04-06,0,False,True,True,False,175.36,175,8970.07
1,2026-04-07,1,False,False,True,False,88.72,89,4826.65
2,2026-04-07,1,False,False,True,False,186.7,187,7105.49
3,2026-04-07,1,False,False,True,False,129.18,129,5108.02
4,2026-04-07,1,False,False,True,False,116.97,117,5454.65
5,2026-04-07,1,False,False,True,False,107.43,107,5711.8
6,2026-04-07,1,False,False,True,False,159.94,160,6967.63
7,2026-04-07,1,False,False,True,False,172.18,172,7649.56
8,2026-04-07,1,False,False,True,False,127.65,128,4631.66
9,2026-04-07,1,False,False,True,False,108.51,109,4680.84
10,2026-04-07,1,False,False,True,False,136.61,137,6809.07
11,2026-04-07,1,False,False,True,False,204.34,204,7775.54
12,2026-04-07,1,False,False,True,False,97.22,97,4752.34
1,2026-04-08,2,False,False,True,False,128.33,128,6132.0
2,2026-04-08,2,False,False,True,False,195.14,195,9694.91
3,2026-04-08,2,False,False,True,False,63.89,64,2771.37
4,2026-04-08,2,False,False,True,False,173.86,174,7628.82
5,2026-04-08,2,False,False,True,False,187.38,187,9840.34
6,2026-04-08,2,False,False,True,False,216.8,217,11822.14
7,2026-04-08,2,False,False,True,False,140.57,141,6381.99
8,2026-04-08,2,False,False,True,False,202.08,202,9032.78
9,2026-04-08,2,False,False,True,False,84.06,84,3812.01
10,2026-04-08,2,False,False,True,False,149.83,150,5603.12
11,2026-04-08,2,False,False,True,False,137.52,138,5408.21
12,2026-04-08,2,False,False,True,False,139.28,139,6566.28
1,2026-04-09,3,False,False,True,False,90.69,91,4789.37
2,2026-04-09,3,False,False,True,False,213.78,214,11330.49
3,2026-04-09,3,False,False,True,False,89.85,90,3187.06
4,2026-04-09,3,False,False,True,False,155.19,155,6073.87
5,2026-04-09,3,False,False,True,False,169.58,170,7752.71
6,2026-04-09,3,False,False,True,False,186.21,186,8992.04
7,2026-04-09,3,False,False,True,False,125.22,125,6400.67
8,2026-04-09,3,False,False,True,False,125.01,125,6332.52
9,2026-04-09,3,False,False,True,False,134.39,134,6552.6
10,2026-04-09,3,False,False,True,False,129.83,130,6148.53
11,2026-04-09,3,False,False,True,False,157.87,158,7119.91
12,2026-04-09,3,False,False,True,False,120.76,121,6572.01
1,2026-04-10,4,False,False,True,False,116.02,116,4767.54
2,2026-04-10,4,False,False,True,False,231.69,232,11521.95
3,2026-04-10,4,False,False,True,False,132.27,132,4950.47
4,2026-04-10,4,False,False,True,False,190.66,191,8676.68
5,2026-04-10,4,False,False,True,False,272.11,272,14294.96
6,2026-04-10,4,False,False,True,False,222.92,223,11144.02
7,2026-04-10,4,False,False,True,False,169.7,170,6430.8
8,2026-04-10,4,False,False,True,False,129.93,130,6081.42
9,2026-04-10,4,False,False,True,False,81.54,82,4406.07
10,2026-04-10,4,False,False,True,False,146.07,146,5975.51
11,2026-04-10,4,False,False,True,False,270.45,270,11216.15
12,2026-04-10,4,False,False,True,False,134.75,135,6847.43
1,2026-04-11,5,True,False,False,True,163.23,163,6676.09
2,2026-04-11,5,True,False,False,True,309.88,310,11601.28
3,2026-04-11,5,True,False,False,True,98.74,99,3951.37
4,2026-04-11,5,True,False,False,True,219.94,220,10469.02
5,2026-04-11,5,True,False,False,True,295.12,295,15586.74
6,2026-04-11,5,True,False,False,True,296.1,296,14968.52
7,2026-04-11,5,True,False,False,True,272.64,273,11494.6
8,2026-04-11,5,True,False,False,True,144.29,144,6807.77
9,2026-04-11,5,True,False,False,True,121.39,121,6085.39
10,2026-04-11,5,True,False,False,True,184.4,184,7343.72
11,2026-04-11,5,True,False,False,True,267.84,268,9722.45
12,2026-04-11,5,True,False,False,True,207.58,208,10546.38
1,2026-04-12,6,True,False,False,True,122.83,123,6318.54
2,2026-04-12,6,True,False,False,True,208.63,209,10119.38
3,2026-04-12,6,True,False,False,True,182.5,182,8719.95
4,2026-04-12,6,True,False,False,True,225.92,226,8252.72
5,2026-04-12,6,True,False,False,True,238.43,238,10407.22
6,2026-04-12,6,True,False,False,True,243.46,243,12282.0
7,2026-04-12,6,True,False,False,True,219.12,219,7751.48
8,2026-04-12,6,True,False,False,True,204.43,204,9865.48
9,2026-04-12,6,True,False,False,True,189.38,189,9728.33
10,2026-04-12,6,True,False,False,True,187.56,188,9747.99
11,2026-04-12,6,True,False,False,True,235.86,236,9390.39
12,2026-04-12,6,True,False,False,True,211.29,211,10374.15
1,2026-04-13,0,False,False,False,True,70.34,70,3419.86
2,2026-04-13,0,False,False,False,True,227.91,228,10396.9
3,2026-04-13,0,False,False,False,True,86.89,87,3665.1
4,2026-04-13,0,False,False,False,True,179.76,180,9740.53
5,2026-04-13,0,False,False,False,True,242.32,242,10087.02
6,2026-04-13,0,False,False,False,True,223.65,224,9019.63
7,2026-04-13,0,False,False,False,True,170.46,170,6200.19
8,2026-04-13,0,False,False,False,True,141.35,141,5683.28
9,2026-04-13,0,False,False,False,True,125.02,125,6705.59
10,2026-04-13,0,False,False,False,True,182.15,182,8653.19
11,2026-04-13,0,False,False,False,True,219.16,219,7665.75
12,2026-04-13,0,False,False,False,True,158.14,158,7993.69
1,2026-04-14,1,False,False,False,True,113.78,114,5434.57
2,2026-04-14,1,False,False,False,True,223.85,224,11075.42
3,2026-04-14,1,False,False,False,True,104.89,105,5452.74
4,2026-04-14,1,False,False,False,True,144.58,145,7692.83
5,2026-04-14,1,False,False,False,True,171.52,172,7483.41
6,2026-04-14,1,False,False,False,True,145.11,145,6371.83
7,2026-04-14,1,False,False,False,True,163.9,164,8574.74
8,2026-04-14,1,False,False,False,True,186.12,186,8010.61
9,2026-04-14,1,False,False,False,True,105.8,106,5645.14
10,2026-04-14,1,False,False,False,True,116.87,117,4197.04
11,2026-04-14,1,False,False,False,True,200.4,200,7279.61
12,2026-04-14,1,False,False,False,True,157.36,157,8592.77
1,2026-04-15,2,False,False,False,True,159.78,160,5710.36
2,2026-04-15,2,False,False,False,True,192.24,192,8805.64
3,2026-04-15,2,False,False,False,True,105.17,105,4375.55
4,2026-04-15,2,False,False,False,True,153.48,153,5465.03
5,2026-04-15,2,False,False,False,True,182.6,183,6716.71
6,2026-04-15,2,False,False,False,True,247.88,248,9455.86
7,2026-04-15,2,False,False,False,True,155.46,155,6873.03
8,2026-04-15,2,False,False,False,True,189.59,190,7652.92
9,2026-04-15,2,False,False,False,True,122.91,123,6752.94
10,2026-04-15,2,False,False,False,True,156.3,156,8197.35
11,2026-04-15,2,False,False,False,True,207.13,207,9146.85
12,2026-04-15,2,False,False,False,True,114.61,115,4455.13
1,2026-04-16,3,False,False,False,True,134.87,135,5473.52
2,2026-04-16,3,False,False,False,True,190.57,191,10181.36
3,2026-04-16,3,False,False,False,True,134.84,135,6132.17
4,2026-04-16,3,False,False,False,True,157.09,157,8344.69
5,2026-04-16,3,False,False,False,True,184.28,184,9498.02
6,2026-04-16,3,False,False,False,True,235.05,235,11041.22
7,2026-04-16,3,False,False,False,True,178.98,179,9438.87
8,2026-04-16,3,False,False,False,True,164.37,164,8330.82
9,2026-04-16,3,False,False,False,True,117.02,117,4741.35
10,2026-04-16,3,False,False,False,True,135.66,136,5354.82
11,2026-04-16,3,False,False,False,True,174.63,175,8856.68
12,2026-04-16,3,False,False,False,True,164.2,164,7939.25
1,2026-04-17,4,False,False,False,True,122.41,122,5934.17
2,2026-04-17,4,False,False,False,True,169.39,169,7660.38
3,2026-04-17,4,False,False,False,True,150.09,150,7307.3
4,2026-04-17,4,False,False,False,True,126.68,127,6176.81
5,2026-04-17,4,False,False,False,True,207.25,207,10037.19
6,2026-04-17,4,False,False,False,True,304.0,304,12133.55
7,2026-04-17,4,False,False,False,True,186.28,186,9132.86
8,2026-04-17,4,False,False,False,True,227.8,228,11136.21
9,2026-04-17,4,False,False,False,True,124.41,124,4944.18
10,2026-04-17,4,False,False,False,True,171.26,171,6836.53
11,2026-04-17,4,False,False,False,True,263.59,264,10823.51
12,2026-04-17,4,False,False,False,True,159.49,159,8621.73
1,2026-04-18,5,True,False,False,True,192.6,193,9592.08
2,2026-04-18,5,True,False,False,True,255.8,256,9764.63
3,2026-04-18,5,True,False,False,True,160.43,160,6347.12
4,2026-04-18,5,True,False,False,True,196.91,197,10714.38
5,2026-04-18,5,True,False,False,True,256.56,257,12954.24
6,2026-04-18,5,True,False,False,True,311.73,312,12892.26
7,2026-04-18,5,True,False,False,True,229.21,229,9937.58
8,2026-04-18,5,True,False,False,True,234.15,234,8803.85
9,2026-04-18,5,True,False,False,True,180.88,181,6503.83
10,2026-04-18,5,True,False,False,True,250.58,251,13323.98
11,2026-04-18,5,True,False,False,True,347.43,347,18983.18
12,2026-04-18,5,True,False,False,True,202.16,202,7426.04
1,2026-04-19,6,True,False,False,True,131.74,132,5334.55
2,2026-04-19,6,True,False,False,True,231.4,231,8118.64
3,2026-04-19,6,True,False,False,True,146.52,147,6686.2
4,2026-04-19,6,True,False,False,True,200.85,201,8979.25
5,2026-04-19,6,True,False,False,True,314.36,314,12537.35
6,2026-04-19,6,True,False,False,True,314.21,314,14168.66
7,2026-04-19,6,True,False,False,True,246.45,246,12246.54
8,2026-04-19,6,True,False,False,True,228.38,228,12328.65
9,2026-04-19,6,True,False,False,True,162.89,163,7301.36
10,2026-04-19,6,True,False,False,True,159.25,159,5731.69
11,2026-04-19,6,True,False,False,True,232.49,232,12528.2
12,2026-04-19,6,True,False,False,True,220.31,220,11619.52
1,2026-04-20,0,False,False,False,True,102.69,103,4895.79
2,2026-04-20,0,False,False,False,True,227.7,228,10789.39
3,2026-04-20,0,False,False,False,True,131.88,132,5949.46
4,2026-04-20,0,False,False,False,True,134.85,135,5668.56
5,2026-04-20,0,False,False,False,True,199.74,200,7109.8
6,2026-04-20,0,False,False,False,True,165.23,165,6262.54
7,2026-04-20,0,False,False,False,True,142.14,142,6163.31
8,2026-04-20,0,False,False,False,True,113.15,113,4350.04
9,2026-04-20,0,False,False,False,True,118.16,118,5806.33
10,2026-04-20,0,False,False,False,True,110.48,110,4006.25
11,2026-04-20,0,False,False,False,True,169.63,170,8962.31
12,2026-04-20,0,False,False,False,True,160.2,160,8172.62
1,2026-04-21,1,False,False,False,True,90.98,91,3845.2
2,2026-04-21,1,False,False,False,True,193.93,194,6837.02
3,2026-04-21,1,False,False,False,True,101.04,101,3892.07
4,2026-04-21,1,False,False,False,True,142.9,143,6133.57
5,2026-04-21,1,False,False,False,True,188.07,188,6999.35
6,2026-04-21,1,False,False,False,True,186.92,187,7050.03
7,2026-04-21,1,False,False,False,True,162.53,163,7106.33
8,2026-04-21,1,False,False,False,True,154.78,155,6726.71
9,2026-04-21,1,False,False,False,True,115.5,116,5738.58
10,2026-04-21,1,False,False,False,True,151.52,152,7093.09
11,2026-04-21,1,False,False,False,True,214.5,215,10013.01
12,2026-04-21,1,False,False,False,True,105.47,105,5432.04
1,2026-04-22,2,False,False,False,True,111.11,111,4931.18
2,2026-04-22,2,False,False,False,True,199.29,199,7184.54
3,2026-04-22,2,False,False,False,True,120.6,121,5655.49
4,2026-04-22,2,False,False,False,True,126.64,127,5981.5
5,2026-04-22,2,False,False,False,True,153.03,153,8350.69
6,2026-04-22,2,False,False,False,True,275.07,275,12068.51
7,2026-04-22,2,False,False,False,True,132.14,132,5092.95
8,2026-04-22,2,False,False,False,True,142.8,143,7756.62
9,2026-04-22,2,False,False,False,True,94.91,95,4714.36
10,2026-04-22,2,False,False,False,True,140.96,141,6012.48
11,2026-04-22,2,False,False,False,True,200.7,201,8022.97
12,2026-04-22,2,False,False,False,True,199.47,199,9561.89
1,2026-04-23,3,False,False,False,True,117.25,117,5063.3
2,2026-04-23,3,False,False,False,True,230.55,231,8973.91
3,2026-04-23,3,False,False,False,True,113.9,114,5388.62
4,2026-04-23,3,False,False,False,True,156.15,156,6154.99
5,2026-04-23,3,False,False,False,True,165.68,166,7531.58
6,2026-04-23,3,False,False,False,True,205.3,205,10883.56
7,2026-04-23,3,False,False,False,True,163.92,164,8333.25
8,2026-04-23,3,False,False,False,True,145.08,145,7438.21
9,2026-04-23,3,False,False,False,True,95.16,95,5003.69
10,2026-04-23,3,False,False,False,True,193.09,193,7809.06
11,2026-04-23,3,False,False,False,True,245.37,245,13151.27
12,2026-04-23,3,False,False,False,True,158.95,159,7786.56
1,2026-04-24,4,False,False,False,True,78.83,79,4192.77
2,2026-04-24,4,False,False,False,True,285.24,285,15469.09
3,2026-04-24,4,False,False,False,True,121.17,121,5307.86
4,2026-04-24,4,False,False,False,True,289.77,290,14408.63
5,2026-04-24,4,False,False,False,True,258.17,258,12595.53
6,2026-04-24,4,False,False,False,True,308.26,308,16591.52
7,2026-04-24,4,False,False,False,True,167.32,167,7178.85
8,2026-04-24,4,False,False,False,True,205.3,205,7843.68
9,2026-04-24,4,False,False,False,True,121.34,121,5185.15
10,2026-04-24,4,False,False,False,True,179.11,179,9274.78
11,2026-04-24,4,False,False,False,True,232.18,232,10088.3
12,2026-04-24,4,False,False,False,True,161.16,161,7139.03
1,2026-04-25,5,True,False,False,True,139.71,140,6306.73
2,2026-04-25,5,True,False,False,True,273.7,274,11956.08
3,2026-04-25,5,True,False,False,True,161.43,161,8145.77
4,2026-04-25,5,True,False,False,True,222.32,222,8143.77
5,2026-04-25,5,True,False,False,True,329.92,330,14269.64
6,2026-04-25,5,True,False,False,True,309.36,309,12888.48
7,2026-04-25,5,True,False,False,True,232.74,233,10630.11
8,2026-04-25,5,True,False,False,True,216.11,216,9977.08
9,2026-04-25,5,True,False,False,True,160.87,161,8448.03
10,2026-04-25,5,True,False,False,True,125.91,126,4605.65
11,2026-04-25,5,True,False,False,True,188.44,188,7093.29
12,2026-04-25,5,True,False,False,True,225.58,226,9520.12
1,2026-04-26,6,True,False,False,True,133.24,133,4719.17
2,2026-04-26,6,True,False,False,True,304.96,305,16595.38
3,2026-04-26,6,True,False,False,True,116.34,116,5930.53
4,2026-04-26,6,True,False,False,True,152.92,153,5602.38
5,2026-04-26,6,True,False,False,True,240.92,241,11948.99
6,2026-04-26,6,True,False,False,True,240.84,241,8777.09
7,2026-04-26,6,True,False,False,True,181.01,181,6347.75
8,2026-04-26,6,True,False,False,True,216.28,216,9346.25
9,2026-04-26,6,True,False,False,True,188.67,189,7885.28
10,2026-04-26,6,True,False,False,True,186.18,186,8301.18
11,2026-04-26,6,True,False,False,True,261.13,261,13437.57
12,2026-04-26,6,True,False,False,True,200.27,200,7460.73
1,2026-04-27,0,False,True,True,False,175.96,176,6490.12
2,2026-04-27,0,False,True,True,False,163.77,164,7404.9
3,2026-04-27,0,False,True,True,False,144.96,145,5525.7
4,2026-04-27,0,False,True,True,False,142.88,143,7534.63
5,2026-04-27,0,False,True,True,False,244.55,245,9166.78
6,2026-04-27,0,False,True,True,False,205.39,205,7811.23
7,2026-04-27,0,False,True,True,False,185.94,186,9702.62
8,2026-04-27,0,False,True,True,False,275.7,276,13018.57
9,2026-04-27,0,False,True,True,False,127.78,128,6075.35
10,2026-04-27,0,False,True,True,False,183.54,184,8091.16
11,2026-04-27,0,False,True,True,False,234.14,234,10813.22
12,2026-04-27,0,False,True,True,False,178.99,179,8786.57
1,2026-04-28,1,False,False,True,False,93.78,94,4190.74
2,2026-04-28,1,False,False,True,False,187.65,188,7525.03
3,2026-04-28,1,False,False,True,False,84.82,85,3435.66
4,2026-04-28,1,False,False,True,False,148.24,148,7843.3
5,2026-04-28,1,False,False,True,False,149.89,150,5956.52
6,2026-04-28,1,False,False,True,False,166.68,167,9066.87
7,2026-04-28,1,False,False,True,False,144.51,145,6350.31
8,2026-04-28,1,False,False,True,False,135.75,136,5779.29
9,2026-04-28,1,False,False,True,False,65.93,66,2869.36
10,2026-04-28,1,False,False,True,False,134.61,135,6568.77
11,2026-04-28,1,False,False,True,False,96.45,96,5203.93
12,2026-04-28,1,False,False,True,False,116.14,116,4891.68
1,2026-04-29,2,False,False,True,False,99.57,100,3772.95
2,2026-04-29,2,False,False,True,False,171.91,172,6867.97
3,2026-04-29,2,False,False,True,False,84.87,85,3363.32
4,2026-04-29,2,False,False,True,False,117.77,118,5371.33
5,2026-04-29,2,False,False,True,False,192.21,192,9676.4
6,2026-04-29,2,False,False,True,False,223.16,223,7820.72
7,2026-04-29,2,False,False,True,False,186.02,186,7943.24
8,2026-04-29,2,False,False,True,False,140.81,141,7530.22
9,2026-04-29,2,False,False,True,False,147.41,147,5310.17
10,2026-04-29,2,False,False,True,False,125.19,125,5919.17
11,2026-04-29,2,False,False,True,False,185.62,186,8692.74
12,2026-04-29,2,False,False,True,False,154.36,154,7160.73
1,2026-04-30,3,False,False,True,False,67.83,68,3393.42
2,2026-04-30,3,False,False,True,False,207.13,207,8521.86
3,2026-04-30,3,False,False,True,False,132.39,132,4722.78
4,2026-04-30,3,False,False,True,False,115.87,116,5088.51
5,2026-04-30,3,False,False,True,False,204.32,204,8289.06
6,2026-04-30,3,False,False,True,False,180.68,181,9160.18
7,2026-04-30,3,False,False,True,False,122.79,123,6250.65
8,2026-04-30,3,False,False,True,False,168.24,168,6429.89
9,2026-04-30,3,False,False,True,False,117.75,118,6258.88
10,2026-04-30,3,False,False,True,False,154.98,155,5915.83
11,2026-04-30,3,False,False,True,False,159.22,159,8269.36
12,2026-04-30,3,False,False,True,False,119.1,119,6503.48
1,2026-05-01,4,False,False,True,False,121.71,122,4557.81
2,2026-05-01,4,False,False,True,False,268.5,269,11980.87
3,2026-05-01,4,False,False,True,False,109.91,110,5843.68
4,2026-05-01,4,False,False,True,False,191.83,192,9968.58
5,2026-05-01,4,False,False,True,False,226.48,226,12111.31
6,2026-05-01,4,False,False,True,False,137.55,138,7443.82
7,2026-05-01,4,False,False,True,False,160.99,161,5916.1
8,2026-05-01,4,False,False,True,False,156.7,157,7369.15
9,2026-05-01,4,False,False,True,False,129.62,130,6412.47
10,2026-05-01,4,False,False,True,False,228.14,228,9766.49
11,2026-05-01,4,False,False,True,False,143.14,143,6319.78
12,2026-05-01,4,False,False,True,False,168.39,168,6106.54
1,2026-05-02,5,True,False,True,False,112.79,113,5290.22
2,2026-05-02,5,True,False,True,False,236.28,236,10724.52
3,2026-05-02,5,True,False,True,False,89.69,90,3480.32
4,2026-05-02,5,True,False,True,False,182.88,183,7775.65
5,2026-05-02,5,True,False,True,False,233.58,234,9078.52
6,2026-05-02,5,True,False,True,False,278.01,278,11574.72
7,2026-05-02,5,True,False,True,False,158.52,159,8266.74
8,2026-05-02,5,True,False,True,False,195.36,195,9748.85
9,2026-05-02,5,True,False,True,False,113.98,114,5685.84
10,2026-05-02,5,True,False,True,False,162.14,162,6089.19
11,2026-05-02,5,True,False,True,False,161.77,162,8470.71
12,2026-05-02,5,True,False,True,False,200.46,200,7935.63
1,2026-05-03,6,True,False,True,False,145.13,145,6825.56
2,2026-05-03,6,True,False,True,False,205.14,205,10735.87
3,2026-05-03,6,True,False,True,False,111.31,111,4515.77
4,2026-05-03,6,True,False,True,False,111.68,112,5218.86
5,2026-05-03,6,True,False,True,False,240.58,241,11564.06
6,2026-05-03,6,True,False,True,False,242.44,242,12941.8
7,2026-05-03,6,True,False,True,False,243.64,244,9450.65
8,2026-05-03,6,True,False,True,False,159.54,160,6192.21
9,2026-05-03,6,True,False,True,False,100.98,101,5009.29
10,2026-05-03,6,True,False,True,False,154.43,154,8453.08
11,2026-05-03,6,True,False,True,False,233.77,234,8654.85
12,2026-05-03,6,True,False,True,False,179.39,179,6694.12
1,2026-05-04,0,False,False,True,False,90.7,91,3942.97
2,2026-05-04,0,False,False,True,False,161.63,162,6435.62
3,2026-05-04,0,False,False,True,False,115.65,116,5540.02
4,2026-05-04,0,False,False,True,False,124.99,125,5603.68
5,2026-05-04,0,False,False,True,False,134.69,135,5839.65
6,2026-05-04,0,False,False,True,False,166.97,167,7528.84
7,2026-05-04,0,False,False,True,False,102.58,103,4085.44
8,2026-05-04,0,False,False,True,False,146.04,146,6928.71
9,2026-05-04,0,False,False,True,False,90.24,90,3316.5
10,2026-05-04,0,False,False,True,False,163.56,164,8940.95
11,2026-05-04,0,False,False,True,False,115.32,115,5588.8
12,2026-05-04,0,False,False,True,False,92.2,92,4688.93
1,2026-05-05,1,False,False,True,False,93.42,93,3764.8
2,2026-05-05,1,False,False,True,False,177.04,177,7930.23
3,2026-05-05,1,False,False,True,False,104.05,104,4610.66
4,2026-05-05,1,False,False,True,False,122.13,122,5938.17
5,2026-05-05,1,False,False,True,False,140.89,141,5476.55
6,2026-05-05,1,False,False,True,False,142.17,142,5843.35
7,2026-05-05,1,False,False,True,False,141.33,141,6947.0
8,2026-05-05,1,False,False,True,False,127.46,127,6982.21
9,2026-05-05,1,False,False,True,False,73.94,74,3077.74
10,2026-05-05,1,False,False,True,False,111.79,112,4040.83
11,2026-05-05,1,False,False,True,False,176.36,176,8195.48
12,2026-05-05,1,False,False,True,False,111.99,112,5347.65
1,2026-05-06,2,False,False,True,False,66.65,67,3047.03
2,2026-05-06,2,False,False,True,False,195.16,195,8558.03
3,2026-05-06,2,False,False,True,False,88.56,89,3939.32
4,2026-05-06,2,False,False,True,False,144.92,145,6340.75
5,2026-05-06,2,False,False,True,False,213.06,213,7863.61
6,2026-05-06,2,False,False,True,False,152.57,153,7266.79
7,2026-05-06,2,False,False,True,False,127.34,127,6614.51
8,2026-05-06,2,False,False,True,False,131.37,131,4879.98
9,2026-05-06,2,False,False,True,False,72.19,72,3294.47
10,2026-05-06,2,False,False,True,False,121.26,121,5834.42
11,2026-05-06,2,False,False,True,False,131.85,132,6939.69
12,2026-05-06,2,False,False,True,False,168.31,168,7068.95
1,2026-05-07,3,False,False,True,False,98.43,98,4781.77
2,2026-05-07,3,False,False,True,False,163.39,163,6773.61
3,2026-05-07,3,False,False,True,False,96.49,96,3904.39
4,2026-05-07,3,False,False,True,False,124.21,124,6447.88
5,2026-05-07,3,False,False,True,False,246.18,246,8757.09
6,2026-05-07,3,False,False,True,False,238.72,239,12326.98
7,2026-05-07,3,False,False,True,False,155.92,156,6920.17
8,2026-05-07,3,False,False,True,False,113.83,114,5178.99
9,2026-05-07,3,False,False,True,False,92.14,92,4382.6
10,2026-05-07,3,False,False,True,False,118.54,119,5785.36
11,2026-05-07,3,False,False,True,False,140.4,140,5883.86
12,2026-05-07,3,False,False,True,False,90.22,90,4164.47
1,2026-05-08,4,False,False,True,False,118.65,119,5519.66
2,2026-05-08,4,False,False,True,False,177.01,177,8821.37
3,2026-05-08,4,False,False,True,False,114.18,114,5960.86
4,2026-05-08,4,False,False,True,False,137.48,137,5775.53
5,2026-05-08,4,False,False,True,False,198.97,199,8518.21
6,2026-05-08,4,False,False,True,False,239.69,240,10112.72
7,2026-05-08,4,False,False,True,False,134.09,134,5657.88
8,2026-05-08,4,False,False,True,False,197.13,197,8625.33
9,2026-05-08,4,False,False,True,False,115.97,116,6003.09
10,2026-05-08,4,False,False,True,False,170.61,171,6091.3
11,2026-05-08,4,False,False,True,False,198.07,198,7815.07
12,2026-05-08,4,False,False,True,False,188.83,189,9643.65
1,2026-05-09,5,True,False,True,False,152.16,152,5919.63
2,2026-05-09,5,True,False,True,False,303.27,303,11995.64
3,2026-05-09,5,True,False,True,False,120.08,120,6518.54
4,2026-05-09,5,True,False,True,False,167.04,167,7773.66
5,2026-05-09,5,True,False,True,False,284.88,285,13563.85
6,2026-05-09,5,True,False,True,False,248.07,248,10525.24
7,2026-05-09,5,True,False,True,False,173.41,173,9424.33
8,2026-05-09,5,True,False,True,False,193.31,193,10536.48
9,2026-05-09,5,True,False,True,False,126.54,127,4820.98
10,2026-05-09,5,True,False,True,False,192.17,192,9401.62
11,2026-05-09,5,True,False,True,False,237.3,237,10938.11
12,2026-05-09,5,True,False,True,False,155.55,156,6743.4
1,2026-05-10,6,True,False,True,False,154.77,155,6195.68
2,2026-05-10,6,True,False,True,False,164.45,164,8520.12
3,2026-05-10,6,True,False,True,False,95.71,96,4752.35
4,2026-05-10,6,True,False,True,False,143.27,143,6686.15
5,2026-05-10,6,True,False,True,False,211.31,211,7887.44
6,2026-05-10,6,True,False,True,False,181.94,182,6870.35
7,2026-05-10,6,True,False,True,False,161.37,161,6909.15
8,2026-05-10,6,True,False,True,False,115.23,115,4242.87
9,2026-05-10,6,True,False,True,False,111.11,111,4950.87
10,2026-05-10,6,True,False,True,False,164.25,164,8911.55
11,2026-05-10,6,True,False,True,False,191.9,192,9329.12
12,2026-05-10,6,True,False,True,False,182.29,182,9045.94
1,2026-05-11,0,False,False,True,False,97.99,98,4718.02
2,2026-05-11,0,False,False,True,False,141.92,142,5071.87
3,2026-05-11,0,False,False,True,False,88.76,89,3981.26
4,2026-05-11,0,False,False,True,False,117.21,117,5844.62
5,2026-05-11,0,False,False,True,False,122.23,122,5047.57
6,2026-05-11,0,False,False,True,False,152.04,152,6040.52
7,2026-05-11,0,False,False,True,False,107.93,108,5123.69
8,2026-05-11,0,False,False,True,False,136.47,136,7314.8
9,2026-05-11,0,False,False,True,False,113.05,113,3999.26
10,2026-05-11,0,False,False,True,False,124.84,125,5243.09
11,2026-05-11,0,False,False,True,False,174.86,175,8018.85
12,2026-05-11,0,False,False,True,False,134.48,134,5537.05
1,2026-05-12,1,False,False,True,False,84.48,84,4455.41
2,2026-05-12,1,False,False,True,False,132.91,133,5520.45
3,2026-05-12,1,False,False,True,False,98.13,98,4839.05
4,2026-05-12,1,False,False,True,False,92.31,92,4167.51
5,2026-05-12,1,False,False,True,False,157.91,158,6271.83
6,2026-05-12,1,False,False,True,False,161.93,162,8375.63
7,2026-05-12,1,False,False,True,False,141.19,141,5367.06
8,2026-05-12,1,False,False,True,False,112.27,112,5503.85
9,2026-05-12,1,False,False,True,False,72.26,72,3506.49
10,2026-05-12,1,False,False,True,False,154.25,154,7216.63
11,2026-05-12,1,False,False,True,False,163.82,164,8106.55
12,2026-05-12,1,False,False,True,False,131.59,132,6699.24
1,2026-05-13,2,False,False,True,False,127.62,128,4857.75
2,2026-05-13,2,False,False,True,False,103.32,103,3724.89
3,2026-05-13,2,False,False,True,False,110.02,110,5601.53
4,2026-05-13,2,False,False,True,False,153.66,154,6720.34
5,2026-05-13,2,False,False,True,False,163.22,163,7678.8
6,2026-05-13,2,False,False,True,False,172.09,172,8154.94
7,2026-05-13,2,False,False,True,False,99.34,99,3527.91
8,2026-05-13,2,False,False,True,False,130.03,130,5852.56
9,2026-05-13,2,False,False,True,False,78.76,79,3119.47
10,2026-05-13,2,False,False,True,False,76.46,76,3813.96
11,2026-05-13,2,False,False,True,False,134.98,135,6731.98
12,2026-05-13,2,False,False,True,False,145.56,146,8015.65
1,2026-05-14,3,False,False,True,False,98.33,98,3586.98
2,2026-05-14,3,False,False,True,False,162.57,163,6104.63
3,2026-05-14,3,False,False,True,False,96.71,97,3990.32
4,2026-05-14,3,False,False,True,False,96.98,97,4798.7
5,2026-05-14,3,False,False,True,False,229.09,229,12500.01
6,2026-05-14,3,False,False,True,False,174.01,174,8171.0
7,2026-05-14,3,False,False,True,False,161.78,162,8777.04
8,2026-05-14,3,False,False,True,False,150.66,151,5834.7
9,2026-05-14,3,False,False,True,False,68.7,69,2819.35
10,2026-05-14,3,False,False,True,False,166.5,167,6336.32
11,2026-05-14,3,False,False,True,False,148.01,148,6809.14
12,2026-05-14,3,False,False,True,False,123.95,124,6090.98
1,2026-05-15,4,False,False,True,False,78.46,78,3916.83
2,2026-05-15,4,False,False,True,False,222.29,222,8704.97
3,2026-05-15,4,False,False,True,False,112.84,113,4852.04
4,2026-05-15,4,False,False,True,False,192.36,192,8032.77
5,2026-05-15,4,False,False,True,False,188.32,188,9542.84
6,2026-05-15,4,False,False,True,False,139.39,139,7291.47
7,2026-05-15,4,False,False,True,False,171.71,172,7612.44
8,2026-05-15,4,False,False,True,False,137.06,137,6473.03
9,2026-05-15,4,False,False,True,False,138.41,138,5587.67
10,2026-05-15,4,False,False,True,False,163.17,163,6665.53
11,2026-05-15,4,False,False,True,False,210.17,210,7949.38
12,2026-05-15,4,False,False,True,False,122.99,123,6132.83
1,2026-05-16,5,True,False,True,False,147.41,147,7018.02
2,2026-05-16,5,True,False,True,False,203.79,204,7599.85
3,2026-05-16,5,True,False,True,False,114.85,115,5349.16
4,2026-05-16,5,True,False,True,False,214.01,214,8520.48
5,2026-05-16,5,True,False,True,False,230.9,231,8736.62
6,2026-05-16,5,True,False,True,False,183.14,183,7905.21
7,2026-05-16,5,True,False,True,False,151.35,151,6758.11
8,2026-05-16,5,True,False,True,False,158.51,159,6211.0
9,2026-05-16,5,True,False,True,False,166.17,166,8068.6
10,2026-05-16,5,True,False,True,False,167.05,167,6399.62
11,2026-05-16,5,True,False,True,False,279.8,280,10066.58
12,2026-05-16,5,True,False,True,False,268.43,268,13830.92
1,2026-05-17,6,True,False,True,False,113.17,113,5314.6
2,2026-05-17,6,True,False,True,False,164.82,165,6190.43
3,2026-05-17,6,True,False,True,False,129.79,130,4746.87
4,2026-05-17,6,True,False,True,False,203.88,204,10800.19
5,2026-05-17,6,True,False,True,False,162.86,163,7412.78
6,2026-05-17,6,True,False,True,False,226.49,226,9731.23
7,2026-05-17,6,True,False,True,False,192.61,193,9820.59
8,2026-05-17,6,True,False,True,False,130.83,131,5148.72
9,2026-05-17,6,True,False,True,False,128.68,129,5181.82
10,2026-05-17,6,True,False,True,False,138.81,139,5306.9
11,2026-05-17,6,True,False,True,False,177.05,177,7548.5
12,2026-05-17,6,True,False,True,False,129.74,130,5514.31
1,2026-05-18,0,False,False,True,False,87.7,88,3411.86
2,2026-05-18,0,False,False,True,False,186.26,186,8467.0
3,2026-05-18,0,False,False,True,False,68.42,68,2520.79
4,2026-05-18,0,False,False,True,False,97.65,98,5306.0
5,2026-05-18,0,False,False,True,False,126.98,127,5195.01
6,2026-05-18,0,False,False,True,False,224.61,225,8609.99
7,2026-05-18,0,False,False,True,False,100.76,101,5478.53
8,2026-05-18,0,False,False,True,False,112.98,113,5412.16
9,2026-05-18,0,False,False,True,False,96.42,96,3829.39
10,2026-05-18,0,False,False,True,False,117.75,118,5316.02
11,2026-05-18,0,False,False,True,False,165.71,166,8850.26
12,2026-05-18,0,False,False,True,False,112.87,113,5047.05
1,2026-05-19,1,False,False,True,False,92.5,92,4937.36
2,2026-05-19,1,False,False,True,False,132.73,133,4873.39
3,2026-05-19,1,False,False,True,False,91.25,91,4010.28
4,2026-05-19,1,False,False,True,False,124.27,124,5548.77
5,2026-05-19,1,False,False,True,False,168.21,168,7823.95
6,2026-05-19,1,False,False,True,False,184.94,185,9423.71
7,2026-05-19,1,False,False,True,False,142.98,143,7092.89
8,2026-05-19,1,False,False,True,False,102.76,103,5516.51
9,2026-05-19,1,False,False,True,False,92.23,92,4356.53
10,2026-05-19,1,False,False,True,False,122.25,122,4601.66
11,2026-05-19,1,False,False,True,False,160.62,161,7690.76
12,2026-05-19,1,False,False,True,False,129.75,130,5918.31
1,2026-05-20,2,False,False,True,False,80.4,80,4276.98
2,2026-05-20,2,False,False,True,False,182.24,182,9601.73
3,2026-05-20,2,False,False,True,False,110.58,111,4914.23
4,2026-05-20,2,False,False,True,False,119.55,120,4827.33
5,2026-05-20,2,False,False,True,False,175.3,175,9583.78
6,2026-05-20,2,False,False,True,False,177.96,178,8993.17
7,2026-05-20,2,False,False,True,False,96.66,97,5284.97
8,2026-05-20,2,False,False,True,False,129.8,130,6076.46
9,2026-05-20,2,False,False,True,False,77.17,77,2863.49
10,2026-05-20,2,False,False,True,False,138.2,138,5992.35
11,2026-05-20,2,False,False,True,False,171.05,171,8394.59
12,2026-05-20,2,False,False,True,False,92.79,93,4738.08
1,2026-05-21,3,False,False,True,False,95.42,95,5198.65
2,2026-05-21,3,False,False,True,False,209.92,210,9125.72
3,2026-05-21,3,False,False,True,False,114.83,115,4062.54
4,2026-05-21,3,False,False,True,False,171.76,172,6519.93
5,2026-05-21,3,False,False,True,False,178.32,178,7708.69
6,2026-05-21,3,False,False,True,False,156.11,156,6912.66
7,2026-05-21,3,False,False,True,False,127.08,127,5015.94
8,2026-05-21,3,False,False,True,False,155.78,156,6542.86
9,2026-05-21,3,False,False,True,False,96.17,96,3626.3
10,2026-05-21,3,False,False,True,False,148.77,149,6522.92
11,2026-05-21,3,False,False,True,False,186.37,186,6587.35
12,2026-05-21,3,False,False,True,False,110.89,111,4928.25
1,2026-05-22,4,False,False,True,False,123.5,124,6141.65
2,2026-05-22,4,False,False,True,False,227.65,228,10264.02
3,2026-05-22,4,False,False,True,False,94.74,95,3867.97
4,2026-05-22,4,False,False,True,False,190.66,191,9147.03
5,2026-05-22,4,False,False,True,False,172.44,172,7009.61
6,2026-05-22,4,False,False,True,False,218.78,219,9981.84
7,2026-05-22,4,False,False,True,False,175.0,175,8630.18
8,2026-05-22,4,False,False,True,False,144.9,145,5863.18
9,2026-05-22,4,False,False,True,False,110.46,110,5905.08
10,2026-05-22,4,False,False,True,False,141.14,141,5793.63
11,2026-05-22,4,False,False,True,False,141.93,142,7266.88
12,2026-05-22,4,False,False,True,False,140.17,140,7648.18
1,2026-05-23,5,True,False,True,False,192.04,192,7689.11
2,2026-05-23,5,True,False,True,False,231.81,232,10913.98
3,2026-05-23,5,True,False,True,False,103.78,104,5607.08
4,2026-05-23,5,True,False,True,False,169.51,170,8544.27
5,2026-05-23,5,True,False,True,False,200.81,201,9940.55
6,2026-05-23,5,True,False,True,False,237.19,237,12061.69
7,2026-05-23,5,True,False,True,False,190.69,191,7569.19
8,2026-05-23,5,True,False,True,False,199.32,199,10169.0
9,2026-05-23,5,True,False,True,False,144.78,145,6775.76
10,2026-05-23,5,True,False,True,False,196.83,197,9777.09
11,2026-05-23,5,True,False,True,False,177.28,177,8123.05
12,2026-05-23,5,True,False,True,False,126.26,126,5190.46
1,2026-05-24,6,True,False,True,False,118.18,118,5950.75
2,2026-05-24,6,True,False,True,False,226.93,227,9987.41
3,2026-05-24,6,True,False,True,False,117.36,117,5087.22
4,2026-05-24,6,True,False,True,False,173.59,174,6324.83
5,2026-05-24,6,True,False,True,False,260.83,261,11572.92
6,2026-05-24,6,True,False,True,False,240.18,240,11241.21
7,2026-05-24,6,True,False,True,False,174.95,175,6770.27
8,2026-05-24,6,True,False,True,False,181.23,181,7306.96
9,2026-05-24,6,True,False,True,False,116.65,117,5254.06
10,2026-05-24,6,True,False,True,False,141.48,141,7085.26
11,2026-05-24,6,True,False,True,False,171.11,171,6396.89
12,2026-05-24,6,True,False,True,False,149.29,149,6604.12
1,2026-05-25,0,False,False,True,False,73.59,74,3442.28
2,2026-05-25,0,False,False,True,False,136.72,137,4902.8
3,2026-05-25,0,False,False,True,False,73.55,74,3547.31
4,2026-05-25,0,False,False,True,False,101.9,102,5051.39
5,2026-05-25,0,False,False,True,False,127.61,128,6980.42
6,2026-05-25,0,False,False,True,False,133.13,133,5663.68
7,2026-05-25,0,False,False,True,False,106.34,106,4029.9
8,2026-05-25,0,False,False,True,False,133.78,134,5829.36
9,2026-05-25,0,False,False,True,False,84.82,85,4623.73
10,2026-05-25,0,False,False,True,False,76.58,77,3278.55
11,2026-05-25,0,False,False,True,False,181.42,181,8687.05
12,2026-05-25,0,False,False,True,False,94.87,95,4404.51
1,2026-05-26,1,False,False,True,False,71.5,71,2664.78
2,2026-05-26,1,False,False,True,False,182.23,182,7510.04
3,2026-05-26,1,False,False,True,False,103.89,104,4340.97
4,2026-05-26,1,False,False,True,False,102.92,103,3697.82
5,2026-05-26,1,False,False,True,False,161.51,162,8723.73
6,2026-05-26,1,False,False,True,False,127.97,128,6996.95
7,2026-05-26,1,False,False,True,False,157.62,158,6011.03
8,2026-05-26,1,False,False,True,False,87.88,88,4819.61
9,2026-05-26,1,False,False,True,False,115.28,115,5958.57
10,2026-05-26,1,False,False,True,False,127.87,128,6850.24
11,2026-05-26,1,False,False,True,False,150.11,150,6278.01
12,2026-05-26,1,False,False,True,False,140.1,140,5676.67
1,2026-05-27,2,False,False,True,False,77.4,77,3882.22
2,2026-05-27,2,False,False,True,False,192.12,192,7449.19
3,2026-05-27,2,False,False,True,False,106.2,106,5031.76
4,2026-05-27,2,False,False,True,False,117.39,117,4292.7
5,2026-05-27,2,False,False,True,False,176.14,176,6829.3
6,2026-05-27,2,False,False,True,False,157.14,157,8490.07
7,2026-05-27,2,False,False,True,False,142.99,143,7319.22
8,2026-05-27,2,False,False,True,False,159.62,160,6484.46
9,2026-05-27,2,False,False,True,False,106.34,106,4647.75
10,2026-05-27,2,False,False,True,False,131.67,132,5035.43
11,2026-05-27,2,False,False,True,False,113.92,114,5028.39
12,2026-05-27,2,False,False,True,False,137.69,138,5467.52
1,2026-05-28,3,False,False,True,False,96.5,97,5126.34
2,2026-05-28,3,False,False,True,False,213.33,213,11652.26
3,2026-05-28,3,False,False,True,False,73.85,74,3828.52
4,2026-05-28,3,False,False,True,False,108.81,109,5446.81
5,2026-05-28,3,False,False,True,False,178.01,178,6424.68
6,2026-05-28,3,False,False,True,False,196.18,196,9392.0
7,2026-05-28,3,False,False,True,False,92.32,92,3365.18
8,2026-05-28,3,False,False,True,False,128.66,129,5207.7
9,2026-05-28,3,False,False,True,False,96.07,96,5199.58
10,2026-05-28,3,False,False,True,False,116.44,116,5125.44
11,2026-05-28,3,False,False,True,False,213.5,213,10946.69
12,2026-05-28,3,False,False,True,False,131.09,131,5563.62
1,2026-05-29,4,False,False,True,False,129.2,129,5244.89
2,2026-05-29,4,False,False,True,False,273.57,274,12107.05
3,2026-05-29,4,False,False,True,False,115.43,115,4503.46
4,2026-05-29,4,False,False,True,False,146.11,146,6265.13
5,2026-05-29,4,False,False,True,False,225.42,225,9640.22
6,2026-05-29,4,False,False,True,False,248.85,249,9185.22
7,2026-05-29,4,False,False,True,False,142.81,143,6196.6
8,2026-05-29,4,False,False,True,False,196.31,196,10650.45
9,2026-05-29,4,False,False,True,False,147.57,148,7344.54
10,2026-05-29,4,False,False,True,False,165.97,166,7883.93
11,2026-05-29,4,False,False,True,False,191.68,192,6980.17
12,2026-05-29,4,False,False,True,False,161.4,161,6185.06
1,2026-05-30,5,True,False,True,False,157.85,158,5954.22
2,2026-05-30,5,True,False,True,False,184.44,184,6924.56
3,2026-05-30,5,True,False,True,False,135.47,135,5923.54
4,2026-05-30,5,True,False,True,False,158.87,159,7415.35
5,2026-05-30,5,True,False,True,False,262.74,263,12605.67
6,2026-05-30,5,True,False,True,False,229.56,230,9391.58
7,2026-05-30,5,True,False,True,False,232.01,232,10459.87
8,2026-05-30,5,True,False,True,False,191.28,191,9021.76
9,2026-05-30,5,True,False,True,False,120.46,120,4434.98
10,2026-05-30,5,True,False,True,False,221.37,221,10824.06
11,2026-05-30,5,True,False,True,False,249.25,249,11992.42
12,2026-05-30,5,True,False,True,False,156.17,156,6786.7
1,2026-05-31,6,True,False,True,False,100.52,101,5359.95
2,2026-05-31,6,True,False,True,False,227.58,228,9328.26
3,2026-05-31,6,True,False,True,False,114.73,115,4615.74
4,2026-05-31,6,True,False,True,False,145.06,145,7733.26
5,2026-05-31,6,True,False,True,False,207.64,208,8353.33
6,2026-05-31,6,True,False,True,False,182.82,183,7699.65
7,2026-05-31,6,True,False,True,False,154.74,155,7360.74
8,2026-05-31,6,True,False,True,False,151.66,152,5477.94
9,2026-05-31,6,True,False,True,False,112.85,113,6100.42
10,2026-05-31,6,True,False,True,False,146.59,147,5225.02
11,2026-05-31,6,True,False,True,False,208.4,208,8789.46
12,2026-05-31,6,True,False,True,False,172.28,172,7760.95
1,2026-06-01,0,False,True,True,False,150.37,150,6716.26
2,2026-06-01,0,False,True,True,False,183.15,183,9622.37
3,2026-06-01,0,False,True,True,False,147.43,147,5858.04
4,2026-06-01,0,False,True,True,False,205.55,206,9547.53
5,2026-06-01,0,False,True,True,False,201.12,201,10721.34
6,2026-06-01,0,False,True,True,False,195.83,196,8349.77
7,2026-06-01,0,False,True,True,False,140.98,141,7525.09
8,2026-06-01,0,False,True,True,False,174.78,175,8126.02
9,2026-06-01,0,False,True,True,False,135.33,135,7191.41
10,2026-06-01,0,False,True,True,False,115.16,115,5724.15
11,2026-06-01,0,False,True,True,False,180.2,180,8476.81
12,2026-06-01,0,False,True,True,False,209.98,210,11199.18
1,2026-06-02,1,False,False,True,False,98.4,98,4381.82
2,2026-06-02,1,False,False,True,False,160.49,160,7486.78
3,2026-06-02,1,False,False,True,False,114.68,115,5349.09
4,2026-06-02,1,False,False,True,False,137.44,137,4965.88
5,2026-06-02,1,False,False,True,False,212.15,212,9471.93
6,2026-06-02,1,False,False,True,False,153.01,153,6119.17
7,2026-06-02,1,False,False,True,False,142.91,143,5617.43
8,2026-06-02,1,False,False,True,False,139.2,139,6722.09
9,2026-06-02,1,False,False,True,False,95.73,96,4410.79
10,2026-06-02,1,False,False,True,False,116.98,117,5519.62
11,2026-06-02,1,False,False,True,False,130.97,131,5892.97
12,2026-06-02,1,False,False,True,False,107.91,108,4343.15
1,2026-06-03,2,False,False,True,False,111.26,111,5351.97
2,2026-06-03,2,False,False,True,False,137.0,137,6703.76
3,2026-06-03,2,False,False,True,False,118.51,119,5982.33
4,2026-06-03,2,False,False,True,False,152.07,152,5806.62
5,2026-06-03,2,False,False,True,False,143.26,143,5373.02
6,2026-06-03,2,False,False,True,False,121.52,122,4924.99
7,2026-06-03,2,False,False,True,False,169.05,169,7209.76
8,2026-06-03,2,False,False,True,False,123.65,124,5760.45
9,2026-06-03,2,False,False,True,False,84.28,84,3403.2
10,2026-06-03,2,False,False,True,False,136.82,137,5117.28
11,2026-06-03,2,False,False,True,False,143.91,144,7891.31
12,2026-06-03,2,False,False,True,False,148.02,148,5513.83
1,2026-06-04,3,False,False,True,False,84.8,85,4286.14
2,2026-06-04,3,False,False,True,False,190.75,191,7646.42
3,2026-06-04,3,False,False,True,False,89.8,90,4019.69
4,2026-06-04,3,False,False,True,False,135.98,136,5488.53
5,2026-06-04,3,False,False,True,False,254.55,255,10309.15
6,2026-06-04,3,False,False,True,False,160.39,160,8392.52
7,2026-06-04,3,False,False,True,False,149.51,150,6904.37
8,2026-06-04,3,False,False,True,False,148.55,149,7209.48
9,2026-06-04,3,False,False,True,False,88.73,89,3258.01
10,2026-06-04,3,False,False,True,False,142.27,142,6159.42
11,2026-06-04,3,False,False,True,False,157.66,158,5669.47
12,2026-06-04,3,False,False,True,False,167.94,168,6372.94
1,2026-06-05,4,False,False,True,False,124.8,125,5967.43
2,2026-06-05,4,False,False,True,False,235.24,235,11056.69
3,2026-06-05,4,False,False,True,False,128.29,128,4641.39
4,2026-06-05,4,False,False,True,False,145.93,146,6099.43
5,2026-06-05,4,False,False,True,False,237.72,238,10489.51
6,2026-06-05,4,False,False,True,False,229.56,230,8582.76
7,2026-06-05,4,False,False,True,False,135.7,136,6276.25
8,2026-06-05,4,False,False,True,False,217.48,217,11105.25
9,2026-06-05,4,False,False,True,False,108.84,109,5709.03
10,2026-06-05,4,False,False,True,False,154.51,155,6251.79
11,2026-06-05,4,False,False,True,False,201.62,202,7094.84
12,2026-06-05,4,False,False,True,False,150.11,150,6378.07
1,2026-06-06,5,True,False,True,False,164.73,165,6401.51
2,2026-06-06,5,True,False,True,False,244.05,244,10803.79
3,2026-06-06,5,True,False,True,False,151.42,151,5474.73
4,2026-06-06,5,True,False,True,False,183.24,183,7766.39
5,2026-06-06,5,True,False,True,False,222.53,223,8253.32
6,2026-06-06,5,True,False,True,False,242.34,242,11059.39
7,2026-06-06,5,True,False,True,False,175.12,175,9114.9
8,2026-06-06,5,True,False,True,False,160.76,161,6180.56
9,2026-06-06,5,True,False,True,False,152.39,152,7061.47
10,2026-06-06,5,True,False,True,False,170.51,171,6188.01
11,2026-06-06,5,True,False,True,False,300.39,300,15381.87
12,2026-06-06,5,True,False,True,False,147.03,147,5190.49
1,2026-06-07,6,True,False,True,False,140.7,141,5538.55
2,2026-06-07,6,True,False,True,False,236.87,237,9267.34
3,2026-06-07,6,True,False,True,False,116.12,116,6042.95
4,2026-06-07,6,True,False,True,False,152.11,152,7775.96
5,2026-06-07,6,True,False,True,False,227.53,228,10322.66
6,2026-06-07,6,True,False,True,False,218.33,218,10788.17
7,2026-06-07,6,True,False,True,False,132.72,133,6839.98
8,2026-06-07,6,True,False,True,False,167.27,167,6260.55
9,2026-06-07,6,True,False,True,False,101.57,102,3880.7
10,2026-06-07,6,True,False,True,False,212.8,213,8662.31
11,2026-06-07,6,True,False,True,False,165.7,166,8361.7
12,2026-06-07,6,True,False,True,False,167.38,167,6209.93
1,2026-06-08,0,False,False,True,False,68.48,68,3452.82
2,2026-06-08,0,False,False,True,False,99.67,100,3652.55
3,2026-06-08,0,False,False,True,False,72.15,72,2835.15
4,2026-06-08,0,False,False,True,False,102.54,103,3951.64
5,2026-06-08,0,False,False,True,False,112.58,113,5904.29
6,2026-06-08,0,False,False,True,False,158.73,159,7513.74
7,2026-06-08,0,False,False,True,False,115.31,115,6135.46
8,2026-06-08,0,False,False,True,False,103.49,103,5650.59
9,2026-06-08,0,False,False,True,False,85.92,86,4473.03
10,2026-06-08,0,False,False,True,False,144.9,145,7499.16
11,2026-06-08,0,False,False,True,False,152.97,153,7217.85
12,2026-06-08,0,False,False,True,False,126.78,127,6177.52
1,2026-06-09,1,False,False,True,False,61.12,61,2780.47
2,2026-06-09,1,False,False,True,False,170.43,170,7312.53
3,2026-06-09,1,False,False,True,False,94.89,95,4858.87
4,2026-06-09,1,False,False,True,False,113.72,114,4543.32
5,2026-06-09,1,False,False,True,False,110.58,111,5098.78
6,2026-06-09,1,False,False,True,False,135.1,135,7299.42
7,2026-06-09,1,False,False,True,False,117.62,118,5246.92
8,2026-06-09,1,False,False,True,False,124.9,125,5165.14
9,2026-06-09,1,False,False,True,False,75.1,75,3654.12
10,2026-06-09,1,False,False,True,False,118.31,118,5759.6
11,2026-06-09,1,False,False,True,False,150.52,151,5736.59
12,2026-06-09,1,False,False,True,False,95.78,96,3653.48
1,2026-06-10,2,False,False,True,False,91.22,91,3715.96
2,2026-06-10,2,False,False,True,False,146.92,147,5803.25
3,2026-06-10,2,False,False,True,False,84.61,85,3638.46
4,2026-06-10,2,False,False,True,False,85.4,85,4418.14
5,2026-06-10,2,False,False,True,False,200.03,200,9223.02
6,2026-06-10,2,False,False,True,False,179.64,180,8923.51
7,2026-06-10,2,False,False,True,False,189.12,189,6976.67
8,2026-06-10,2,False,False,True,False,135.73,136,7255.5
9,2026-06-10,2,False,False,True,False,115.9,116,4607.98
10,2026-06-10,2,False,False,True,False,169.79,170,8516.82
11,2026-06-10,2,False,False,True,False,205.97,206,8606.46
12,2026-06-10,2,False,False,True,False,117.03,117,4291.08
1,2026-06-11,3,False,False,True,False,101.76,102,4206.39
2,2026-06-11,3,False,False,True,False,146.13,146,6627.79
3,2026-06-11,3,False,False,True,False,77.87,78,3643.72
4,2026-06-11,3,False,False,True,False,196.31,196,10014.37
5,2026-06-11,3,False,False,True,False,211.06,211,8680.96
6,2026-06-11,3,False,False,True,False,187.55,188,9991.52
7,2026-06-11,3,False,False,True,False,156.98,157,7003.58
8,2026-06-11,3,False,False,True,False,136.78,137,6676.98
9,2026-06-11,3,False,False,True,False,89.7,90,4064.19
10,2026-06-11,3,False,False,True,False,132.25,132,5664.57
11,2026-06-11,3,False,False,True,False,217.9,218,7898.87
12,2026-06-11,3,False,False,True,False,150.61,151,7738.93
1,2026-06-12,4,False,False,True,False,112.4,112,4007.67
2,2026-06-12,4,False,False,True,False,238.88,239,9964.71
3,2026-06-12,4,False,False,True,False,104.45,104,5099.24
4,2026-06-12,4,False,False,True,False,115.71,116,4098.32
5,2026-06-12,4,False,False,True,False,242.71,243,13175.39
6,2026-06-12,4,False,False,True,False,204.37,204,11093.91
7,2026-06-12,4,False,False,True,False,195.67,196,10765.55
8,2026-06-12,4,False,False,True,False,174.92,175,8559.7
9,2026-06-12,4,False,False,True,False,86.32,86,4290.44
10,2026-06-12,4,False,False,True,False,167.01,167,8886.37
11,2026-06-12,4,False,False,True,False,153.25,153,6278.73
12,2026-06-12,4,False,False,True,False,149.55,150,6256.77
1,2026-06-13,5,True,False,True,False,153.25,153,7677.94
2,2026-06-13,5,True,False,True,False,215.79,216,11277.84
3,2026-06-13,5,True,False,True,False,113.67,114,5919.78
4,2026-06-13,5,True,False,True,False,147.09,147,7601.58
5,2026-06-13,5,True,False,True,False,301.53,302,13255.63
6,2026-06-13,5,True,False,True,False,223.74,224,8539.42
7,2026-06-13,5,True,False,True,False,172.5,173,8348.63
8,2026-06-13,5,True,False,True,False,163.85,164,8125.04
9,2026-06-13,5,True,False,True,False,102.66,103,4369.54
10,2026-06-13,5,True,False,True,False,205.7,206,8967.58
11,2026-06-13,5,True,False,True,False,244.5,245,9065.1
12,2026-06-13,5,True,False,True,False,183.61,184,8231.89
1,2026-06-14,6,True,False,True,False,69.0,69,3057.03
2,2026-06-14,6,True,False,True,False,192.46,192,7826.99
3,2026-06-14,6,True,False,True,False,129.74,130,5939.94
4,2026-06-14,6,True,False,True,False,131.71,132,5025.37
5,2026-06-14,6,True,False,True,False,213.14,213,9474.74
6,2026-06-14,6,True,False,True,False,190.44,190,8646.51
7,2026-06-14,6,True,False,True,False,144.17,144,6652.25
8,2026-06-14,6,True,False,True,False,169.48,169,7296.55
9,2026-06-14,6,True,False,True,False,94.51,95,5167.22
10,2026-06-14,6,True,False,True,False,153.53,154,6892.66
11,2026-06-14,6,True,False,True,False,197.49,197,10537.62
12,2026-06-14,6,True,False,True,False,170.14,170,7745.86
1,2026-06-15,0,False,False,True,False,116.27,116,5924.53
2,2026-06-15,0,False,False,True,False,120.58,121,4993.01
3,2026-06-15,0,False,False,True,False,73.56,74,2677.8
4,2026-06-15,0,False,False,True,False,105.99,106,3729.21
5,2026-06-15,0,False,False,True,False,118.14,118,4291.78
6,2026-06-15,0,False,False,True,False,138.91,139,6168.46
7,2026-06-15,0,False,False,True,False,70.88,71,2976.01
8,2026-06-15,0,False,False,True,False,109.15,109,5065.31
9,2026-06-15,0,False,False,True,False,91.13,91,4115.96
10,2026-06-15,0,False,False,True,False,106.68,107,5699.66
11,2026-06-15,0,False,False,True,False,95.97,96,3586.62
12,2026-06-15,0,False,False,True,False,114.7,115,4614.51
1,2026-06-16,1,False,False,True,False,99.56,100,3775.89
2,2026-06-16,1,False,False,True,False,152.31,152,7874.87
3,2026-06-16,1,False,False,True,False,65.13,65,3034.55
4,2026-06-16,1,False,False,True,False,107.17,107,4373.56
5,2026-06-16,1,False,False,True,False,195.7,196,9947.13
6,2026-06-16,1,False,False,True,False,175.51,176,8124.09
7,2026-06-16,1,False,False,True,False,133.16,133,7271.53
8,2026-06-16,1,False,False,True,False,113.16,113,5545.5
9,2026-06-16,1,False,False,True,False,84.28,84,3273.94
10,2026-06-16,1,False,False,True,False,149.37,149,7454.04
11,2026-06-16,1,False,False,True,False,101.7,102,3801.61
12,2026-06-16,1,False,False,True,False,81.5,82,3659.8
1,2026-06-17,2,False,False,True,False,92.92,93,4341.48
2,2026-06-17,2,False,False,True,False,125.75,126,6111.01
3,2026-06-17,2,False,False,True,False,121.26,121,6098.42
4,2026-06-17,2,False,False,True,False,128.52,129,6320.03
5,2026-06-17,2,False,False,True,False,132.57,133,7276.78
6,2026-06-17,2,False,False,True,False,152.13,152,7478.88
7,2026-06-17,2,False,False,True,False,130.9,131,6568.33
8,2026-06-17,2,False,False,True,False,139.69,140,6335.37
9,2026-06-17,2,False,False,True,False,73.04,73,3151.45
10,2026-06-17,2,False,False,True,False,140.27,140,7651.32
11,2026-06-17,2,False,False,True,False,203.92,204,10719.62
12,2026-06-17,2,False,False,True,False,131.89,132,5737.51
1,2026-06-18,3,False,False,True,False,81.57,82,3014.93
2,2026-06-18,3,False,False,True,False,160.43,160,7229.14
3,2026-06-18,3,False,False,True,False,76.08,76,3922.91
4,2026-06-18,3,False,False,True,False,198.18,198,9095.66
5,2026-06-18,3,False,False,True,False,183.91,184,7700.11
6,2026-06-18,3,False,False,True,False,229.97,230,10702.96
7,2026-06-18,3,False,False,True,False,158.81,159,7697.64
8,2026-06-18,3,False,False,True,False,151.01,151,5692.98
9,2026-06-18,3,False,False,True,False,118.52,119,5647.43
10,2026-06-18,3,False,False,True,False,123.0,123,4439.71
11,2026-06-18,3,False,False,True,False,190.18,190,8570.34
12,2026-06-18,3,False,False,True,False,164.27,164,6344.54
1,2026-06-19,4,False,False,True,False,113.48,113,6068.78
2,2026-06-19,4,False,False,True,False,208.83,209,8726.1
3,2026-06-19,4,False,False,True,False,110.87,111,5953.23
4,2026-06-19,4,False,False,True,False,210.62,211,8464.2
5,2026-06-19,4,False,False,True,False,199.62,200,9913.3
6,2026-06-19,4,False,False,True,False,173.98,174,7217.78
7,2026-06-19,4,False,False,True,False,175.93,176,8863.45
8,2026-06-19,4,False,False,True,False,167.47,167,6222.32
9,2026-06-19,4,False,False,True,False,106.96,107,4665.75
10,2026-06-19,4,False,False,True,False,179.37,179,6604.7
11,2026-06-19,4,False,False,True,False,213.84,214,8297.47
12,2026-06-19,4,False,False,True,False,171.76,172,7024.91
1,2026-06-20,5,True,False,True,False,178.7,179,6737.45
2,2026-06-20,5,True,False,True,False,232.42,232,10324.57
3,2026-06-20,5,True,False,True,False,188.03,188,8689.42
4,2026-06-20,5,True,False,True,False,197.55,198,8239.03
5,2026-06-20,5,True,False,True,False,275.31,275,15005.91
6,2026-06-20,5,True,False,True,False,300.3,300,15677.07
7,2026-06-20,5,True,False,True,False,196.85,197,10265.93
8,2026-06-20,5,True,False,True,False,149.1,149,5799.85
9,2026-06-20,5,True,False,True,False,145.49,145,7850.71
10,2026-06-20,5,True,False,True,False,189.48,189,8239.13
11,2026-06-20,5,True,False,True,False,303.7,304,12199.95
12,2026-06-20,5,True,False,True,False,203.98,204,8116.2
1,2026-06-21,6,True,False,True,False,132.15,132,5947.04
2,2026-06-21,6,True,False,True,False,217.48,217,7799.32
3,2026-06-21,6,True,False,True,False,162.07,162,5819.75
4,2026-06-21,6,True,False,True,False,172.87,173,8940.78
5,2026-06-21,6,True,False,True,False,228.03,228,11099.97
6,2026-06-21,6,True,False,True,False,219.64,220,10998.27
7,2026-06-21,6,True,False,True,False,136.8,137,7063.86
8,2026-06-21,6,True,False,True,False,166.85,167,8157.1
9,2026-06-21,6,True,False,True,False,119.46,119,5155.91
10,2026-06-21,6,True,False,True,False,162.49,162,6631.98
11,2026-06-21,6,True,False,True,False,244.28,244,9171.22
12,2026-06-21,6,True,False,True,False,169.29,169,6196.53
1,2026-06-22,0,False,False,True,False,99.69,100,4472.84
2,2026-06-22,0,False,False,True,False,142.8,143,7121.36
3,2026-06-22,0,False,False,True,False,64.98,65,3389.18
4,2026-06-22,0,False,False,True,False,131.71,132,4872.07
5,2026-06-22,0,False,False,True,False,147.06,147,7520.82
6,2026-06-22,0,False,False,True,False,150.15,150,6352.61
7,2026-06-22,0,False,False,True,False,134.08,134,6057.28
8,2026-06-22,0,False,False,True,False,93.32,93,4055.09
9,2026-06-22,0,False,False,True,False,74.0,74,3650.6
10,2026-06-22,0,False,False,True,False,140.19,140,5710.84
11,2026-06-22,0,False,False,True,False,114.58,115,4103.83
12,2026-06-22,0,False,False,True,False,98.35,98,4475.45
1,2026-06-23,1,False,False,True,False,79.6,80,3647.23
2,2026-06-23,1,False,False,True,False,172.13,172,8650.51
3,2026-06-23,1,False,False,True,False,103.04,103,5110.9
4,2026-06-23,1,False,False,True,False,108.8,109,4871.71
5,2026-06-23,1,False,False,True,False,176.47,176,6399.67
6,2026-06-23,1,False,False,True,False,200.96,201,9413.67
7,2026-06-23,1,False,False,True,False,152.67,153,5810.32
8,2026-06-23,1,False,False,True,False,114.3,114,5749.76
9,2026-06-23,1,False,False,True,False,96.26,96,4291.05
10,2026-06-23,1,False,False,True,False,128.15,128,6240.01
11,2026-06-23,1,False,False,True,False,183.81,184,7044.77
12,2026-06-23,1,False,False,True,False,118.7,119,5962.75
1,2026-06-24,2,False,False,True,False,86.57,87,4125.17
2,2026-06-24,2,False,False,True,False,182.24,182,9167.33
3,2026-06-24,2,False,False,True,False,106.0,106,5178.32
4,2026-06-24,2,False,False,True,False,108.41,108,5473.3
5,2026-06-24,2,False,False,True,False,168.54,169,5917.4
6,2026-06-24,2,False,False,True,False,199.64,200,8335.42
7,2026-06-24,2,False,False,True,False,141.61,142,5955.03
8,2026-06-24,2,False,False,True,False,145.65,146,6814.45
9,2026-06-24,2,False,False,True,False,115.18,115,4625.02
10,2026-06-24,2,False,False,True,False,85.93,86,4013.61
11,2026-06-24,2,False,False,True,False,146.27,146,7156.8
12,2026-06-24,2,False,False,True,False,110.23,110,5947.09
1,2026-06-25,3,False,False,True,False,71.41,71,2960.03
2,2026-06-25,3,False,False,True,False,188.88,189,7890.64
3,2026-06-25,3,False,False,True,False,89.73,90,4312.76
4,2026-06-25,3,False,False,True,False,154.77,155,5961.99
5,2026-06-25,3,False,False,True,False,165.06,165,6616.25
6,2026-06-25,3,False,False,True,False,178.88,179,9019.67
7,2026-06-25,3,False,False,True,False,113.33,113,5159.52
8,2026-06-25,3,False,False,True,False,124.45,124,5787.45
9,2026-06-25,3,False,False,True,False,122.3,122,5587.2
10,2026-06-25,3,False,False,True,False,139.95,140,7563.91
11,2026-06-25,3,False,False,True,False,203.39,203,7143.25
12,2026-06-25,3,False,False,True,False,119.93,120,4692.72
1,2026-06-26,4,False,False,True,False,145.94,146,6399.27
2,2026-06-26,4,False,False,True,False,147.56,148,7599.83
3,2026-06-26,4,False,False,True,False,119.02,119,5368.72
4,2026-06-26,4,False,False,True,False,183.55,184,7550.23
5,2026-06-26,4,False,False,True,False,197.45,197,7224.29
6,2026-06-26,4,False,False,True,False,194.53,195,10623.84
7,2026-06-26,4,False,False,True,False,146.95,147,7183.91
8,2026-06-26,4,False,False,True,False,157.57,158,5715.26
9,2026-06-26,4,False,False,True,False,100.63,101,4725.51
10,2026-06-26,4,False,False,True,False,147.89,148,7638.36
11,2026-06-26,4,False,False,True,False,178.02,178,6956.83
12,2026-06-26,4,False,False,True,False,180.07,180,7799.94
1,2026-06-27,5,True,False,True,False,118.31,118,4595.06
2,2026-06-27,5,True,False,True,False,222.03,222,12132.61
3,2026-06-27,5,True,False,True,False,156.63,157,7482.0
4,2026-06-27,5,True,False,True,False,194.14,194,8755.9
5,2026-06-27,5,True,False,True,False,210.76,211,10165.03
6,2026-06-27,5,True,False,True,False,270.41,270,12015.57
7,2026-06-27,5,True,False,True,False,161.05,161,8132.52
8,2026-06-27,5,True,False,True,False,170.75,171,8306.88
9,2026-06-27,5,True,False,True,False,119.71,120,4234.34
10,2026-06-27,5,True,False,True,False,197.09,197,10444.03
11,2026-06-27,5,True,False,True,False,245.06,245,13269.85
12,2026-06-27,5,True,False,True,False,186.79,187,6936.04
1,2026-06-28,6,True,False,True,False,87.29,87,4182.29
2,2026-06-28,6,True,False,True,False,268.72,269,11839.13
3,2026-06-28,6,True,False,True,False,139.22,139,5871.5
4,2026-06-28,6,True,False,True,False,181.26,181,8230.92
5,2026-06-28,6,True,False,True,False,201.99,202,7575.77
6,2026-06-28,6,True,False,True,False,262.75,263,11677.82
7,2026-06-28,6,True,False,True,False,123.62,124,6767.46
8,2026-06-28,6,True,False,True,False,224.97,225,10124.35
9,2026-06-28,6,True,False,True,False,110.39,110,4121.31
10,2026-06-28,6,True,False,True,False,166.67,167,8087.45
11,2026-06-28,6,True,False,True,False,264.35,264,13727.58
12,2026-06-28,6,True,False,True,False,205.77,206,7842.62
1,2026-06-29,0,False,False,True,False,99.84,100,4668.79
2,2026-06-29,0,False,False,True,False,141.84,142,6549.64
3,2026-06-29,0,False,False,True,False,48.38,48,1937.81
4,2026-06-29,0,False,False,True,False,120.8,121,5096.76
5,2026-06-29,0,False,False,True,False,122.75,123,5660.69
6,2026-06-29,0,False,False,True,False,147.08,147,5819.05
7,2026-06-29,0,False,False,True,False,106.0,106,4600.48
8,2026-06-29,0,False,False,True,False,104.15,104,4854.78
9,2026-06-29,0,False,False,True,False,75.02,75,2754.27
10,2026-06-29,0,False,False,True,False,131.28,131,6359.79
11,2026-06-29,0,False,False,True,False,161.42,161,7657.19
12,2026-06-29,0,False,False,True,False,110.77,111,5479.31
1,2026-06-30,1,False,False,True,False,77.31,77,3788.49
2,2026-06-30,1,False,False,True,False,162.16,162,6191.36
3,2026-06-30,1,False,False,True,False,83.76,84,3434.0
4,2026-06-30,1,False,False,True,False,139.42,139,5368.21
5,2026-06-30,1,False,False,True,False,165.29,165,7009.21
6,2026-06-30,1,False,False,True,False,157.72,158,7772.05
7,2026-06-30,1,False,False,True,False,126.24,126,6612.91
8,2026-06-30,1,False,False,True,False,120.53,121,4267.32
9,2026-06-30,1,False,False,True,False,84.32,84,3589.2
10,2026-06-30,1,False,False,True,False,124.35,124,5522.57
11,2026-06-30,1,False,False,True,False,171.17,171,7452.71
12,2026-06-30,1,False,False,True,False,127.46,127,6231.59
